tree
version=v4
num_class=1
num_tree_per_iteration=1
label_index=0
max_feature_idx=15
objective=binary sigmoid:1
feature_names=urllength hasipaddress dotcount httpsflag urlentropy tokencount subdomaincount queryparamcount tldlength pathlength hyphenindomain numberofdigits tldpopularity suspiciousfileextension domainnamelength percentagenumericchars
feature_infos=[12:25515] none [1:67] [0:1] [1.4381568803269418:6.0057128476554205] [3:95] [0:7] [0:13] [0:13] [0:778] [0:1] [0:3413] [0:1] [0:1] [1:62] [0:64.601769911504419]
tree_sizes=3413 3405 3424 3400 3411 3409 3395 3417 3424 3427 3409 3420 3417 3429 3421 3432 3392 3447 3429 3418 3422 3402 3422 3413 3424 3427 3414 3416 3421 3439 3428 3431 3425 3429 3427 3449 3439 3426 3430 3419 3424 3426 3441 3438 3428 3417 3427 3467 3431 3419 3424 3431 3428 3451 3427 3430 3459 3412 3444 3429 3436 3430 3450 3437 3418 3428 3428 3451 3442 3440 3423 3422 3438 3434 3422 3422 3452 3437 3438 3434 3439 3442 3457 3444 3432 3428 3422 3435 3428 3433 3426 3447 3443 3442 3427 3436 3428 3417 3418 3418 3452 3442 3432 3425 3430 3455 3435 3429 3415 3438 3474 3418 3431 3432 3422 3448 3448 3454 3434 3455 3427 3426 3443 3436 3426 3447 3433 3457 3438 3443 3465 3450 3462 3453 3439 3444 3428 3441 3435 3430 3410 3419 3425 3429 3395 3430 3420 3459 3424 3451 3434 3450 3449 3437 3418 3439 3477 3446 3432 3439 3416 3440 3471 3427 3439 3440 3429 3420 3434 3436 3450 3426 3440 3449 3440 3449 3402 3437 3414 3447 3432 3439 3455 3414 3416 3434 3442 3436 3435 3444 3414 3424 3429 3411 3430 3417 3429 3412 3410 3417

Tree=0
num_leaves=31
num_cat=0
split_feature=9 0 5 11 4 6 9 8 6 14 14 0 6 0 14 0 8 8 8 8 14 9 10 11 11 15 4 14 11 14
split_gain=29745.7 2935.11 1943.43 308.24 293.549 284.294 218.973 161.229 88.3948 589.02 57.6203 61.5058 54.6811 50.7257 33.3898 93.0519 36.0117 31.501 31.2935 27.4483 23.2606 22.7817 22.7455 35.3543 20.27 28.1577 26.3115 26.4789 17.9198 17.4866
threshold=1.0000000180025095e-35 32.500000000000007 3.5000000000000004 4.5000000000000009 3.8441697217888646 1.0000000180025095e-35 1.5000000000000002 2.5000000000000004 1.0000000180025095e-35 4.5000000000000009 3.5000000000000004 28.500000000000004 1.0000000180025095e-35 26.500000000000004 11.500000000000002 36.500000000000007 2.5000000000000004 3.5000000000000004 3.5000000000000004 2.5000000000000004 11.500000000000002 2.5000000000000004 1.0000000180025095e-35 1.0000000180025095e-35 2.5000000000000004 14.650406504065041 3.6843722670327392 12.500000000000002 1.0000000180025095e-35 3.5000000000000004
decision_type=2 2 2 2 2 2 2 2 2 2 2 2 2 2 2 2 2 2 2 2 2 2 2 2 2 2 2 2 2 2
left_child=1 3 13 8 6 -3 7 -4 24 -10 -9 17 -5 -2 -6 16 -16 28 -11 -15 -13 22 23 -18 -1 26 -26 -28 -12 -7
right_child=2 5 4 12 14 29 -8 10 9 18 11 20 -14 19 15 -17 21 -19 -20 -21 -22 -23 -24 -25 25 -27 27 -29 -30 -31
leaf_value=-0.10465590876233467 -0.068742557011461564 -0.075720584788737097 -0.05537141120195585 -0.069717954659977766 0.090568462283181911 0.0023368278914345378 0.081662221717300726 0.089610657972397534 -0.10431796899898756 0.073802377407963846 -0.024128933000234581 0.093247067559104321 0.09118518583468295 -0.090539038579860537 -0.025064286599947624 0.089138254310076104 -0.03381336152935651 0.07506501962557037 -0.01786544759026986 0.004761100949239064 0.014000783169550661 0.084796256547743462 0.058871633184766688 0.072838646409219263 0.063246688468773252 -0.10269449468908141 -0.10675545970976917 -0.0045319457723449579 0.058763873202401985 0.092578162785629831
leaf_weight=4310.4455317258835 201.24745696783066 28.999633550643921 63.249200761318207 6.7499147057533291 3863.9511737823486 5.499930500984191 228.74710947275162 41.249478757381439 389.74507504701614 53.999317646026611 64.749181807041168 30.749611437320709 24.24969357252121 9.2498831152915937 17.74977570772171 413.74477177858353 21.249731481075287 10.999861001968382 11.249857842922209 41.249478757381439 13.249832570552824 35.49955141544342 47.999393463134766 12.249845206737517 4.9999368190765408 49.2493776679039 14.499816775321962 11.249857842922209 7.2499083876609793 224.24716633558273
leaf_count=17242 805 116 253 27 15456 22 915 165 1559 216 259 123 97 37 71 1655 85 44 45 165 53 142 192 49 20 197 58 45 29 897
internal_value=-0.0072586 -0.0923061 0.0779673 -0.101014 0.0849662 0.0717975 0.0469673 0.0126845 -0.102019 -0.0810408 0.0382687 0.0215926 0.0561498 -0.0574996 0.0889297 0.0773854 0.0412984 -0.00374211 0.0579976 -0.0126949 0.0693831 0.0513662 0.0368046 0.00518625 -0.104193 -0.0792551 -0.041714 -0.0620947 -0.0157821 0.0904179
internal_weight=10259.6 5135.19 5124.44 4876.44 4872.69 258.747 460.244 231.497 4845.44 454.994 168.248 126.998 30.9996 251.747 4412.44 548.493 134.748 82.999 65.2492 50.4994 43.9994 116.999 81.499 33.4996 4390.44 79.999 30.7496 25.7497 71.9991 229.747
internal_count=41039 20541 20498 19506 19491 1035 1841 926 19382 1820 673 508 124 1007 17650 2194 539 332 261 202 176 468 326 134 17562 320 123 103 288 919
is_linear=0
shrinkage=1


Tree=1
num_leaves=31
num_cat=0
split_feature=9 0 5 4 2 9 2 14 8 14 0 0 14 0 9 8 8 8 4 15 14 10 15 0 15 15 9 14 15 14
split_gain=26908.9 2656.37 1757.84 266.109 257.136 198.101 158.538 769.302 145.657 52.1791 55.625 45.8714 30.3288 84.39 32.7666 32.0837 28.4684 24.8209 23.1747 37.6315 21.095 20.5499 32.7103 16.4423 19.7571 16.1831 15.9369 15.8567 14.2616 32.0105
threshold=1.0000000180025095e-35 32.500000000000007 3.5000000000000004 3.8441697217888646 1.5000000000000002 1.5000000000000002 1.5000000000000002 4.5000000000000009 2.5000000000000004 3.5000000000000004 28.500000000000004 26.500000000000004 11.500000000000002 36.500000000000007 2.5000000000000004 2.5000000000000004 3.5000000000000004 2.5000000000000004 3.8868634103185031 4.5115332428765269 11.500000000000002 1.0000000180025095e-35 12.058579144162861 19.500000000000004 13.62291554599247 3.4785238959467635 4.5000000000000009 3.5000000000000004 10.681686167123063 12.500000000000002
decision_type=2 2 2 2 2 2 2 2 2 2 2 2 2 2 2 2 2 2 2 2 2 2 2 2 2 2 2 2 2 2
left_child=1 6 11 5 -3 8 28 -8 -4 -10 16 23 -5 14 15 -14 25 -13 19 -9 -12 22 -17 -2 -25 -11 -7 -6 -1 -30
right_child=2 4 3 12 27 26 7 18 9 10 20 17 13 -15 -16 21 -18 -19 -20 -21 -22 -23 -24 24 -26 -27 -28 -29 29 -31
leaf_value=-0.092919821325305463 -0.080693096090465308 -0.0652747742267345 -0.045883891481484945 0.09298652210900353 0.0089740811176870234 0.059094492387427561 -0.092369453588919598 0.067670176701013482 0.092070688694901689 -0.016170484972735304 0.095548420359147734 -0.079422462468546354 -0.042149698752478926 0.091619025829379169 0.084015758864376511 -0.017116678033226779 0.07817671404259699 0.011277163017710159 0.090879206977672919 -0.056521231652278639 0.020055670496811132 0.062736600641651305 0.096487540452890944 -0.054146941909010052 0.023463474160775794 0.062633932786019197 0.091349062358144786 0.094908566161352015 -0.084964334271482089 -0.0058849019346634288
leaf_weight=4261.5702223777771 59.429762035608292 28.958470225334167 63.201544269919395 3856.0871586799622 5.499992460012435 48.66881400346756 389.44001965224743 25.717849239706993 41.167299449443817 64.740575343370438 30.683253362774849 9.2310696393251401 13.247918978333471 412.92921856045723 39.935554027557373 24.988957196474075 10.984518766403196 41.249766424298286 54.91277988255024 7.9962262064218512 13.249350816011427 47.958432197570801 8.4887358844280225 132.84299749135971 8.7396708875894529 7.2437448650598517 179.70023632049561 223.77018843591213 109.21879330277443 14.495287477970122
leaf_count=17093 238 116 253 15456 22 195 1562 103 165 259 123 37 53 1655 160 100 44 165 220 32 53 192 34 532 35 29 720 897 438 58
internal_value=-0.000142583 -0.0811558 0.0809786 0.0876442 0.0751149 0.0514423 -0.0894533 -0.0621117 0.0188238 0.0431568 0.027289 -0.0479199 0.0914229 0.0804112 0.0460327 0.0300123 0.00320062 -0.00530843 0.0708454 0.0382147 0.072781 0.0417515 0.0116893 -0.058621 -0.0493562 -0.00824044 0.0844751 0.0928471 -0.092434 -0.0756988
internal_weight=10236.3 5121.58 5114.77 4863.28 258.229 459.639 4863.35 478.067 231.27 168.069 126.901 251.493 4403.64 547.549 134.62 94.684 82.9688 50.4808 88.6269 33.7141 43.9326 81.4361 33.4777 201.012 141.583 71.9843 228.369 229.27 4385.28 123.714
internal_count=41039 20541 20498 19491 1035 1841 19506 1917 926 673 508 1007 17650 2194 539 379 332 202 355 135 176 326 134 805 567 288 915 919 17589 496
is_linear=0
shrinkage=0.05


Tree=2
num_leaves=31
num_cat=0
split_feature=9 3 4 0 9 0 2 11 4 9 2 10 8 8 10 2 0 2 8 8 0 0 8 9 0 10 4 11 15 4
split_gain=24448 2688.78 910.474 760.644 504.901 202.579 104.079 103.828 69.0002 145.832 115.922 66.5107 63.8416 59.458 55.9186 34.7786 26.7814 26.7754 256.302 33.2196 22.8266 16.2767 15.6325 14.6368 14.5687 14.1969 12.5126 12.4197 18.0629 29.0591
threshold=1.0000000180025095e-35 1.0000000180025095e-35 3.8441697217888646 34.500000000000007 1.5000000000000002 24.500000000000004 1.5000000000000002 5.5000000000000009 4.0558167694895912 3.5000000000000004 1.5000000000000002 1.0000000180025095e-35 2.5000000000000004 2.5000000000000004 1.0000000180025095e-35 1.5000000000000002 26.500000000000004 1.5000000000000002 2.5000000000000004 3.5000000000000004 19.500000000000004 31.500000000000004 2.5000000000000004 4.5000000000000009 32.500000000000007 1.0000000180025095e-35 3.8556271184800082 2.5000000000000004 14.650406504065041 3.6843722670327392
decision_type=2 2 2 2 2 2 2 2 2 2 2 2 2 2 2 2 2 2 2 2 2 2 2 2 2 2 2 2 2 2
left_child=1 -1 4 7 5 14 -5 17 9 10 11 16 24 -7 20 25 -4 27 -19 -20 -2 -17 -22 -6 -12 -15 -14 -3 29 -29
right_child=2 3 8 6 23 13 -8 -9 -10 -11 12 -13 26 15 -16 21 -18 18 19 -21 22 -23 -24 -25 -26 -27 -28 28 -30 -31
leaf_value=0.093871140124510546 -0.076789227140999242 -0.089896390326676942 -0.044499971380732029 -0.072487623254549063 0.056328769401899959 -0.033588531502691497 0.086957176789477647 0.050998288383413963 0.089441328522822341 0.088827977856595783 -0.0018579500342176859 0.060763606408652984 0.029921747393486537 -0.021927048402477039 0.035277324327310317 0.043590239108610776 0.01678870150823043 -0.088665934520431144 0.071813084035280569 -0.035748083950743768 -0.065374523439367213 0.087265491808042009 -0.029458155939000877 0.087298760901969405 0.05282832849656989 0.044639260041986192 0.07754923413526621 0.07109422352159768 -0.087792402155188215 -0.061358240368625472
leaf_weight=218.68323227763176 63.657632187008858 4260.876789867878 41.588684305548668 11.940557956695555 48.509330302476883 32.649599000811577 71.649246007204056 13.405012518167494 3108.3696777820587 832.51823531091213 35.237075462937355 42.033702522516251 14.38861897587776 25.199216723442078 20.191380307078362 78.618029743432999 31.193400457501411 389.75516018271446 29.566876292228699 9.4798909872770292 44.11688095331192 29.275885999202728 96.704174354672432 178.65971088409424 18.611321717500687 11.742243200540541 331.60360831022263 4.9994105100631741 52.05726183950901 24.116074025630951
leaf_count=882 256 17210 167 48 195 131 289 54 12537 3358 142 169 58 101 81 316 125 1574 119 38 177 118 388 720 75 47 1337 20 210 97
internal_value=-0.000136973 -0.0776421 0.0773935 -0.0853472 0.0210975 -0.0125624 0.064181 -0.0879597 0.085345 0.0758936 0.0549706 0.0106877 0.0676867 0.0273641 -0.0441036 0.0411044 -0.0182325 -0.0883502 -0.0764306 0.0456991 -0.0519422 0.0554411 -0.0407102 0.0806855 0.017043 -0.000768226 0.0755686 -0.0895273 -0.0701531 -0.0386149
internal_weight=10171.4 5086.53 5084.87 4867.85 629.324 402.155 83.5898 4784.26 4455.54 1347.17 514.656 114.816 399.841 177.485 224.67 144.835 72.7821 4770.85 428.802 39.0468 204.479 107.894 140.821 227.169 53.8484 36.9415 345.992 4342.05 81.1727 29.1155
internal_count=41039 20541 20498 19659 2530 1615 337 19322 17968 5431 2073 461 1612 713 902 582 292 19268 1731 157 821 434 565 915 217 148 1395 17537 327 117
is_linear=0
shrinkage=0.05


Tree=3
num_leaves=31
num_cat=0
split_feature=9 3 5 0 4 9 8 11 2 0 0 4 9 8 2 8 8 8 4 9 0 15 0 11 15 4 0 8 0 0
split_gain=22293.1 2453.25 1472.58 694.354 224.397 164.043 120.058 94.9406 94.8619 36.8806 29.7695 25.696 51.3727 65.9699 24.7234 234.128 30.1871 22.375 18.71 13.6235 13.5894 19.9937 12.4838 11.6244 16.6955 26.323 15.8784 10.9905 10.6593 9.70902
threshold=1.0000000180025095e-35 1.0000000180025095e-35 3.5000000000000004 34.500000000000007 3.8441697217888646 1.5000000000000002 2.5000000000000004 5.5000000000000009 1.5000000000000002 26.500000000000004 28.500000000000004 4.0484281352293268 3.5000000000000004 2.5000000000000004 1.5000000000000002 2.5000000000000004 3.5000000000000004 2.5000000000000004 3.6843722670327392 4.5000000000000009 21.500000000000004 13.62291554599247 37.500000000000007 2.5000000000000004 14.650406504065041 3.6843722670327392 24.500000000000004 2.5000000000000004 28.500000000000004 24.500000000000004
decision_type=2 2 2 2 2 2 2 2 2 2 2 2 2 2 2 2 2 2 2 2 2 2 2 2 2 2 2 2 2 2
left_child=1 -1 9 7 5 6 28 14 -5 20 18 12 13 22 23 -16 -17 -11 29 27 -2 -22 -6 -3 25 -25 -27 -7 -4 -8
right_child=2 3 4 8 11 19 10 -9 -10 17 -12 -13 -14 -15 15 16 -18 -19 -20 -21 21 -23 -24 24 -26 26 -28 -29 -30 -31
leaf_value=0.089950639941773922 -0.065751785407248783 -0.0863549527354074 -0.04871030343480999 -0.069316688417981498 0.0060678491816993892 0.016653969622814759 -0.025056409668850484 0.048604472648957314 0.083427782812289838 -0.076420980837406144 0.07050012679714622 0.086330259671969667 0.085211784202275154 0.071550559756858298 -0.085132321389600016 0.068653282698535725 -0.033986280974652699 0.0098594638028575571 0.039074139087513254 0.083737957543191008 -0.045324082791744325 0.055234823642579312 0.08135787088282434 0.067572841917877421 -0.084255333597104215 -0.089325096758289979 -0.0048060167632684309 0.069105105842416553 0.017924340125547205 0.02736089826926319
leaf_weight=216.84768794476986 107.93938912451267 4214.959539026022 56.184890106320381 11.864306688308714 51.592607140541077 14.112513944506643 22.207998424768448 13.362988933920859 70.963089421391487 9.1889577358961088 52.802360162138939 3094.5495872199535 810.69862568378448 370.82641015946865 385.7345537096262 29.385735079646111 9.472906678915022 41.22565720975399 77.350369229912758 176.98485374450684 86.455244868993759 5.2427721768617621 6.1634288877248755 4.9969536066055324 51.543072193861008 15.268993526697161 8.7365203350782377 34.167139023542404 6.7194091379642478 14.669656887650488
leaf_count=882 436 17210 226 48 208 57 89 54 289 37 214 12608 3303 1506 1574 119 38 165 311 720 348 21 25 20 210 62 35 138 27 59
internal_value=-0.000132425 -0.0745626 0.0742099 -0.0819696 0.0803862 0.0469905 0.0172812 -0.0844809 0.0615485 -0.0440784 0.0394533 0.0838938 0.07781 0.0638088 -0.0848577 -0.0733479 0.0436319 -0.00586668 0.0251017 0.0773158 -0.0537281 -0.0395747 0.0141024 -0.0859954 -0.0671795 -0.0368325 -0.0585654 0.0537732 -0.0415924 -0.00420519
internal_weight=10072.2 5033.14 5039.08 4816.29 4789.03 455.199 229.935 4733.46 82.8274 250.052 167.03 4333.83 1239.28 428.582 4720.1 424.593 38.8586 50.4146 114.228 225.265 199.637 91.698 57.756 4295.51 80.5455 29.0025 24.0055 48.2797 62.9043 36.8777
internal_count=41039 20541 20498 19659 19491 1841 926 19322 337 1007 673 17650 5042 1739 19268 1731 157 202 459 915 805 369 233 17537 327 117 97 195 253 148
is_linear=0
shrinkage=0.05


Tree=4
num_leaves=31
num_cat=0
split_feature=9 3 5 0 4 9 8 11 6 0 0 4 9 8 6 8 8 8 4 9 0 15 0 11 15 4 0 8 5 0
split_gain=20395.8 2246.19 1348.83 636.057 209.229 150.986 108.798 87.1665 86.7377 33.6333 27.3951 24.3272 48.4663 60.8317 22.9724 214.671 27.4959 20.3443 16.934 12.8165 12.7953 16.3162 11.4331 10.921 15.4726 23.9276 14.6589 10.0875 9.79178 9.68537
threshold=1.0000000180025095e-35 1.0000000180025095e-35 3.5000000000000004 34.500000000000007 3.8441697217888646 1.5000000000000002 2.5000000000000004 5.5000000000000009 1.0000000180025095e-35 26.500000000000004 28.500000000000004 4.0484281352293268 3.5000000000000004 2.5000000000000004 1.0000000180025095e-35 2.5000000000000004 3.5000000000000004 2.5000000000000004 3.6843722670327392 4.5000000000000009 19.500000000000004 13.62291554599247 37.500000000000007 2.5000000000000004 14.650406504065041 3.6843722670327392 24.500000000000004 2.5000000000000004 4.5000000000000009 26.500000000000004
decision_type=2 2 2 2 2 2 2 2 2 2 2 2 2 2 2 2 2 2 2 2 2 2 2 2 2 2 2 2 2 2
left_child=1 -1 9 7 5 6 29 14 -5 20 18 12 13 22 23 -16 -17 -11 -8 27 -2 -22 -6 -3 25 -25 -27 -7 -15 -4
right_child=2 3 4 8 11 19 10 -9 -10 17 -12 -13 -14 28 15 16 -18 -19 -20 -21 21 -23 -24 24 -26 26 -28 -29 -30 -31
leaf_value=0.086520227290001805 -0.071041149829276992 -0.083234549033142771 -0.050878239618594223 -0.066430878211241773 0.0057671757054036862 0.015848958576815512 -0.003997984055623691 0.04637248724590242 0.080296510057438042 -0.073156469086816084 0.067582751417414724 0.083153125480430301 0.082060190274258288 0.063082028859624203 -0.082009222464996812 0.065774391009098376 -0.032329632263722673 0.0093682974702705077 0.037201863381883096 0.080581399687887925 -0.047555686621452056 0.023041925981421914 0.07818243354271763 0.06437881624260311 -0.081123252342208074 -0.08596815572189849 -0.0045665885617902748 0.066188150354022562 0.080609752838184043 -0.0052262997879836369
leaf_weight=214.23745369911194 58.251874774694443 4155.7990026772022 47.275500118732452 11.763235330581663 51.568910360336304 14.0884802788496 36.846916884183884 13.30725786089897 70.066179096698761 9.1207217276096326 52.339159369468689 3053.1754952222109 800.00831246376038 250.30901616811752 380.53245827555656 29.14434240758419 9.460702568292616 41.217910259962082 77.185144484043121 174.77674126625061 131.51476316154003 8.7273715138435346 6.0947759449481955 4.9829423427581814 50.873106151819229 15.076713860034944 8.7348867207765561 33.895999699831009 116.88931784033775 15.403694733977316
leaf_count=882 238 17210 191 48 208 57 148 54 289 37 214 12608 3303 1026 1574 119 38 165 311 720 532 35 25 20 210 62 35 138 480 62
internal_value=-0.000128432 -0.071847 0.0713782 -0.0789901 0.0773474 0.044988 0.0164835 -0.0814127 0.059204 -0.0420868 0.0376348 0.080765 0.0748121 0.0611642 -0.081778 -0.0706119 0.0417326 -0.00558414 0.0238891 0.0742973 -0.0513439 -0.0431623 0.0134211 -0.082883 -0.0645457 -0.035257 -0.0561074 0.0514083 0.0686616 -0.0396591
internal_weight=9942.67 4963.98 4978.69 4749.74 4729.86 451.812 229.05 4667.91 81.8294 248.833 166.371 4278.05 1224.87 424.862 4654.6 419.138 38.605 50.3386 114.032 222.761 198.494 140.242 57.6637 4235.47 79.6676 28.7945 23.8116 47.9845 367.198 62.6792
internal_count=41039 20541 20498 19659 19491 1841 926 19322 337 1007 673 17650 5042 1739 19268 1731 157 202 459 915 805 567 233 17537 327 117 97 195 1506 253
is_linear=0
shrinkage=0.05


Tree=5
num_leaves=31
num_cat=0
split_feature=9 3 5 0 4 9 11 2 0 14 0 14 0 2 14 0 4 14 2 14 15 0 2 10 0 0 0 15 5 4
split_gain=18810.3 2048.18 1181.98 582.029 173.1 111.528 83.3623 74.5239 57.3504 62.9904 31.1988 28.9126 81.1059 29.2278 31.0673 38.9552 23.7306 36.4784 21.9339 193.897 22.0124 20.1057 20.1079 14.5304 13.368 11.6536 10.7082 12.8147 10.316 9.95419
threshold=1.0000000180025095e-35 1.0000000180025095e-35 3.5000000000000004 34.500000000000007 3.8441697217888646 1.5000000000000002 5.5000000000000009 1.5000000000000002 26.500000000000004 8.5000000000000018 26.500000000000004 11.500000000000002 36.500000000000007 1.5000000000000002 14.500000000000002 31.500000000000004 3.6843722670327392 7.5000000000000009 1.5000000000000002 4.5000000000000009 8.5825892857142865 32.500000000000007 1.5000000000000002 1.0000000180025095e-35 28.500000000000004 31.500000000000004 19.500000000000004 13.62291554599247 4.5000000000000009 3.9324779285615175
decision_type=2 2 2 2 2 2 2 2 2 2 2 2 2 2 2 2 2 2 2 2 2 2 2 2 2 2 2 2 2 2
left_child=1 -1 10 6 5 8 18 -5 16 -10 26 29 13 24 15 -15 -4 -18 -3 -20 -21 22 -11 -19 -13 -12 -2 -28 -16 -6
right_child=2 3 4 7 11 -7 -8 -9 9 21 25 12 -14 14 28 -17 17 23 19 20 -22 -23 -24 -25 -26 -27 27 -29 -30 -31
leaf_value=0.083244982291339545 -0.065838127041282529 -0.080141064765234846 -0.024125514090434241 -0.059491485935148747 0.071628853110204491 0.070409267550004428 0.043241544358776231 0.077379279553028479 0.077973705248771563 0.043507031664949666 -0.017326429651308227 0.017698487739875299 0.078387444150033861 -0.022181723413497421 -0.069717588170509978 0.069050719861897897 0.043185575701744222 -0.079273522975108701 -0.079401123465960163 0.056641501127255328 -0.027069787328219713 0.060815152462105039 -0.064247987906863202 0.0051970473095192173 0.073575924115619432 0.037063120663946583 -0.043721080422706608 0.019760142465977584 -0.0012190326781230587 0.080463863397645399
leaf_weight=210.02280102670193 55.407228261232376 4175.8946894556284 61.170640394091606 11.641425132751463 352.65221320092678 218.59033568203449 13.977577388286589 68.256283417344093 63.473930150270462 5.9526861757040068 40.988466933369637 14.376781538128851 384.78195303678513 19.254996538162231 11.913988724350931 29.822757542133331 46.87453418970108 10.163948342204094 374.64701119065285 30.469204589724541 10.579919457435606 7.3358358591794959 15.876589328050613 10.200257480144501 41.895522698760033 12.963214755058287 126.85793328285217 8.4813440740108472 10.204350903630255 3322.1584856212139
leaf_count=878 229 17586 247 48 1473 910 57 286 261 24 165 59 1614 78 48 124 190 41 1576 125 43 30 64 41 173 52 516 34 42 13938
internal_value=-0.000293371 -0.0695113 0.0692669 -0.0763585 0.0749309 0.0450847 -0.0786796 0.0574366 0.0200417 0.0500261 -0.0378279 0.0780648 0.0669363 0.0323693 0.0110838 0.0332569 -0.00159015 0.0189115 -0.0790507 -0.0680977 0.0350659 -0.010798 -0.034864 -0.0369629 0.0593 -0.00425801 -0.0473229 -0.0397429 -0.0381156 0.079616
internal_weight=9766.89 4895.49 4871.4 4685.47 4626.7 439.639 4605.57 79.8977 221.048 92.639 244.698 4187.06 512.25 127.468 71.1961 49.0778 128.409 67.2387 4591.59 415.696 41.0491 29.1651 21.8293 20.3642 56.2723 53.9517 190.747 135.339 22.1183 3674.81
internal_count=40952 20599 20353 19721 19357 1808 19387 334 898 379 996 17549 2138 524 292 202 519 272 19330 1744 168 118 88 82 232 217 779 550 90 15411
is_linear=0
shrinkage=0.05


Tree=6
num_leaves=31
num_cat=0
split_feature=9 3 5 4 4 9 2 8 2 8 14 8 14 8 14 5 10 4 2 8 14 4 15 4 14 4 14 4 8 9
split_gain=17301.6 1885.92 1089.77 407.922 164.203 103.604 94.3119 86.8061 56.3225 346.756 37.4464 29.7111 31.0637 28.3134 27.5138 54.3328 24.2777 19.2049 24.1188 20.5229 15.9067 15.1426 12.7746 11.402 12.2106 11.0523 10.3642 10.2176 11.3845 14.4252
threshold=1.0000000180025095e-35 1.0000000180025095e-35 3.5000000000000004 4.212391765431394 3.8441697217888646 1.5000000000000002 1.5000000000000002 2.5000000000000004 1.5000000000000002 2.5000000000000004 6.5000000000000009 2.5000000000000004 13.500000000000002 3.5000000000000004 11.500000000000002 4.5000000000000009 1.0000000180025095e-35 4.1867336549731773 1.5000000000000002 3.5000000000000004 4.5000000000000009 3.6819433087818081 2.6491228070175441 3.7722117838879714 8.5000000000000018 3.8843921912357744 3.5000000000000004 4.182171324392594 2.5000000000000004 1.5000000000000002
decision_type=2 2 2 2 2 2 2 2 2 2 2 2 2 2 2 2 2 2 2 2 2 2 2 2 2 2 2 2 2 2
left_child=1 -1 11 8 5 7 -5 -4 -3 20 21 -2 -13 -11 -6 17 23 18 -16 22 -10 26 -20 -12 -25 -15 -9 28 29 -17
right_child=2 3 4 6 14 -7 -8 10 9 13 16 12 -14 25 15 27 -18 -19 19 -21 -22 -23 -24 24 -26 -27 -28 -29 -30 -31
leaf_value=0.080565212934881364 -0.066238967259649853 -0.077621202581983684 -0.033258499522967187 -0.073295800428073599 0.077090718187236673 0.06792329779009422 0.075762884996198154 0.070809864799484173 -0.077700854066314648 0.072218270651503436 -0.030262789503453777 -0.037458246672269657 0.011302337865496233 -0.071765872438059153 0.049804589136069805 -0.034820723362560403 0.049039854100914035 0.078063260469974416 -0.031816222277213826 0.075652056252831029 0.0030446532683516369 0.075515909423987115 0.045536881182877069 0.060244904386853475 -0.020392492835606173 0.027214023575060406 0.010314387962787048 0.078238055064894771 0.066896983712148791 0.060896669003680175
leaf_weight=206.25292366743088 61.396339327096939 4097.6740693002939 58.154075801372528 13.130915373563765 3607.1371197104454 215.34328970313072 55.315900474786758 11.023423686623575 365.8951350748539 46.679623126983643 28.006494209170341 139.11879150569439 42.68466679751873 4.9479816854000074 41.0240208953619 6.6300526708364513 27.658656716346741 18.824531003832817 30.519348621368408 6.8983367830514899 6.2027418464422217 56.591117724776268 6.4687415510416022 9.4283172488212603 9.3505730181932432 6.558802455663681 19.790918335318565 279.23005689680576 105.01746828854084 9.6877816766500455
leaf_count=878 254 17594 236 55 15411 910 235 45 1569 196 113 571 171 20 171 27 112 80 124 29 25 234 27 39 38 27 81 1193 446 41
internal_value=-0.000284674 -0.0673456 0.0669537 -0.0739828 0.0724694 0.0432691 0.0471673 0.0191372 -0.0758142 -0.0586054 0.0379635 -0.0361659 -0.02601 0.0549014 0.0755614 0.0646222 0.0119036 0.0323721 0.0222424 -0.00352206 -0.0763549 0.060159 -0.0182882 -0.0100507 0.0200931 -0.0153479 0.0319558 0.072974 0.0608598 0.022006
internal_weight=9592.64 4802.66 4789.98 4596.41 4546.78 435.347 68.4468 220.004 4527.96 430.284 161.85 243.2 181.803 58.1864 4111.44 504.3 74.444 103.735 84.9104 43.8864 372.098 87.4055 36.9881 46.7854 18.7789 11.5068 30.8143 400.565 121.335 16.3178
internal_count=40952 20599 20353 19721 19357 1808 290 898 19431 1837 662 996 742 243 17549 2138 302 431 351 180 1594 360 151 190 77 47 126 1707 514 68
is_linear=0
shrinkage=0.05


Tree=7
num_leaves=31
num_cat=0
split_feature=9 3 4 4 9 2 2 14 4 9 14 2 14 4 10 10 4 9 2 4 14 14 4 10 15 14 11 15 9 15
split_gain=15949.7 1740.69 592.233 376.853 293.85 92.5008 86.7295 60.1876 92.2805 71.3431 53.2774 52.5832 308.93 45.4012 44.4903 27.3761 24.6269 45.6767 38.2901 19.184 32.1035 14.2822 12.6048 10.1838 9.93009 9.73797 9.12048 20.6888 9.09508 8.84824
threshold=1.0000000180025095e-35 1.0000000180025095e-35 3.8441697217888646 4.212391765431394 1.5000000000000002 1.5000000000000002 1.5000000000000002 11.500000000000002 4.1867336549731773 2.5000000000000004 8.5000000000000018 1.5000000000000002 4.5000000000000009 3.6978458230844127 1.0000000180025095e-35 1.0000000180025095e-35 3.9362119235564088 3.5000000000000004 1.5000000000000002 3.8868634103185031 6.5000000000000009 8.5000000000000018 3.8556271184800082 1.0000000180025095e-35 11.051177667926725 13.500000000000002 2.5000000000000004 12.058579144162861 4.5000000000000009 13.62291554599247
decision_type=2 2 2 2 2 2 2 2 2 2 2 2 2 2 2 2 2 2 2 2 2 2 2 2 2 2 2 2 2 2
left_child=1 -1 4 11 5 14 -5 16 9 15 13 26 -13 -7 25 24 17 18 23 20 -14 22 -20 -4 -9 29 -3 -28 -6 -2
right_child=2 3 7 6 28 10 -8 8 -10 -11 -12 12 19 -15 -16 -17 -18 -19 21 -21 -22 -23 -24 -25 -26 -27 27 -29 -30 -31
leaf_value=0.078171599059932914 -0.049165299552118458 -0.07572968994410835 -0.035358278821123121 -0.070716950509517512 0.046284114804282718 -0.00084056785953540039 0.073354330394599071 -0.0092531611989294486 0.075154888411358325 0.067557362991972181 -0.040609979486230269 -0.074491459516403166 0.065733413097588303 0.053472115531337551 0.024535457175917194 0.038005069431469168 0.075432844964105072 0.074893824373089821 0.015545157737576743 0.071242708411747277 -0.044731427780341802 0.0086652945352318263 0.066256318941701642 0.042615130903307735 0.057071552682744879 -0.0085551974678122599 0.027664655130882156 -0.066162855679425162 0.071186011800471502 0.0038242625387591338
leaf_weight=202.04611057043076 138.81018947064877 3932.8616829812527 18.907178580760959 12.934243202209471 47.176235899329185 68.902311980724335 54.30121910572052 84.832025468349457 293.67700226604939 96.519204273819923 32.80347241461277 360.38906091451645 14.261757820844652 87.138135984539986 29.839067503809929 63.213899493217468 3176.5033855140209 245.80079524219036 14.42979049682617 34.878799319267273 12.206794485449789 16.832427680492401 81.25751681625843 5.3787825703620902 6.0456030219793311 19.49875520169735 6.4081236422061911 70.632648304104805 164.60961127281189 8.35201647877693
leaf_count=878 578 17263 78 55 198 282 235 346 1280 418 133 1578 60 362 121 266 13866 1071 61 149 50 72 348 23 25 79 26 305 712 34
internal_value=-0.000276877 -0.0653994 0.064851 -0.0718472 0.0183267 -0.00767628 0.045639 0.0716213 0.0561364 0.0338497 0.0173127 -0.0736296 -0.0568355 0.0294894 -0.0316916 0.012736 0.0739894 0.0620053 0.0388484 0.0468856 0.0147891 0.0511377 0.058609 -0.018089 -0.00484093 -0.0417585 -0.0753959 -0.0583584 0.065639 -0.0461579
internal_weight=9401.45 4700.92 4700.53 4498.87 597.13 385.344 67.2355 4103.4 544.288 250.611 188.844 4431.64 421.736 156.04 196.5 154.092 3559.11 382.606 136.806 61.3474 26.4686 112.52 95.6873 24.286 90.8776 166.661 4009.9 77.0408 211.786 147.162
internal_count=40952 20599 20353 19721 2499 1589 290 17854 2335 1055 777 19431 1837 644 812 637 15519 1653 582 259 110 481 409 101 371 691 17594 331 910 612
is_linear=0
shrinkage=0.05


Tree=8
num_leaves=31
num_cat=0
split_feature=5 4 0 0 14 0 14 5 11 3 2 0 14 14 0 0 14 14 5 2 0 2 3 14 6 14 3 2 5 14
split_gain=13053.8 1727.85 300.696 263.538 576.081 187.538 162.938 148.721 144.321 141.923 115.883 82.6523 78.2061 58.186 51.7276 44.2411 42.4763 41.9623 50.9116 39.0958 83.9499 32.6803 31.1542 31.2452 117.606 60.788 29.5684 28.4857 27.7306 128.329
threshold=3.5000000000000004 3.8441697217888646 25.500000000000004 32.500000000000007 8.5000000000000018 27.500000000000004 2.5000000000000004 4.5000000000000009 1.0000000180025095e-35 1.0000000180025095e-35 1.5000000000000002 20.500000000000004 11.500000000000002 6.5000000000000009 19.500000000000004 30.500000000000004 5.5000000000000009 8.5000000000000018 4.5000000000000009 1.5000000000000002 22.500000000000004 2.5000000000000004 1.0000000180025095e-35 7.5000000000000009 1.0000000180025095e-35 3.5000000000000004 1.0000000180025095e-35 1.5000000000000002 4.5000000000000009 3.5000000000000004
decision_type=2 2 2 2 2 2 2 2 2 2 2 2 2 2 2 2 2 2 2 2 2 2 2 2 2 2 2 2 2 2
left_child=9 2 7 4 6 26 10 8 14 -1 -3 -8 -7 -9 -2 -11 27 21 -19 -13 -21 -4 -16 24 -24 -26 -6 -10 29 -22
right_child=1 3 17 -5 5 12 11 13 16 15 -12 19 -14 -15 22 -17 -18 18 -20 20 28 -23 23 -25 25 -27 -28 -29 -30 -31
leaf_value=0.030250860639677836 -0.070895989579462818 0.07556263111507526 0.061293420556595861 0.072443383873540421 0.062876135307888645 0.061308468586887571 -0.042636899189749757 0.051636287213882005 0.073527488017483419 -0.071868346473588154 -0.064043285986973009 0.075231737247728692 -0.0072293425055948955 -0.045425559369201424 0.061146051140971741 -0.025891618716222694 -0.04129210837952843 -0.017070203926570864 0.055145180926559581 -0.058990997364080255 -0.0096615294818723635 -0.056528860455978595 0.059797898349403682 -0.063606435729487001 -0.062120600274947951 0.0020132477479585026 -0.056398736320016102 -0.021444428191838675 0.070408339158364489 0.070042197010528703
leaf_weight=34.765571385622025 179.52270360291004 22.832722008228302 118.27269038558006 2781.4496298730373 5.3826723843812934 76.442790761590004 17.413700446486473 67.855992034077644 38.064306035637856 3772.1866659969091 42.594287052750587 679.03420595824718 91.372289523482323 19.988951161503792 7.8273677229881278 53.05855818092823 15.532394558191298 60.425851657986641 40.94291353225708 15.031235203146933 69.367088913917542 6.1935388147830954 31.612957119941711 95.956995263695717 134.71175366640091 50.91061931848526 149.82741846144199 9.9617519825696927 323.8459714204073 185.6936499774456
leaf_count=144 802 102 509 12412 23 339 78 296 168 16881 189 3034 391 87 33 228 68 254 177 67 307 26 137 421 598 209 667 43 1442 820
internal_value=-0.000269916 0.0503816 -0.0137422 0.0630011 0.0473573 -0.012648 0.0616537 -0.0309661 -0.04039 -0.0703166 -0.0153236 0.0655567 0.0239909 0.02955 -0.049402 -0.0712306 0.0305826 0.03598 0.0120976 0.0670367 0.0576676 0.0554305 -0.037382 -0.0398444 -0.0293483 -0.0445306 -0.0522623 0.053828 0.0606966 0.0483657
internal_weight=9198.08 5338.07 877.781 4460.29 1678.84 323.025 1355.81 651.946 564.101 3860.01 65.427 1290.39 167.815 87.8449 500.542 3825.25 63.5585 225.835 101.369 1272.97 593.938 124.466 321.02 313.192 217.235 185.622 155.21 48.0261 578.907 255.061
internal_count=40952 23699 3828 19871 7459 1420 6039 2862 2479 17253 291 5748 730 383 2200 17109 279 966 431 5670 2636 535 1398 1365 944 807 690 211 2569 1127
is_linear=0
shrinkage=0.05


Tree=9
num_leaves=31
num_cat=0
split_feature=5 0 0 14 14 0 2 0 3 2 15 14 8 8 5 14 2 0 3 0 0 14 8 15 0 3 14 0 3 8
split_gain=12067.9 1281.39 600.461 715.959 296.521 274.667 149.204 192.465 132.571 114.418 89.5259 86.2338 61.9484 59.1667 269.158 118.115 80.0476 72.8187 55.452 42.6476 34.4743 27.5095 25.9562 25.0996 24.2468 21.9239 21.6723 60.8971 21.1458 20.2863
threshold=3.5000000000000004 20.500000000000004 32.500000000000007 8.5000000000000018 2.5000000000000004 27.500000000000004 1.5000000000000002 22.500000000000004 1.0000000180025095e-35 1.5000000000000002 4.8980407836865263 11.500000000000002 2.5000000000000004 2.5000000000000004 4.5000000000000009 3.5000000000000004 2.5000000000000004 24.500000000000004 1.0000000180025095e-35 30.500000000000004 24.500000000000004 5.5000000000000009 3.5000000000000004 12.352614787071717 19.500000000000004 1.0000000180025095e-35 16.500000000000004 36.500000000000007 1.0000000180025095e-35 2.5000000000000004
decision_type=2 2 2 2 2 2 2 2 2 2 2 2 2 2 2 2 2 2 2 2 2 2 2 2 2 2 2 2 2 2
left_child=8 10 3 4 9 18 -6 12 -1 -3 28 -7 -8 14 15 -9 -16 21 -5 -10 -17 -15 -21 -20 -12 -13 -4 -28 -2 -27
right_child=1 2 26 5 6 11 7 13 19 -11 24 25 -14 17 16 20 -18 -19 23 22 -22 -23 -24 -25 -26 29 27 -29 -30 -31
leaf_value=0.028745625527452124 0.036053046598711072 0.073759985591867458 0.071729824771959647 0.064388547449871866 0.07232635987235167 0.056627454089461994 -0.060825572282371593 -0.069328671876208572 -0.069997809438484479 -0.056196365796045915 -0.028715658409343758 0.067242286469345047 0.032749858356162113 0.072415053103078608 0.069454371557272424 -0.056421679567102492 -0.089143130794921088 0.07101093672540551 -0.058593628062191629 -0.037265268144080141 0.070426284551637783 -0.015810998857087789 0.073359151682899637 0.042398250478022682 0.059063211525472274 -0.059273444176257212 -0.0094068948683575862 0.066379918083534273 -0.063374680632116251 -0.0022896157053769947
leaf_weight=34.756899833679199 5.4598108083009711 21.179476708173752 2556.9042726606131 9.90719425678253 755.99312278628349 103.96098549664021 55.973391994833946 70.575229465961456 3681.6378982812166 84.556258127093315 12.716029509901999 9.4222294092178327 25.857085347175598 11.638609603047369 227.40452453494072 6.7061546146869651 8.2444561421871168 341.87100572884083 253.20014271140099 46.798375502228737 26.611349299550056 36.684522420167923 5.9800416380166999 6.3054482936859122 20.630942672491074 18.941068470478058 31.260136947035789 174.30068343877792 259.91427691280842 89.036213949322701
leaf_count=144 23 97 11695 42 3454 465 251 316 16881 378 57 40 108 49 1037 28 35 1529 1134 203 114 155 25 27 93 80 133 793 1185 381
internal_value=-0.000261982 0.0489271 0.0550241 0.0353019 0.0508771 -0.0178017 0.0563436 0.0414553 -0.0684534 -0.0301654 -0.051626 0.0234642 -0.0312573 0.0496091 0.0343468 -0.0326984 0.0639057 0.0628902 -0.0517075 -0.0693581 0.0448943 0.00543822 -0.024731 -0.0561397 0.0255909 -0.00590283 0.0704741 0.0548548 -0.0613291 -0.0122856
internal_weight=8994.43 5225.25 4926.53 2164.07 1673.3 490.773 1567.56 811.566 3769.17 105.736 298.721 221.36 81.8305 729.736 339.542 103.893 235.649 390.194 269.413 3734.42 33.3175 48.3231 52.7784 259.506 33.347 117.4 2762.47 205.561 265.374 107.977
internal_count=40952 23699 22341 9720 7551 2169 7076 3622 17253 475 1358 966 359 3263 1530 458 1072 1733 1203 17109 142 204 228 1161 150 501 12621 926 1208 461
is_linear=0
shrinkage=0.05


Tree=10
num_leaves=31
num_cat=0
split_feature=9 3 5 0 4 9 0 11 2 14 0 2 11 9 0 2 14 2 0 14 2 14 15 0 14 2 0 15 3 4
split_gain=12691.7 1408.02 797.04 432.126 155.19 90.7273 61.3081 55.7398 45.2991 25.3577 56.7622 31.996 24.3911 32.1687 22.0904 18.6099 163.85 18.536 19.979 62.4518 29.0367 16.907 12.7815 12.6725 12.6613 11.4974 11.2174 12.573 10.7494 11.6944
threshold=1.0000000180025095e-35 1.0000000180025095e-35 3.5000000000000004 34.500000000000007 3.8441697217888646 4.5000000000000009 28.500000000000004 5.5000000000000009 1.5000000000000002 11.500000000000002 36.500000000000007 1.5000000000000002 1.0000000180025095e-35 3.5000000000000004 25.500000000000004 1.5000000000000002 4.5000000000000009 2.5000000000000004 24.500000000000004 7.5000000000000009 1.5000000000000002 11.500000000000002 8.5825892857142865 26.500000000000004 4.5000000000000009 1.5000000000000002 19.500000000000004 13.62291554599247 1.0000000180025095e-35 3.7409676809694572
decision_type=2 2 2 2 2 2 2 2 2 2 2 2 2 2 2 2 2 2 2 2 2 2 2 2 2 2 2 2 2 2
left_child=1 -1 14 7 5 6 17 15 -5 -6 11 23 13 -13 26 -3 -17 18 28 -20 -21 -8 -18 -11 -10 -23 -2 -28 -4 -30
right_child=2 3 4 8 9 -7 21 -9 24 10 -12 12 -14 -15 -16 16 22 -19 19 20 -22 25 -24 -25 -26 -27 27 -29 29 -31
leaf_value=0.072778507027579695 -0.057355177878606625 -0.07023274636090153 0.052686141918504452 -0.038751145581822077 0.06941258282050132 0.06626107674918208 0.069857733233268451 0.035335905535751812 -0.013351403983092234 -0.01833344093647267 0.067277552058937415 -0.036792382794197401 0.06018164943183394 0.050054616449020664 -0.0038140792494556438 -0.070238427311559118 0.050225472271385498 -0.078313957542423415 0.066401239001234055 0.037441047312480991 -0.048284718635086377 0.063256294883125896 -0.016256090077036146 0.064206327333758986 0.071668547160322893 -0.016886079306284541 -0.034176223103691186 0.034130095329564368 -0.025501537404990338 0.015909814503916934
leaf_weight=189.39738041162491 55.068394660949707 3712.6647050380707 6.3408330380916587 12.314334988594053 3302.4966656565666 153.13220109045506 56.055911615490913 12.800723835825918 4.7128965705633155 5.1441665291786185 345.1267805993557 37.050901934504509 15.209822356700895 14.97102031111717 61.386331871151924 331.09692180156708 32.086502403020859 6.8238354325294486 42.296770423650742 15.058074384927748 28.71358123421669 7.4239146858453759 9.3324834853410703 48.430365145206451 61.814895063638687 11.267382815480232 113.12517720460892 7.1634428054094306 65.406982824206352 23.058249711990356
leaf_count=880 244 17536 26 53 15487 702 248 55 20 21 1614 152 68 69 251 1544 138 28 179 62 117 31 39 209 289 46 483 29 270 95
internal_value=-9.52589e-05 -0.0605604 0.059624 -0.0666066 0.0646742 0.0356767 0.0178313 -0.0688374 0.0493399 0.067872 0.0569525 0.0274552 0.00448493 -0.0117993 -0.0296283 -0.0691638 -0.0585099 0.00258109 0.00563302 0.0230737 -0.0187938 0.0561263 0.0352459 0.056281 0.0656456 0.0149453 -0.0386649 -0.0301084 -0.0102003 -0.0147078
internal_weight=8786.97 4366.22 4420.75 4176.82 4184.01 415.578 262.446 4097.98 78.8421 3768.43 465.933 120.806 67.2317 52.0219 236.743 4085.18 372.516 187.698 180.874 86.0684 43.7717 74.7472 41.419 53.5745 66.5278 18.6913 175.357 120.289 94.8061 88.4652
internal_count=40985 20554 20431 19674 19424 1804 1102 19312 362 17620 2133 519 289 221 1007 19257 1721 777 749 358 179 325 177 230 309 77 756 512 391 365
is_linear=0
shrinkage=0.05


Tree=11
num_leaves=31
num_cat=0
split_feature=9 3 5 0 11 9 0 8 11 2 8 6 8 0 2 8 8 8 8 0 0 0 3 15 11 15 2 0 2 15
split_gain=11777.6 1308.7 742.987 401.994 74.9055 94.4973 172.107 93.6235 52.1582 42.0779 26.7023 31.5487 24.4964 21.1161 17.908 162.599 20.3829 16.8292 16.8109 23.0371 12.7874 11.0872 10.735 9.80265 9.47037 11.7921 8.19857 9.06023 6.93115 6.66078
threshold=1.0000000180025095e-35 1.0000000180025095e-35 3.5000000000000004 34.500000000000007 1.0000000180025095e-35 4.5000000000000009 28.500000000000004 2.5000000000000004 5.5000000000000009 1.5000000000000002 2.5000000000000004 1.5000000000000002 2.5000000000000004 26.500000000000004 1.5000000000000002 2.5000000000000004 3.5000000000000004 2.5000000000000004 3.5000000000000004 24.500000000000004 35.500000000000007 19.500000000000004 1.0000000180025095e-35 13.62291554599247 2.5000000000000004 14.650406504065041 2.5000000000000004 26.500000000000004 1.5000000000000002 4.3167701863354049
decision_type=2 2 2 2 2 2 2 2 2 2 2 2 2 2 2 2 2 2 2 2 2 2 2 2 2 2 2 2 2 2
left_child=1 -1 12 8 5 6 7 22 14 -5 11 20 -2 21 24 -16 -17 -11 19 28 -8 -14 -4 29 -3 -26 27 -24 -9 -23
right_child=2 3 4 9 -6 -7 10 18 -10 17 -12 -13 13 -15 15 16 -18 -19 -20 -21 -22 23 26 -25 25 -27 -28 -29 -30 -31
leaf_value=0.071122652647097856 -0.056101222605981542 -0.069061802101807623 0.028792698505393607 -0.037211612331785361 0.069263960091328527 0.06664224480684193 0.021593523093518967 0.023866594038188256 0.033811943855225318 -0.02961610895459198 0.062785427198481708 -0.065599465827550288 -0.055510518236038503 0.012002776139657157 -0.068409909878660011 0.061104321174345888 -0.027687699539968431 0.070987064986202927 0.067646705955680383 0.03585583230090298 0.065517510090981598 -0.02132614339739991 -0.044872656049259552 0.038751785080585126 -0.026024273807943948 -0.06750387219323857 -0.092195329701715553 0.0017671476759849086 -0.014056135174563698 -0.072708374842963636
leaf_weight=184.24710674583912 59.546204060316086 3537.4359574168921 5.9990994781255713 12.185930773615835 2225.5436829477549 951.56370583176613 35.966363191604614 17.357299655675888 12.711104318499563 4.4645044505596152 541.27347959578037 7.6143002808094016 29.919982567429543 41.85622227191925 325.66147582232952 29.245245963335037 8.2970287650823575 60.351692482829094 25.105725318193436 127.08470065891743 30.725199043750763 90.195895135402679 50.260058552026749 6.4469238221645346 28.899899423122406 42.086387187242508 7.0096826255321494 13.133776709437369 39.396859407424927 6.7814468741416922
leaf_count=880 263 17205 25 53 10732 4581 157 73 55 19 2545 34 134 168 1558 129 34 290 111 563 146 387 210 26 129 202 29 55 163 29
internal_value=-9.35821e-05 -0.0592106 0.0581023 -0.0651233 0.0630815 0.055654 0.0440482 0.0119501 -0.0673101 0.0480313 0.058927 0.0308211 -0.028396 -0.0189797 -0.0676338 -0.0570511 0.0414808 0.0640576 0.0292687 0.0240277 0.0418296 -0.028705 -0.0354127 -0.0209503 -0.0686989 -0.0506167 -0.0408837 -0.0352099 -0.00245811 -0.0249192
internal_weight=8558.37 4245.59 4312.78 4061.34 4078.03 1852.49 900.927 285.347 3984.34 77.0021 615.579 74.3059 234.747 175.2 3971.63 363.204 37.5423 64.8162 208.945 183.839 66.6916 133.344 76.4026 103.424 3608.42 70.9863 70.4035 63.3938 56.7542 96.9773
internal_count=40985 20554 20431 19674 19424 8692 4111 1229 19312 362 2882 337 1007 744 19257 1721 163 309 910 799 303 576 319 442 17536 331 294 265 236 416
is_linear=0
shrinkage=0.05


Tree=12
num_leaves=31
num_cat=0
split_feature=9 3 5 0 4 9 8 11 2 0 8 11 9 8 0 0 4 2 8 8 8 2 5 0 11 15 4 0 15 8
split_gain=10942.8 1218.19 693.403 374.538 146.569 81.1947 64.4645 48.908 39.1546 26.2705 22.8329 21.2992 22.25 44.2778 33.9502 19.2659 17.5644 17.2171 151.448 18.7974 15.8677 13.3708 16.8984 10.3937 9.41405 11.3939 19.2181 10.6755 8.88334 8.54535
threshold=1.0000000180025095e-35 1.0000000180025095e-35 3.5000000000000004 34.500000000000007 3.8441697217888646 4.5000000000000009 2.5000000000000004 5.5000000000000009 1.5000000000000002 28.500000000000004 2.5000000000000004 1.0000000180025095e-35 4.5000000000000009 2.5000000000000004 32.500000000000007 26.500000000000004 3.9525612543885855 1.5000000000000002 2.5000000000000004 3.5000000000000004 2.5000000000000004 2.5000000000000004 4.5000000000000009 19.500000000000004 2.5000000000000004 14.650406504065041 3.6897977004747777 24.500000000000004 13.62291554599247 3.5000000000000004
decision_type=2 2 2 2 2 2 2 2 2 2 2 2 2 2 2 2 2 2 2 2 2 2 2 2 2 2 2 2 2 2
left_child=1 -1 10 7 5 6 21 17 -5 -8 -2 12 13 14 -6 23 29 24 -19 -20 -10 22 -4 -12 -3 26 -26 -28 -25 -15
right_child=2 3 4 8 11 -7 9 -9 20 -11 15 -13 -14 16 -16 -17 -18 18 19 -21 -22 -23 -24 28 25 -27 27 -29 -30 -31
leaf_value=0.069611290693911296 -0.054263255471829447 -0.067663547390100706 -0.027350555223751079 -0.035741740369067694 -0.019199677856189656 0.062890469514047573 0.01862121767948095 0.032360454635872136 -0.027953133180401071 0.058666511842313619 -0.053755617990999149 0.068074842089924412 0.065655650892946144 0.036503582730069449 0.046501901262867816 0.011399623622797539 0.062944011439510311 -0.066903063757873957 0.059155249182257043 -0.026368970436362812 0.069549721831220782 -0.08640283274377164 0.037871859453609324 -0.023834471927306783 0.065212616183033895 -0.066027163287664059 -0.070783216103597987 -0.0023469207047260984 0.036716413497182895 0.072455916634587725
leaf_weight=178.96888455748558 58.511421784758568 3432.667768150568 55.884313717484474 12.056073740124701 34.184285998344421 145.44746950268745 120.43795636296272 12.619550868868826 4.4928418695926657 62.057359799742699 29.366080120205879 2085.3975055813789 831.37896353006363 109.13396665453911 46.28350068628788 41.866991847753525 441.79440829157829 316.57717178761959 28.711997047066689 8.2768861353397352 58.564311444759369 7.430625617504119 12.077190801501272 96.342340886592865 4.9027746915817287 40.906251177191734 14.298971578478815 9.4739761650562269 6.463630959391593 19.477629110217094
leaf_count=880 263 17205 233 53 146 702 504 55 19 283 134 10377 4131 505 221 168 2148 1558 129 34 290 31 51 416 20 202 69 40 26 92
internal_value=-9.23794e-05 -0.0579739 0.0566736 -0.0637641 0.0615879 0.0330186 0.0161709 -0.0659113 0.0468178 0.0322386 -0.0272427 0.0648178 0.0602354 0.0533119 0.0185906 -0.0181584 0.0582101 -0.0662329 -0.0557174 0.0400178 0.0626026 -0.0227226 -0.0157601 -0.0275212 -0.0672945 -0.0490869 -0.0249214 -0.04351 -0.0200275 0.0419484
internal_weight=8326.05 4122.52 4203.54 3943.55 3970.99 403.335 257.887 3868.44 75.1132 182.495 232.55 3567.65 1482.25 650.874 80.4678 174.039 570.406 3855.82 353.566 36.9889 63.0572 75.3921 67.9615 132.172 3502.25 69.582 28.6757 23.7729 102.806 128.612
internal_count=40985 20554 20431 19674 19424 1804 1102 19312 362 787 1007 17620 7243 3112 367 744 2745 19257 1721 163 309 315 284 576 17536 331 129 109 442 597
is_linear=0
shrinkage=0.05


Tree=13
num_leaves=31
num_cat=0
split_feature=5 4 0 0 14 0 14 5 11 2 3 0 14 14 3 14 0 14 0 6 2 0 0 5 14 11 3 4 2 11
split_gain=9022.47 1260.98 205.428 188.543 414.774 118.357 113.904 108.381 95.3101 85.7705 83.242 60.9968 49.3164 47.5819 45.7229 40.1431 48.5177 39.218 37.8572 36.173 29.0719 47.1585 21.9717 21.192 88.8422 20.6408 19.0202 18.4702 18.2755 15.479
threshold=3.5000000000000004 3.8441697217888646 24.500000000000004 32.500000000000007 8.5000000000000018 27.500000000000004 2.5000000000000004 4.5000000000000009 1.0000000180025095e-35 1.5000000000000002 1.0000000180025095e-35 20.500000000000004 11.500000000000002 6.5000000000000009 1.0000000180025095e-35 8.5000000000000018 28.500000000000004 6.5000000000000009 26.500000000000004 1.5000000000000002 1.5000000000000002 22.500000000000004 19.500000000000004 4.5000000000000009 3.5000000000000004 2.5000000000000004 1.0000000180025095e-35 3.8556271184800082 1.5000000000000002 1.0000000180025095e-35
decision_type=2 2 2 2 2 2 2 2 2 2 2 2 2 2 2 2 2 2 2 2 2 2 2 2 2 2 2 2 2 2
left_child=10 2 7 4 6 26 9 8 14 -3 -1 -8 -7 -9 -2 19 -17 28 -12 -4 -13 -22 -16 24 -23 -20 -6 -26 -10 -14
right_child=1 3 15 -5 5 12 11 13 17 -11 18 20 29 -15 22 16 -18 -19 25 -21 21 23 -24 -25 27 -27 -28 -29 -30 -31
leaf_value=0.015662227707707199 0.053624087154374701 0.06817057676935015 0.046365476347469139 0.064729852470119559 0.046031055641233998 0.051766724526064782 -0.037637245482366528 0.050102245424480898 0.061965742321917851 -0.054643557562501027 -0.064757902344130813 0.067587183685339558 -0.015313594971948114 -0.054966627300919571 -0.064684763240553611 -0.032759391252659927 0.033043021898931706 -0.058066196696191411 -0.045840579007816434 -0.06923402103386303 -0.048416599448919247 -0.0087524168768836046 -0.040696234133330005 0.062768894203087594 -0.018830586910818969 0.033827620268029317 -0.048747484695183779 0.06480365480910176 -0.016620213614422435 0.043793861613982417
leaf_weight=33.62971855700016 10.966858699917791 22.071626275777817 140.70422138273716 2433.3330965787172 5.5124693959951392 65.272040158510208 16.215039566159248 53.640102788805962 33.905786082148552 39.943120315670967 3130.8588587790728 597.462496265769 71.213287219405174 13.484149888157843 154.28404456377029 54.384207770228386 57.769146680831909 11.777812376618384 195.50817221403122 7.1091824471950522 11.555382058024405 61.973168224096298 250.33619195222855 286.91336452960968 6.8855887055397025 8.4828526675701124 133.19947455823421 160.00196227431297 9.462802514433859 13.116533294320105
leaf_count=145 48 113 656 12445 26 326 81 260 169 195 16088 3072 319 64 786 241 266 58 955 31 57 301 1205 1456 31 35 655 798 43 60
internal_value=-9.13615e-05 0.0445013 -0.0128029 0.0561504 0.0421517 -0.0117115 0.0550605 -0.0304418 -0.0389172 -0.0109329 -0.0626088 0.0586472 0.0191362 0.0289957 -0.0471128 0.0236911 0.00113482 0.0228452 -0.0633981 0.0408056 0.0600353 0.051479 -0.0498432 0.0537171 0.0423692 -0.0425276 -0.0449809 0.061353 0.0448187 -0.00612011
internal_weight=8090.97 4722.49 797.825 3924.67 1491.34 288.314 1203.02 537.858 470.733 62.0147 3368.48 1141.01 149.602 67.1243 415.587 259.967 112.153 55.1464 3334.85 147.813 1124.79 527.329 404.62 515.774 228.861 203.991 138.712 166.888 43.3686 84.3298
internal_count=40985 23762 3827 19935 7490 1386 6104 2633 2309 308 17223 5796 705 324 2039 1194 507 270 17078 687 5715 2643 1991 2586 1130 990 681 829 212 379
is_linear=0
shrinkage=0.05


Tree=14
num_leaves=31
num_cat=0
split_feature=9 3 5 0 15 9 0 8 2 0 6 2 8 8 8 0 8 0 8 2 8 8 0 0 8 15 15 3 2 0
split_gain=9544.78 1071.61 587.873 324.299 71.5787 86.9113 144.266 75.3063 35.3801 27.7535 24.8127 23.4285 22.0956 21.6887 18.5996 17.1721 15.728 18.4237 15.5576 14.7025 130.106 21.0539 11.1376 10.1307 15.6756 8.97503 9.90379 8.80828 6.87042 7.58917
threshold=1.0000000180025095e-35 1.0000000180025095e-35 3.5000000000000004 34.500000000000007 1.0000000180025095e-35 4.5000000000000009 28.500000000000004 2.5000000000000004 1.5000000000000002 30.500000000000004 1.5000000000000002 1.5000000000000002 2.5000000000000004 2.5000000000000004 2.5000000000000004 19.500000000000004 3.5000000000000004 24.500000000000004 2.5000000000000004 1.5000000000000002 2.5000000000000004 3.5000000000000004 31.500000000000004 35.500000000000007 2.5000000000000004 11.051177667926725 4.3167701863354049 1.0000000180025095e-35 2.5000000000000004 26.500000000000004
decision_type=2 2 2 2 2 2 2 2 2 2 2 2 2 2 2 2 2 2 2 2 2 2 2 2 2 2 2 2 2 2
left_child=1 -1 13 9 5 6 7 27 -5 19 23 -11 -13 -2 -12 -15 17 -9 -10 -3 -21 -22 25 24 -8 26 -17 -4 29 -29
right_child=2 3 4 8 -6 -7 10 16 18 11 14 12 -14 15 -16 22 -18 -19 -20 20 21 -23 -24 -25 -26 -27 -28 28 -30 -31
leaf_value=0.067268210512323914 -0.050811610898417216 -0.065069320428857796 0.026255237056800614 -0.034586695240772632 0.065362389621285724 0.062609814580985787 0.018602736917116273 -0.0022535589764243837 -0.030021579667526777 -0.04890676554272666 -0.064434252005010392 -0.058480404069763174 0.068649461599979769 -0.050639534169758041 0.058335809136883923 -0.012054962117474512 0.064462288833299214 0.032237422833533702 0.067099270827279081 -0.064686779568553468 0.058882786975985972 -0.035127177097921312 0.046040840190190273 0.063556041604602972 0.054050213718925669 0.033745596062962763 -0.077523842037445057 -0.040852461013990017 -0.084945607627417818 0.0019728759817177572
leaf_weight=169.02298192679882 56.271063417196274 3261.3838081508875 5.9622172862291327 11.910746946930884 2032.5754037797451 872.26132594048977 35.168396666646004 56.508970007300377 4.4574078619480124 36.170031577348709 7.5696318149566633 5.1981086730957022 9.9794960319995862 28.222039312124252 5.2072435766458511 117.13157407939434 24.017035290598869 122.97206436097622 55.029410809278488 296.85984812676907 26.781954005360603 7.6586932241916648 8.9528846293687803 250.21247614920139 275.58849932253361 10.099005430936812 6.076251119375228 49.499093696475029 6.7645526528358451 13.078357562422751
leaf_count=880 263 17373 25 53 10732 4581 157 236 19 178 34 24 47 134 27 506 111 563 290 1536 122 32 36 1296 1368 41 27 210 29 55
internal_value=-8.83945e-05 -0.0558592 0.054287 -0.0614605 0.0590052 0.0515136 0.0401609 0.0106553 0.0440724 -0.0635282 0.0544986 -0.0270287 0.0251093 -0.0238958 -0.014399 -0.0150117 0.0264629 0.0213781 0.0598219 -0.0640499 -0.0540142 0.0379774 -0.00794375 0.0560679 0.0500386 -0.0115694 -0.0152837 -0.0320624 -0.0370768 -0.0319022
internal_weight=7868.59 3884.45 3984.14 3715.43 3757.39 1724.81 852.549 278.802 71.3976 3644.03 573.746 51.3476 15.1776 226.753 12.7769 170.482 203.498 179.481 59.4868 3592.68 331.3 34.4406 142.26 560.969 310.757 133.307 123.208 75.3042 69.342 62.5775
internal_count=40985 20554 20431 19674 19424 8692 4111 1229 362 19312 2882 249 71 1007 61 744 910 799 309 19063 1690 154 610 2821 1525 574 533 319 294 265
is_linear=0
shrinkage=0.05


Tree=15
num_leaves=31
num_cat=0
split_feature=5 4 0 14 0 0 14 0 3 14 6 2 0 14 11 0 0 14 0 3 14 5 2 0 0 3 5 14 4 15
split_gain=7778.5 1112.18 176.424 361.59 170.289 121.545 95.368 91.5387 85.4402 71.9912 191.306 70.054 47.1774 46.6692 44.1937 41.5152 39.2174 31.5424 36.428 29.1605 26.8105 26.2207 24.8056 45.5942 21.5604 17.9149 17.6933 76.6856 22.1493 16.6956
threshold=3.5000000000000004 3.8441697217888646 33.500000000000007 8.5000000000000018 26.500000000000004 28.500000000000004 2.5000000000000004 19.500000000000004 1.0000000180025095e-35 7.5000000000000009 1.0000000180025095e-35 1.5000000000000002 20.500000000000004 11.500000000000002 3.5000000000000004 26.500000000000004 24.500000000000004 9.5000000000000018 30.500000000000004 1.0000000180025095e-35 3.5000000000000004 4.5000000000000009 1.5000000000000002 22.500000000000004 22.500000000000004 1.0000000180025095e-35 4.5000000000000009 3.5000000000000004 3.8556271184800082 11.051177667926725
decision_type=2 2 2 2 2 2 2 2 2 2 2 2 2 2 2 2 2 2 2 2 2 2 2 2 2 2 2 2 2 2
left_child=8 4 3 6 7 14 11 -2 -1 10 -9 -3 -8 -7 -5 -10 20 -6 -19 -11 21 -12 -14 -24 -22 -15 27 -25 -29 -17
right_child=1 2 -4 5 17 13 12 9 15 19 16 -13 22 25 -16 29 -18 18 -20 -21 24 -23 23 26 -26 -27 -28 28 -30 -31
leaf_value=0.021339442249594498 -0.056828721476241496 0.065899321675500694 0.062758402969489258 -0.043689911718644114 0.050118440221700179 0.055079644697298792 -0.032178205483883497 0.060084587474413809 -0.062329079190700382 0.061413643723109104 -0.056523954967553726 -0.048738177962971342 0.065384041273632607 0.060023867779141926 0.062602366025600528 -0.041045335484781245 0.023395606709285643 -0.029621195371274851 0.044227384670583118 -0.050037604984288088 0.01833530353936421 0.009735041351783786 -0.046584314338466631 -0.0051539014863239323 -0.044350333799663015 -0.0081068169650177369 0.060845259878210017 -0.025606933948380591 0.063007260282342881 0.048626071002115086
leaf_weight=31.960336744785309 161.74719873070717 20.482862532138824 2228.9350672066212 152.09501303732395 100.27957578003407 70.284073367714882 14.714882686734198 93.174875617027283 2919.9740815013647 6.1694785356521598 109.43935288488865 38.143821775913239 553.43508704006672 11.031812295317648 10.451022267341612 191.71962732076645 34.576611787080765 34.824231743812561 32.084137216210365 120.51016511023045 34.880941078066826 17.290143549442291 11.873435512185095 62.499481543898582 22.60758201777935 76.957214131951332 287.66669756174088 7.3589573502540579 168.88374106585979 5.3352417051792136
leaf_count=140 868 112 12152 774 491 372 76 476 15985 28 573 194 3037 57 52 975 160 156 152 599 150 83 61 311 95 353 1549 33 891 22
internal_value=0.00023016 0.0425405 0.0538618 0.0405163 -0.0122503 -0.00648728 0.0534595 -0.0246778 -0.0599961 -0.0128225 8.52289e-05 -0.00868638 0.0567524 0.0247011 -0.0368558 -0.0608301 -0.0254658 0.0323786 0.00579094 -0.0446098 -0.0346368 -0.047484 0.0579511 0.0503089 -0.00631606 0.000435213 0.0524944 0.0424322 0.0593072 -0.0386175
internal_weight=7631.39 4482.4 3714.81 1485.88 767.584 320.819 1165.06 600.396 3148.99 438.649 311.97 58.6267 1106.43 158.273 162.546 3117.03 218.795 167.188 66.9084 126.68 184.218 126.729 1091.72 538.282 57.4885 87.989 526.409 238.742 176.243 197.055
internal_count=40977 23855 20024 7872 3831 1608 6264 3032 17122 2164 1537 306 5958 782 826 16982 1061 799 308 627 901 656 5882 2845 245 410 2784 1235 924 997
is_linear=0
shrinkage=0.05


Tree=16
num_leaves=31
num_cat=0
split_feature=9 3 5 0 4 9 2 8 14 0 14 0 9 8 2 15 8 15 0 0 0 2 4 2 4 14 0 4 9 0
split_gain=8387.9 936.187 457.93 272.051 122.82 78.4178 63.5373 46.16 29.8076 40.7188 29.3531 57.6528 27.8772 26.7614 25.7479 29.6233 25.5163 21.6067 41.9921 21.3459 17.1012 17.0499 16.1947 26.9785 15.9992 10.7539 9.70522 9.45713 17.4875 23.426
threshold=1.0000000180025095e-35 1.0000000180025095e-35 3.5000000000000004 32.500000000000007 3.8441697217888646 1.5000000000000002 1.5000000000000002 2.5000000000000004 7.5000000000000009 24.500000000000004 11.500000000000002 36.500000000000007 3.5000000000000004 2.5000000000000004 1.5000000000000002 11.379679665060126 2.5000000000000004 14.218667950288816 20.500000000000004 26.500000000000004 32.500000000000007 1.5000000000000002 3.647091011626145 1.5000000000000002 3.7622890633926835 8.5000000000000018 28.500000000000004 3.9362119235564088 4.5000000000000009 28.500000000000004
decision_type=2 2 2 2 2 2 2 2 2 2 2 2 2 2 2 2 2 2 2 2 2 2 2 2 2 2 2 2 2 2
left_child=1 -1 13 17 5 7 -5 -4 9 24 27 12 14 -2 26 -16 -8 -3 -19 -15 21 -10 -20 -24 -9 -23 -12 28 29 -6
right_child=2 3 4 6 10 -7 16 8 20 -11 11 -13 -14 19 15 -17 -18 18 22 -21 -22 25 23 -25 -26 -27 -28 -29 -30 -31
leaf_value=0.065527487737499501 -0.050289923367466016 -0.062141877919623591 -0.028574128029412255 -0.044220578936253925 0.015504925903571096 0.054053042166048615 -0.039140591331667939 -0.01557553588106078 0.024354875572763245 0.069371229451979058 0.00090945759268842873 0.059149355510954064 0.060615783038229579 -0.01932928441148421 -0.0384795007106363 0.067219330264542743 0.06549072844576323 -0.062402349002734996 0.10536029330147584 0.021947693127021897 0.057607403451246819 -8.9521043489071691e-05 -0.060160400815649752 0.066245141664284926 0.061323234346746316 -0.064331725967104555 0.053412160242058963 0.062763430771440851 0.062713072042071119 0.06129231401337204
leaf_weight=156.75995717942715 50.647354602813721 3330.1771062761545 59.088185474276543 21.906402289867401 57.607275977730751 178.70182716846466 6.4990767687559119 29.771501377224922 14.836215004324911 53.28170245885849 13.959662213921545 290.7421368509531 27.90363235771656 121.69863456487656 40.318247586488724 7.9330636709928504 56.334125503897667 40.601697891950607 4.752293229103091 42.175916388630867 8.7195290029048902 10.053106352686884 8.7401415407657623 8.1639179289340973 8.752451151609419 18.505525395274162 23.823482185602188 2475.8337508589029 186.55361066758633 54.233777463436127
leaf_count=868 246 18842 253 103 273 915 28 121 61 259 59 1630 146 560 171 42 314 225 20 170 40 43 45 39 37 75 110 13950 1048 284
internal_value=0.00022672 -0.0539974 0.0524226 -0.0593859 0.056697 0.0298983 0.0291041 0.00863559 0.0239125 0.0410567 0.0599149 0.0473351 0.0171882 -0.0185237 0.00310327 -0.0211014 0.0546683 -0.0615963 -0.0324123 -0.00870595 -0.00628903 -0.019128 0.0238135 0.000887922 0.00189548 -0.0417174 0.0340141 0.06175 0.053341 0.0377081
internal_weight=7409.08 3633.93 3775.14 3477.17 3560.62 381.71 84.7396 203.008 143.92 91.8057 3178.91 404.68 113.938 214.522 86.0345 48.2513 62.8332 3392.44 62.2581 163.875 52.1144 43.3948 21.6564 16.9041 38.524 28.5586 37.7831 2774.23 298.395 111.841
internal_count=40977 20484 20493 19616 19517 1804 445 889 636 417 17713 2158 528 976 382 213 342 19171 329 730 219 179 104 84 158 118 169 15555 1605 557
is_linear=0
shrinkage=0.05


Tree=17
num_leaves=31
num_cat=0
split_feature=5 4 4 14 5 8 6 10 10 14 5 10 2 14 14 14 6 15 8 14 5 10 2 8 14 14 2 10 11 14
split_gain=6774.2 974.748 156.303 185.689 131.288 81.3703 108.216 107.444 96.6076 80.304 76.954 56.3686 48.6491 34.5912 33.6697 31.6353 26.7453 29.767 25.7141 22.8254 19.4188 31.2787 31.7396 127.618 53.1767 19.3322 43.1518 20.292 19.2113 17.4214
threshold=3.5000000000000004 3.8441697217888646 4.0613149091500773 8.5000000000000018 4.5000000000000009 2.5000000000000004 1.0000000180025095e-35 1.0000000180025095e-35 1.0000000180025095e-35 2.5000000000000004 4.5000000000000009 1.0000000180025095e-35 1.5000000000000002 6.5000000000000009 14.500000000000002 3.5000000000000004 1.5000000000000002 7.672684458398745 3.5000000000000004 4.5000000000000009 4.5000000000000009 1.0000000180025095e-35 1.5000000000000002 2.5000000000000004 3.5000000000000004 13.500000000000002 1.5000000000000002 1.0000000180025095e-35 2.5000000000000004 8.5000000000000018
decision_type=2 2 2 2 2 2 2 2 2 2 2 2 2 2 2 2 2 2 2 2 2 2 2 2 2 2 2 2 2 2
left_child=14 4 3 9 5 6 8 13 -2 12 11 -5 -3 -7 28 -8 17 -6 -16 -17 21 22 -11 24 -24 -4 27 -27 -1 -30
right_child=1 2 25 10 16 7 15 -9 -10 20 -12 -13 -14 -15 18 19 -18 -19 -20 -21 -22 -23 23 -25 -26 26 -28 -29 29 -31
leaf_value=-0.059942216029962372 0.05339674526741859 0.064043950996396329 0.061286618291624517 0.014798194160418304 0.044838843030847959 0.046930162013356543 -0.062239486032055771 -0.039265761299076885 -0.051076644791168184 0.063683000527315389 0.036546066567760091 -0.037459485415587503 -0.041751426858809254 -0.0016131853444042556 -0.041639620078009074 0.074688708543576413 -0.044501867385987076 -0.044669954229645953 0.044272383713869302 -0.029990193393465821 0.060012595027810083 -0.038608937842792068 -0.060627663107935187 0.059719247636746665 0.04499850782025009 0.064689037164744542 0.056919869182486316 -0.0094007344568290772 -0.055395449424375215 -0.0054799166299551528
leaf_weight=2692.754256606102 51.94698266685009 15.389468669891356 2003.8701025098562 96.455968856811523 120.99690605700016 87.453219071030617 212.60249464213848 105.32045066356659 38.548372209072113 159.4591363966465 124.67026230692863 110.97308140993118 36.971024140715599 63.233114391565323 180.7407484203577 6.3747174739837638 10.628356516361235 10.060781210660933 9.1506515145301801 28.444460079073906 461.33553642034531 10.961442291736601 40.116627469658852 137.19182468950748 16.950375780463219 11.859173357486723 220.65089745819569 41.870142996311188 40.042080700397491 31.024032905697823
leaf_count=15742 273 90 11713 481 632 413 1200 566 215 935 684 595 198 280 964 27 49 53 43 123 2668 60 211 744 82 68 1279 216 222 151
internal_value=0.000222871 0.0408392 0.051868 0.0373488 -0.0114662 -0.0217833 -0.0378919 -0.000520692 0.00889414 0.0493902 0.00550012 -0.0131593 -0.0106567 0.0265597 -0.0578657 -0.0550041 0.0317813 0.0379676 -0.0374996 -0.0108255 0.0531965 0.0445739 0.0471517 0.0335818 -0.029254 0.0595823 0.0471352 0.00695241 -0.059265 -0.0336047
internal_weight=7178.05 4224.33 3488.73 1210.47 735.61 593.924 337.917 256.007 90.4954 878.375 332.099 207.429 52.3605 150.686 2953.71 247.422 141.686 131.058 189.891 34.8192 826.015 364.679 353.718 194.259 57.067 2278.25 274.38 53.7293 2763.82 71.0661
internal_count=40977 23855 20024 6748 3831 3097 1838 1259 488 4988 1760 1076 288 693 17122 1350 734 685 1007 150 4700 2032 1972 1037 293 13276 1563 284 16115 373
is_linear=0
shrinkage=0.05


Tree=18
num_leaves=31
num_cat=0
split_feature=9 3 5 0 4 9 6 8 11 8 8 4 9 8 0 6 0 11 0 4 0 9 4 5 0 6 8 0 6 0
split_gain=7362.32 837.205 385.875 239.192 116.158 69.7878 56.1288 38.8693 29.8302 25.4406 24.1162 23.0957 40.6757 34.0445 18.5291 15.9365 13.7409 12.3265 11.9578 29.4267 13.0465 9.47646 8.71331 8.57692 8.20101 8.11815 89.853 7.40537 6.69361 6.50577
threshold=1.0000000180025095e-35 1.0000000180025095e-35 3.5000000000000004 32.500000000000007 3.8441697217888646 1.5000000000000002 1.0000000180025095e-35 2.5000000000000004 6.5000000000000009 2.5000000000000004 2.5000000000000004 4.0484281352293268 4.5000000000000009 2.5000000000000004 26.500000000000004 1.5000000000000002 28.500000000000004 2.5000000000000004 20.500000000000004 3.647091011626145 24.500000000000004 1.5000000000000002 3.6843722670327392 4.5000000000000009 19.500000000000004 1.0000000180025095e-35 2.5000000000000004 31.500000000000004 1.5000000000000002 27.500000000000004
decision_type=2 2 2 2 2 2 2 2 2 2 2 2 2 2 2 2 2 2 2 2 2 2 2 2 2 2 2 2 2 2
left_child=1 -1 9 8 5 7 -5 28 17 -2 -8 12 13 15 24 21 22 25 -19 -20 -21 -6 -9 27 -11 -3 -27 -15 -4 -14
right_child=2 3 4 6 11 -7 10 16 -10 14 -12 -13 29 23 -16 -17 -18 18 19 20 -22 -23 -24 -25 -26 26 -28 -29 -30 -31
leaf_value=0.064089858134536451 -0.047228638839594911 -0.061275133262185838 -0.020584829480228814 -0.042053764877079694 0.00014859186542902423 0.051664830189115531 -0.038394547828571733 -0.0085034231463582619 0.051834671009945467 -0.041693263906601663 0.063747365637168957 0.060753707018941373 0.063052215460991726 0.030874535214153044 0.022634945675380231 -0.086585382300736036 0.04683643096750386 -0.060040625629330616 0.099422078371130942 -0.061806665178977316 0.0054393420057134564 0.062675600683412325 0.022759366833962423 0.057031051594742359 -0.0092485964294218483 -0.061073078225249725 0.036939060457267789 0.050546404229315993 -0.076948480130856742 0.05043469035087518
leaf_weight=147.72180303931236 48.355903893709183 2806.7527496665716 52.378209844231606 21.328314557671547 40.898781597614288 170.82274420559406 6.4904640465974799 33.368909671902657 5.9762755036354056 24.587119027972221 52.706608667969704 2102.1235233545303 393.46991130709648 121.7969214618206 42.093987599015236 4.7510103583335868 40.627567499876022 34.766106128692627 4.5855749994516364 19.073729813098911 11.598943561315535 7.1136782616376868 67.116217762231827 92.125088527798653 93.711490526795387 268.85892249643803 25.611183479428291 78.787177339196205 5.8564321100711814 137.99085794389248
leaf_count=868 246 17086 227 103 186 915 28 138 29 127 314 12695 2386 620 170 21 205 205 19 101 53 37 293 519 433 1560 118 433 26 816
internal_value=0.000218855 -0.0523318 0.050517 -0.0576109 0.0546279 0.0282122 0.0274916 0.0081154 -0.0597678 -0.0154387 0.0525484 0.0579102 0.051094 0.0377378 -0.00585452 0.000768775 0.0222987 -0.0599781 -0.039233 -0.0187158 -0.0363774 0.00941279 0.0123777 0.0444018 -0.0159919 -0.0604465 -0.0525486 0.0386014 -0.0262531 0.0597761
internal_weight=6963.45 3405.47 3557.98 3257.75 3349.23 370.17 80.5254 199.347 3177.22 208.749 59.1971 2979.06 876.933 345.473 160.393 52.7635 141.113 3171.25 70.0244 35.2582 30.6727 48.0125 100.485 292.709 118.299 3101.22 294.47 200.584 58.2346 531.461
internal_count=40977 20484 20493 19616 19517 1804 445 889 19171 976 342 17713 5018 1816 730 244 636 19142 378 173 154 223 431 1572 560 18764 1678 1053 253 3202
is_linear=0
shrinkage=0.05


Tree=19
num_leaves=31
num_cat=0
split_feature=5 4 0 14 0 0 14 3 0 14 6 8 2 0 14 0 15 14 0 3 0 2 0 14 8 8 14 14 5 2
split_gain=5905.91 858.236 151.883 300.691 128.83 90.385 78.4493 74.648 72.3162 57.5369 146.278 72.784 54.8143 41.7135 38.5887 37.0218 34.0435 27.0852 29.4064 24.0704 22.752 22.6077 35.9127 20.2285 18.638 15.9635 19.843 15.1528 19.4831 14.7361
threshold=3.5000000000000004 3.8441697217888646 33.500000000000007 8.5000000000000018 26.500000000000004 28.500000000000004 2.5000000000000004 1.0000000180025095e-35 19.500000000000004 7.5000000000000009 1.0000000180025095e-35 2.5000000000000004 1.5000000000000002 26.500000000000004 11.500000000000002 20.500000000000004 12.352614787071717 9.5000000000000018 30.500000000000004 1.0000000180025095e-35 24.500000000000004 1.5000000000000002 22.500000000000004 6.5000000000000009 3.5000000000000004 2.5000000000000004 3.5000000000000004 3.5000000000000004 4.5000000000000009 1.5000000000000002
decision_type=2 2 2 2 2 2 2 2 2 2 2 2 2 2 2 2 2 2 2 2 2 2 2 2 2 2 2 2 2 2
left_child=7 4 3 6 8 16 12 -1 -2 10 -10 27 -3 -9 -7 -8 -5 25 29 -11 23 -17 -23 -13 -15 26 -6 28 -12 -19
right_child=1 2 -4 5 17 14 15 13 9 19 11 20 -14 24 -16 21 -18 18 -20 -21 -22 22 -24 -25 -26 -27 -28 -29 -30 -31
leaf_value=0.021238268707539306 -0.052804586919446873 0.062325866381947807 0.058905178255551888 -0.040947664716916535 -0.031639206951832616 0.050369065039022137 -0.029419429594090912 -0.058446160736460563 0.056005386989477768 0.057865936872976781 -0.058730912214259461 0.019884579492427917 -0.045348640020728019 -0.038116665951883427 -0.0014827231621503828 0.061840401679198014 0.052341013324066571 0.00086156171449820642 0.040060033770639193 -0.04619813222116842 0.069160219801913864 -0.043512903931691299 0.048571321021634001 -0.05896518085680863 0.023570105781928904 0.05931077405220319 0.056427879691471942 -0.0016324334149300651 -0.0035965928541758837 -0.06591075713780721
leaf_weight=30.991661071777344 143.19571013748646 17.750470444560051 1947.559993699193 140.45278833806515 12.652470767498018 62.63142529129982 13.429286316037176 2551.2921287864447 84.175100699067116 5.8489421457052222 99.029260590672493 37.870792508125305 35.376052528619766 168.03183370828629 84.012586131691933 480.42422534525394 10.511395916342734 19.136916026473045 30.067167803645134 111.23206415772438 17.749655798077583 10.833262160420416 467.85400845110416 10.358886972069739 13.207328304648398 66.956448033452034 12.935286179184912 18.936950787901878 19.116546720266342 14.541434556245802
leaf_count=140 868 112 12152 769 62 372 76 15985 476 28 590 163 194 929 410 3037 57 96 152 599 85 61 2784 44 68 364 65 82 97 60
internal_value=0.000213925 0.0392463 0.0500239 0.0369527 -0.010841 -0.00729455 0.0497915 -0.0559245 -0.0222704 -0.0114562 0.000585975 -0.022387 -0.00937277 -0.0567996 0.0206631 0.0530234 -0.0344521 0.0291982 0.0041186 -0.0409995 0.0207611 0.0541778 0.0464873 0.00294904 -0.0336214 0.0464733 0.012881 -0.0431546 -0.0498099 -0.027969
internal_weight=6738.16 3974.64 3270.84 1323.28 703.804 297.608 1025.67 2763.52 547.514 404.318 287.237 203.062 53.1265 2732.53 146.644 972.541 150.964 156.29 63.7455 117.081 65.9793 959.111 478.687 48.2297 181.239 92.5442 25.5878 137.083 118.146 33.6784
internal_count=40977 23855 20024 7872 3831 1608 6264 17122 3032 2164 1537 1061 306 16982 782 5958 826 799 308 627 292 5882 2845 207 997 491 127 769 687 156
is_linear=0
shrinkage=0.05


Tree=20
num_leaves=31
num_cat=0
split_feature=9 3 4 4 9 14 4 2 9 8 14 8 2 14 10 4 9 10 8 2 4 14 14 11 15 4 15 14 4 8
split_gain=6430.5 750.7 278.516 147.776 112.523 58.143 65.5923 46.8797 45.3848 39.3878 38.4354 32.4274 28.1283 169.954 22.8744 16.3497 30.3696 14.887 15.3742 14.1937 14.524 13.349 16.0756 12.9695 15.716 31.1964 13.4354 11.7558 10.7419 10.3764
threshold=1.0000000180025095e-35 1.0000000180025095e-35 3.8441697217888646 4.212391765431394 2.5000000000000004 11.500000000000002 4.1923759468600208 1.5000000000000002 2.5000000000000004 2.5000000000000004 3.5000000000000004 2.5000000000000004 1.5000000000000002 4.5000000000000009 1.0000000180025095e-35 3.9362119235564088 4.5000000000000009 1.0000000180025095e-35 3.5000000000000004 1.5000000000000002 3.958462069116361 7.5000000000000009 2.5000000000000004 2.5000000000000004 14.650406504065041 3.6538767234763556 12.058579144162861 15.500000000000002 3.8556271184800082 3.5000000000000004
decision_type=2 2 2 2 2 2 2 2 2 2 2 2 2 2 2 2 2 2 2 2 2 2 2 2 2 2 2 2 2 2
left_child=1 -1 4 12 9 15 8 -5 11 -2 -11 -7 23 -14 -12 16 21 18 19 -13 -21 22 -4 -3 25 -25 -27 -22 -24 -15
right_child=2 3 5 7 -6 6 -8 -9 -10 10 14 17 13 29 -16 -17 -18 -19 -20 20 27 -23 28 24 -26 26 -28 -29 -30 -31
leaf_value=0.062672836765505197 -0.02870166174073719 -0.05970094517591143 -0.055747209678865955 -0.060408228347937111 0.049272020050096177 -0.05347244159896191 0.058107798889477841 0.056922828444648445 0.050226276749250925 0.059790777483456431 -0.0061760906508372257 0.01219578790920715 -0.059839326916104135 0.051515377748779151 0.040954439122002306 0.058961088843584301 0.060155309494184496 0.034352484037829707 0.055366884436874222 -0.084163158253213521 0.017182892050746076 0.0042755028152803749 0.0011884990202044895 0.11528945320591133 -0.057683811840290859 0.028353618619009608 -0.060748811636891012 -0.061720746637320446 0.053087854777760901 -0.004224211679909805
leaf_weight=139.10541172325611 100.01327043771744 2610.4607838690281 4.2094086408615103 11.005102708935736 153.39640451967716 22.765718251466751 191.88836474716663 37.599578574299812 70.99019655585289 31.881851702928543 174.60255712270737 31.06017903983593 255.54959025979042 40.586784660816193 30.196994408965111 2162.6400018930435 164.38985784351826 44.880876749753952 9.9354938864707929 10.294644460082056 13.056809306144716 41.850221201777458 11.887692302465437 4.4208560585975674 33.564253509044647 6.2526318877935436 13.083002477884291 7.3937973529100409 61.804450303316116 10.511932343244551
leaf_count=871 482 17031 18 56 866 103 1233 235 431 161 818 131 1570 214 136 13975 1059 222 50 44 61 211 58 18 210 28 77 36 349 50
internal_value=0.000203051 -0.0508968 0.0485942 -0.0561227 0.0137774 0.0545834 0.0369673 0.0303567 0.0176848 -0.00239376 0.00872304 0.00111133 -0.0575359 -0.0431944 0.000773145 0.0574796 0.0462037 0.0117666 -0.00236303 -0.0116434 -0.0357267 0.0270515 0.0392872 -0.0591843 -0.0356577 -0.0045383 -0.0319354 -0.0113443 0.0447157 0.0400487
internal_weight=6501.28 3162.14 3339.14 3023.03 490.091 2849.05 402.266 48.6047 210.378 336.695 236.681 139.388 2974.43 306.648 204.8 2446.78 284.142 116.622 71.7409 61.8054 30.7453 119.752 77.9016 2667.78 57.3207 23.7565 19.3356 20.4506 73.6921 51.0987
internal_count=40804 20360 20444 19489 2463 17981 2311 291 1078 1597 1115 647 19198 1834 954 15670 1695 544 322 272 141 636 425 17364 333 123 105 97 407 264
is_linear=0
shrinkage=0.05


Tree=21
num_leaves=31
num_cat=0
split_feature=9 3 5 4 4 9 2 8 14 4 9 2 14 14 8 2 8 4 8 14 8 2 5 14 5 8 14 14 4 6
split_gain=6014.37 704.227 335.156 138.887 107.761 53.1888 43.6765 43.076 34.5856 46.1566 37.4202 27.3022 159.197 19.3945 19.1801 16.8052 17.3942 18.8644 16.6861 14.3177 12.2005 10.2345 10.8546 9.99082 9.8311 9.7134 24.0173 9.13869 9.10767 18.4641
threshold=1.0000000180025095e-35 1.0000000180025095e-35 3.5000000000000004 4.212391765431394 3.8441697217888646 4.5000000000000009 1.5000000000000002 2.5000000000000004 11.500000000000002 4.1867336549731773 2.5000000000000004 1.5000000000000002 4.5000000000000009 3.5000000000000004 3.5000000000000004 1.5000000000000002 3.5000000000000004 3.9677201004745002 2.5000000000000004 13.500000000000002 2.5000000000000004 2.5000000000000004 4.5000000000000009 15.500000000000002 4.5000000000000009 3.5000000000000004 7.5000000000000009 15.500000000000002 4.0427521046615249 1.5000000000000002
decision_type=2 2 2 2 2 2 2 2 2 2 2 2 2 2 2 2 2 2 2 2 2 2 2 2 2 2 2 2 2 2
left_child=1 -1 18 11 5 7 -5 21 28 10 15 -3 -13 -9 24 20 17 -17 -2 -20 -10 22 -4 -19 -15 -14 -27 -22 29 -6
right_child=2 3 4 6 8 -7 -8 13 9 -11 -12 12 25 14 -16 16 -18 23 19 -21 27 -23 -24 -25 -26 26 -28 -29 -30 -31
leaf_value=0.061855395695183779 -0.03897749936583824 -0.058421743538876539 -0.022670185364629222 -0.058819330146996196 0.053670767630953811 0.053926778550027914 0.055911282796142769 0.062399971097414644 -0.0432779132843399 0.057527877463205292 0.049562646421752281 -0.058927448758986867 0.050032503784855992 0.003035027224890411 0.059647261360420992 -0.070830228176312113 0.059174162732547476 0.015515274830421207 -0.014615254594017685 0.020270462011154067 0.0033482808281478978 -0.077148500392350106 0.031799736425016198 -0.039822454967895979 0.045053976609319611 -0.074167736384026198 0.077383504343072992 0.058972019267739921 0.059495523184864174 -0.014611776083664294
leaf_weight=134.02532690763474 50.290280416607857 2569.9826790243387 55.12325844168663 10.743937969207762 698.01901890337467 112.57438814640045 36.396481528878212 30.541451454162598 5.2956919819116584 186.08378979563713 67.2014469653368 246.75235834717751 39.722397059202194 92.145709007978439 23.0004842877388 16.130411133170128 6.767677128314971 21.593480706214905 117.38298809528351 39.244863241910934 11.625760897994043 7.0154315978288642 10.965649724006651 13.107381135225294 16.397566050291061 5.647291034460066 4.8674804419279099 20.239517852663994 1627.4140664339066 10.042748957872389
leaf_count=871 272 17364 245 56 4487 685 235 157 23 1243 420 1570 214 409 117 68 39 104 569 159 50 32 49 65 86 25 25 104 11005 56
internal_value=0.000198826 -0.0502093 0.0476483 -0.0553634 0.051851 0.0256632 0.0297626 0.0121347 0.0552447 0.0405407 0.0210235 -0.0567631 -0.0424098 0.0265055 0.0181716 0.000784263 -0.0161286 -0.0261544 -0.0139198 -0.00587425 0.0269989 -0.0197277 -0.0136324 -0.00538717 0.0093828 0.0387209 -0.00401189 0.0386782 0.057436 0.0527023
internal_weight=6286.34 3048.14 3238.2 2914.11 3031.28 347.764 47.1404 235.19 2683.52 348.045 161.961 2866.97 296.99 162.085 131.544 94.7599 57.599 50.8313 206.918 156.628 37.161 73.1043 66.0889 34.7009 108.543 50.2372 10.5148 31.8653 2335.48 708.062
internal_count=40804 20360 20444 19489 19444 1780 291 1095 17664 2116 873 19198 1834 769 612 453 276 237 1000 728 177 326 294 169 495 264 50 154 15548 4543
is_linear=0
shrinkage=0.05


Tree=22
num_leaves=31
num_cat=0
split_feature=9 3 4 0 9 14 0 0 14 11 8 0 10 14 4 9 0 15 9 15 14 14 8 14 10 4 0 0 14 0
split_gain=5628.94 660.929 259.488 183.934 97.9927 56.5904 79.39 44.4096 35.8907 34.3517 31.9857 26.9638 24.4337 23.2377 16.9471 30.7226 34.0798 16.9027 13.7614 15.9966 12.3297 11.6269 11.2144 30.1951 10.9388 10.3805 29.6067 9.95123 9.74153 19.2197
threshold=1.0000000180025095e-35 1.0000000180025095e-35 3.8441697217888646 34.500000000000007 2.5000000000000004 11.500000000000002 36.500000000000007 26.500000000000004 8.5000000000000018 2.5000000000000004 2.5000000000000004 24.500000000000004 1.0000000180025095e-35 22.500000000000004 3.9362119235564088 4.5000000000000009 28.500000000000004 11.915683704674532 2.5000000000000004 9.6438385119425103 13.500000000000002 13.500000000000002 2.5000000000000004 3.5000000000000004 1.0000000180025095e-35 3.7216117239699007 20.500000000000004 30.500000000000004 7.5000000000000009 24.500000000000004
decision_type=2 2 2 2 2 2 2 2 2 2 2 2 2 2 2 2 2 2 2 2 2 2 2 2 2 2 2 2 2 2
left_child=1 -1 4 9 7 14 10 12 -9 27 -7 25 17 -5 15 16 28 22 19 24 -13 -10 -2 -24 -12 26 -11 -3 29 -4
right_child=2 3 5 13 -6 6 -8 8 21 11 18 20 -14 -15 -16 -17 -18 -19 -20 -21 -22 -23 23 -25 -26 -27 -28 -29 -30 -31
leaf_value=0.061091895254925477 -0.038469713644476385 -0.057718488792729318 -0.025106792369161846 0.056031275768292199 0.047018866335952841 -0.045126854604002668 0.053219950441973654 0.056439279042236418 -0.036881606068375115 -0.048207438540594345 -0.012601710220451746 0.059329270992646926 0.03214113426887695 -0.018568421126252066 0.057419164372793166 0.05873760910076023 0.057109448477928218 0.043039643663853717 0.052645153395736222 0.058405073224981778 -0.017439861995228161 0.014710741195262401 0.051992239040469283 -0.022755780195160266 0.02379822507789673 -0.060003353979142318 0.091231018718885712 -0.031739847087214189 -0.020296796079241262 0.046285661537843636
leaf_weight=129.04161055386066 71.966959968209267 2642.9007157832384 15.604943349957464 40.06531897187233 145.40943802893162 24.941142350435257 234.35140989720821 48.977426439523697 17.652433291077614 15.745875447988512 54.465100333094597 11.674414470791818 25.74595245718956 14.117222145199774 2008.8342060893774 153.0182017236948 47.433657601475716 10.28850121796131 22.151648864150047 14.19501146674156 9.4751609563827497 28.634012922644615 15.34817238152027 112.85039754211903 33.234337136149406 31.598255425691605 5.0206831395626059 37.383838593959808 28.633492171764374 23.813037022948265
leaf_count=871 369 18492 75 270 866 116 1597 264 75 108 229 62 112 77 13975 1059 291 46 134 77 44 124 75 532 158 199 21 216 136 134
internal_value=0.00019541 -0.0495516 0.046763 -0.0546363 0.0127983 0.0528505 0.0350772 -0.00221386 0.0266043 -0.0564313 0.0065394 -0.0227117 -0.0138368 0.0365944 0.0558423 0.0440444 0.0245759 -0.0194615 0.0169276 0.00916267 0.0249362 -0.00496522 -0.022674 -0.0138068 0.00119231 -0.0419562 -0.0144957 -0.0573561 0.00189921 0.0180225
internal_weight=6074.57 2937.02 3137.55 2807.98 476.873 2660.68 383.339 331.464 95.2639 2753.8 148.987 73.5144 236.2 54.1825 2277.34 268.503 115.485 210.454 124.046 101.894 21.1496 46.2864 200.166 128.199 87.6994 52.3648 20.7666 2680.28 68.0515 39.418
internal_count=40804 20360 20444 19489 2463 17981 2311 1597 463 19142 714 434 1134 347 15670 1695 636 1022 598 464 106 199 976 607 387 328 129 18708 345 209
is_linear=0
shrinkage=0.05


Tree=23
num_leaves=31
num_cat=0
split_feature=9 3 5 0 11 9 0 14 2 14 2 0 2 2 11 0 0 10 2 0 0 15 14 14 0 2 14 14 14 9
split_gain=5268.35 620.19 301.07 173.805 77.2462 82.2658 99.2136 98.577 51.2107 40.6824 60.6478 41.867 34.3253 29.791 27.6118 25.7353 22.3242 18.9234 18.918 22.8805 15.5874 18.2054 11.7926 10.157 28.4806 8.48958 81.8721 8.29838 7.98334 6.43195
threshold=1.0000000180025095e-35 1.0000000180025095e-35 3.5000000000000004 32.500000000000007 1.0000000180025095e-35 4.5000000000000009 28.500000000000004 11.500000000000002 1.5000000000000002 7.5000000000000009 1.5000000000000002 24.500000000000004 1.5000000000000002 2.5000000000000004 2.5000000000000004 38.500000000000007 24.500000000000004 1.0000000180025095e-35 2.5000000000000004 40.500000000000007 21.500000000000004 13.62291554599247 3.5000000000000004 16.500000000000004 33.500000000000007 1.5000000000000002 4.5000000000000009 2.5000000000000004 13.500000000000002 2.5000000000000004
decision_type=2 2 2 2 2 2 2 2 2 2 2 2 2 2 2 2 2 2 2 2 2 2 2 2 2 2 2 2 2 2
left_child=1 -1 20 14 5 6 9 18 -5 11 -11 17 -9 29 25 23 -16 -4 27 -20 -2 -22 -10 24 -14 -3 -27 -8 -18 -13
right_child=2 3 4 8 -6 -7 7 12 22 10 -12 13 15 -15 16 -17 28 -19 19 -21 21 -23 -24 -25 -26 26 -28 -29 -30 -31
leaf_value=0.060377384775245117 -0.030148921348212839 -0.05775025903657497 -0.015686597679443356 -0.040854356582213161 0.057973481270153608 0.054263342655008207 -0.01205121381262161 0.04165166356240714 -0.0272646858990882 0.018716647662786762 -0.06612041891037633 0.056175477947211595 -0.043070612389952322 -0.080005709425358548 -0.041038277703709172 0.043811927037932567 0.056154660370226095 0.048761116333522161 -0.069275204353822534 0.05494499256022646 -0.0065404164858366256 0.074928522599882447 0.059712565994203728 -0.074333494959164942 0.061927731736038043 -0.057890339929497103 0.034636011757482446 0.059526999623247048 -0.012829382171421816 -0.0089082744375311787
leaf_weight=124.16386485099792 79.184191793203354 2315.9250991344452 72.10182586312294 21.293293207883835 1488.9237026870251 648.80731008946896 4.0996691137552252 33.298950776457787 4.2713323980569831 41.770143508911133 42.500478163361549 69.960785523056984 34.429265677928925 4.48953753709793 50.91428716480732 12.704097181558607 9.3474798947572726 13.526848435401915 6.5097441822290412 8.6099386960268003 117.25133800506592 7.2833064645528784 44.475357547402382 12.711289674043654 7.9496179819107047 225.89153341948986 26.738011866807938 329.0571414232254 7.6071163713932028 4.0138952881097785
leaf_count=871 423 16957 325 112 10748 4618 20 172 19 183 191 399 147 21 328 79 49 66 35 60 547 30 312 60 44 1551 126 2253 35 23
internal_value=0.000192135 -0.048891 0.0459071 -0.0539039 0.0501253 0.0414472 0.0295298 0.0435467 0.0238343 0.00416863 -0.0240695 0.0186704 7.9979e-05 0.0450541 -0.0559691 -0.0203391 -0.0244902 -0.00550573 0.0561637 0.00146228 -0.0128042 -0.00177577 0.0520914 -0.0351326 -0.0233746 -0.0568009 -0.0480975 0.0586462 0.0252032 0.052644
internal_weight=5869.81 2830.63 3039.18 2706.46 2835.46 1346.54 697.733 449.37 70.04 248.364 84.2706 164.093 101.093 78.4642 2636.42 67.7943 67.8689 85.6287 348.276 15.1197 203.719 124.535 48.7467 55.0902 42.3789 2568.55 252.63 333.157 16.9546 73.9747
internal_count=40804 20360 20444 19489 19444 8696 4078 2870 443 1208 374 834 502 443 19046 330 412 391 2368 95 1000 577 331 251 191 18634 1677 2273 84 422
is_linear=0
shrinkage=0.05


Tree=24
num_leaves=31
num_cat=0
split_feature=4 0 0 14 0 14 14 2 15 8 0 0 3 0 15 3 14 0 4 8 14 14 2 8 3 14 4 14 14 0
split_gain=3275.72 429.994 325.842 567.222 180.794 377.855 102.038 94.0087 77.175 55.5401 49.7141 46.0576 45.3533 45.275 43.0446 37.0637 31.8788 63.0164 29.418 28.8168 35.3593 27.7002 22.4485 21.3238 20.8492 18.4348 17.7739 16.6815 16.4384 17.9254
threshold=3.9324779285615175 26.500000000000004 32.500000000000007 7.5000000000000009 20.500000000000004 6.5000000000000009 9.5000000000000018 1.5000000000000002 15.260706430327341 2.5000000000000004 19.500000000000004 29.500000000000004 1.0000000180025095e-35 30.500000000000004 13.62291554599247 1.0000000180025095e-35 16.500000000000004 38.500000000000007 3.647091011626145 2.5000000000000004 3.5000000000000004 2.5000000000000004 1.5000000000000002 4.5000000000000009 1.0000000180025095e-35 8.5000000000000018 3.8455070432369087 13.500000000000002 8.5000000000000018 24.500000000000004
decision_type=2 2 2 2 2 2 2 2 2 2 2 2 2 2 2 2 2 2 2 2 2 2 2 2 2 2 2 2 2 2
left_child=1 4 3 10 15 7 19 23 11 26 -2 24 -7 -8 25 -1 -4 -18 -16 20 -3 22 -12 -6 -5 -14 -9 -13 29 -26
right_child=2 6 16 8 5 12 13 9 -10 -11 21 27 14 -15 18 -17 17 -19 -20 -21 -22 -23 -24 -25 28 -27 -28 -29 -30 -31
leaf_value=0.01280639144584308 -0.059236188426044639 -0.032234520739878141 0.056516440794504019 0.06014482651058365 0.05674286812528645 0.032251663378177489 -0.02807245990880208 -0.034862624206208608 0.04730438377014845 0.036409979991931012 0.059052890449983964 0.034843830673594971 -0.025156290363236872 0.021614695789568983 0.10864023587804648 -0.054903827281951603 -0.023290714288625988 0.05264302244259518 -0.029613977485529464 0.056662853722344114 0.052790968975574094 0.05269683365043222 -0.033123239281403434 -0.037760232700222045 -0.044330124919900377 -0.052015190411972979 0.0040575958157518018 -0.014889381669637861 -0.046450970354339642 0.038820727888771021
leaf_weight=20.486452728509903 10.51539424061775 23.958924308419228 1491.7187063246965 4.9871693402528754 120.24589076638222 18.102270498871803 122.56506685912609 86.90034082531929 32.590493515133858 59.818564519286156 10.643517568707468 26.065855339169502 70.46496194601059 73.245142132043839 7.2005877792835227 1501.2187162935734 38.148642361164093 96.280694052577019 8.2630314826965314 120.41429153084755 24.973002836108208 592.45293337106705 17.409253761172295 6.2809506356716147 13.662579268217089 684.21097551286221 44.28200589120388 47.745552510023117 279.80181667208672 12.331541672348974
leaf_count=101 80 131 11253 26 878 91 698 555 213 291 82 173 384 413 29 11324 205 703 47 788 148 4393 109 44 97 4973 305 260 1920 90
internal_value=0.000189804 -0.0357462 0.0404026 0.0186646 -0.0428118 -0.0274258 0.0150936 0.0186252 -0.0265711 -0.0035178 0.0485711 -0.0328313 -0.0459765 -0.00948639 -0.0478153 -0.0539923 0.0544149 0.0310944 0.0347637 0.0435148 0.0111593 0.050398 0.00184936 0.0520516 -0.0412637 -0.0495073 -0.0217247 0.00267347 -0.0429175 -0.00488358
internal_weight=5666.99 2992.63 2674.35 1048.21 2627.47 1105.77 365.156 317.528 417.185 191.001 631.021 384.595 788.242 195.81 770.14 1521.71 1626.15 134.429 15.4636 169.346 48.9319 620.506 28.0528 126.527 310.783 754.676 131.182 73.8114 305.796 25.9941
internal_count=40804 21200 19604 7443 19022 7597 2178 2073 2779 1151 4664 2566 5524 1111 5433 11425 12161 908 76 1067 279 4584 191 922 2133 5357 860 433 2107 187
is_linear=0
shrinkage=0.05


Tree=25
num_leaves=31
num_cat=0
split_feature=9 3 4 0 9 0 14 11 6 14 0 0 10 2 0 2 14 0 14 6 14 0 2 14 15 15 0 15 4 0
split_gain=4749.84 556.699 209.452 151.526 131.759 60.9925 39.9659 30.2344 28.2444 27.1857 41.478 26.2688 24.144 22.0747 34.0381 15.1093 14.8072 13.5611 10.9298 10.85 20.8492 11.5007 10.4564 94.1107 9.43607 10.343 8.85024 8.6586 8.63305 24.0663
threshold=1.0000000180025095e-35 1.0000000180025095e-35 3.9324779285615175 34.500000000000007 4.5000000000000009 26.500000000000004 9.5000000000000018 2.5000000000000004 1.5000000000000002 11.500000000000002 36.500000000000007 24.500000000000004 1.0000000180025095e-35 1.5000000000000002 31.500000000000004 1.5000000000000002 13.500000000000002 18.500000000000004 4.5000000000000009 1.0000000180025095e-35 15.500000000000002 29.500000000000004 1.5000000000000002 5.5000000000000009 13.62291554599247 4.3167701863354049 30.500000000000004 4.5115332428765269 3.7216117239699007 20.500000000000004
decision_type=2 2 2 2 2 2 2 2 2 2 2 2 2 2 2 2 2 2 2 2 2 2 2 2 2 2 2 2 2 2
left_child=1 -1 4 7 5 12 8 22 -7 -4 19 28 17 -8 -15 -5 -13 -2 -17 26 21 -21 -3 -24 25 -19 -11 -25 29 -9
right_child=2 3 9 15 -6 6 13 11 -10 10 -12 16 -14 14 -16 18 -18 24 -20 20 -22 -23 23 27 -26 -27 -28 -29 -30 -31
leaf_value=0.059857299079885344 -0.046879113862020073 -0.056443175540489478 0.055140835544910421 -0.023856958275564791 0.052620445197035161 0.055965832902707971 0.02811133591580205 -0.052299933493449538 -0.058106001087035869 0.0098460095072545606 0.052166958242503371 0.066369387226666132 0.031372330660052232 -0.053910305151250108 0.033344869024340473 -0.029169249618439919 -0.018773596675508084 -0.0084627510298229836 0.057654377774996129 -0.055559499504505366 -0.064039267241230352 0.028327934055686163 -0.056585968707146328 0.052474733527760747 0.038322198855894322 -0.054005111408382614 0.046843915197742669 -0.026340851275999083 -0.060268125611745077 0.068844496531103805
leaf_weight=114.70742602646351 26.408555433154106 2188.5448379814625 1813.9172639772296 8.7947422415018064 233.36149488389492 98.439827725291252 50.238630548119545 14.025787293910982 5.743022382259368 35.116333365440369 211.67432035505772 10.730954840779306 34.920193463563919 28.425890445709229 18.419367134571075 4.0427533984184256 9.7424580007791501 206.38280333578587 35.054463550448418 4.8318782448768642 11.231654211878775 26.458876997232437 219.61517484486103 23.797851130366329 10.053710505366324 13.268256232142447 29.94888499379158 4.0824755877256385 27.229883849620819 5.7927946448326102
leaf_count=858 156 17259 14120 45 1695 615 226 106 28 160 1610 61 157 124 99 18 46 1013 271 20 49 151 1590 117 46 66 164 20 184 24
internal_value=0.000108811 -0.0478971 0.0448793 -0.0527415 0.0216752 0.00700641 0.0281695 -0.0544268 0.0496777 0.0527728 0.0393185 -0.0214232 -0.00762909 0.00508857 -0.0196019 0.0353567 0.0258533 -0.0129468 0.0486766 0.0140395 -0.00560171 0.0153741 -0.0553416 -0.0456004 -0.0090457 -0.0112138 0.0268758 0.0409339 -0.0419958 -0.0168905
internal_weight=5525 2666.16 2858.84 2551.45 725.662 492.3 201.267 2503.56 104.183 2133.18 319.262 67.5219 291.034 97.0839 46.8453 47.892 20.4734 256.113 39.0972 107.588 42.5224 31.2908 2436.04 247.496 229.705 219.651 65.0652 27.8803 47.0485 19.8186
internal_count=41098 20599 20499 19741 4225 2530 1092 19407 643 16274 2154 421 1438 449 223 334 107 1281 289 544 220 171 18986 1727 1125 1079 324 137 314 130
is_linear=0
shrinkage=0.05


Tree=26
num_leaves=31
num_cat=0
split_feature=9 3 5 0 11 9 8 0 14 10 11 6 14 0 14 2 0 0 8 0 8 8 8 14 14 5 14 0 2 0
split_gain=4450.47 523.509 223.105 142.744 68.7848 67.4477 87.1749 43.2651 53.6172 30.9342 29.3418 27.899 32.3129 32.4156 27.0295 36.5791 31.9373 24.4641 21.0484 17.4839 17.4664 15.8968 15.4142 13.6826 13.4074 29.7345 12.9062 14.9287 12.7049 10.7308
threshold=1.0000000180025095e-35 1.0000000180025095e-35 3.5000000000000004 34.500000000000007 1.0000000180025095e-35 4.5000000000000009 2.5000000000000004 28.500000000000004 11.500000000000002 1.0000000180025095e-35 2.5000000000000004 1.5000000000000002 8.5000000000000018 26.500000000000004 7.5000000000000009 1.5000000000000002 24.500000000000004 24.500000000000004 3.5000000000000004 18.500000000000004 3.5000000000000004 2.5000000000000004 2.5000000000000004 13.500000000000002 3.5000000000000004 4.5000000000000009 3.5000000000000004 21.500000000000004 1.5000000000000002 30.500000000000004
decision_type=2 2 2 2 2 2 2 2 2 2 2 2 2 2 2 2 2 2 2 2 2 2 2 2 2 2 2 2 2 2
left_child=1 -1 19 10 5 6 11 14 -9 18 29 12 13 -4 16 -16 20 -12 -10 -2 26 -21 -5 -19 25 -15 -8 -28 -24 -3
right_child=2 3 4 22 -6 -7 7 8 9 -11 17 -13 -14 24 15 -17 -18 23 -20 21 -22 -23 28 -25 -26 -27 27 -29 -30 -31
leaf_value=0.059259157323979565 -0.047127785216115825 -0.05516647935008942 -0.018264006851151336 -0.042504148983985982 0.055867953085783607 0.051736312022555908 0.055028994696995383 0.058092167545443385 -0.03469459389079585 0.042842108657396669 -0.04118079437931127 -0.08131719708320409 -0.045041474044667178 -0.093781033844617626 0.023783870787257362 -0.052533524378614131 0.058418671185702001 0.064442617516432502 0.058900461884015071 -0.035967391267289366 0.0600463032849484 0.0049606942564531364 -0.01421362901128018 -0.017918975313006277 0.063259380226604586 0.054090133989634803 0.024662561398218683 -0.046058332117899163 0.058498665058514088 -0.027492131060596565
leaf_weight=110.18646592646837 24.435473784804344 2306.254760235548 39.585275053977966 5.6771973222494116 1328.8368054032326 592.35367797315121 6.1947105079889289 272.39176723361015 34.281355418264866 41.200247183442116 45.631902553141117 11.964557975530623 30.735148720443249 5.0428666025400153 36.673492193222046 27.455410569906235 55.606192290782928 10.505012109875681 7.2831324785947791 28.50093050301075 10.8526693880558 141.58410061895847 7.3233009725809088 9.6979180425405485 29.833252139389515 10.433190047740935 10.981494531035422 23.28470841050148 33.436713367700577 35.568464174866676
leaf_count=858 150 18763 182 26 10741 4690 28 2106 158 233 314 60 141 23 162 122 358 61 44 161 59 669 38 46 194 70 46 102 270 223
internal_value=0.000106083 -0.0473589 0.0440538 -0.052146 0.0479543 0.0395155 0.0284433 0.0374337 0.0473834 0.0121393 -0.0538207 -0.00863382 -0.00111305 0.0147908 0.0167746 -0.00888978 0.0321677 -0.0209002 -0.0182944 -0.00757935 0.00372081 -0.00189757 0.0346836 0.024907 0.0436696 0.00590638 -0.0113871 -0.023394 0.0454345 -0.0547462
internal_weight=5333.79 2564.28 2769.51 2454.1 2574.99 1246.15 653.799 526.205 355.157 82.7647 2407.66 127.594 115.63 84.8946 171.049 64.1289 106.92 65.8348 41.5645 194.521 51.3136 170.085 46.4372 20.2029 45.3093 15.4761 40.4609 34.2662 40.76 2341.82
internal_count=41098 20599 20499 19741 19519 8778 4088 3418 2541 435 19407 670 610 469 877 284 593 421 202 980 235 830 334 107 287 93 176 148 308 18986
is_linear=0
shrinkage=0.05


Tree=27
num_leaves=31
num_cat=0
split_feature=9 3 5 0 4 9 8 2 11 0 8 0 11 8 0 8 6 8 6 0 2 8 9 4 0 0 0 4 0 8
split_gain=4170.67 491.934 213.117 134.659 95.8857 72.604 41.7996 31.437 24.7484 20.8335 17.2758 16.33 15.0877 14.6773 16.8359 14.6144 10.8112 19.4791 9.87477 13.1937 9.55324 72.9226 9.06197 8.44051 22.5451 7.93002 7.68444 7.31978 10.6265 10.4566
threshold=1.0000000180025095e-35 1.0000000180025095e-35 3.5000000000000004 32.500000000000007 3.9324779285615175 4.5000000000000009 2.5000000000000004 1.5000000000000002 2.5000000000000004 24.500000000000004 2.5000000000000004 18.500000000000004 1.0000000180025095e-35 3.5000000000000004 24.500000000000004 2.5000000000000004 1.5000000000000002 2.5000000000000004 1.5000000000000002 26.500000000000004 1.5000000000000002 2.5000000000000004 4.5000000000000009 3.7216117239699007 20.500000000000004 31.500000000000004 23.500000000000004 4.0484281352293268 24.500000000000004 2.5000000000000004
decision_type=2 2 2 2 2 2 2 2 2 2 2 2 2 2 2 2 2 2 2 2 2 2 2 2 2 2 2 2 2 2
left_child=1 -1 11 8 5 6 18 -5 20 23 -9 -2 16 14 -8 -13 27 22 19 -4 -3 -22 -18 24 -10 -17 -7 28 -6 -30
right_child=2 3 4 7 12 26 13 10 9 -11 -12 15 -14 -15 -16 25 17 -19 -20 -21 21 -23 -24 -25 -26 -27 -28 -29 29 -31
leaf_value=0.058697571791344709 -0.04605867288242807 -0.055410630723079106 -0.024534821161865606 -0.031850840603412416 0.055952507720684476 0.057815668452407314 -0.0056521037256111713 -0.035079768435660873 -0.050984046911184244 0.025183578949638987 0.058616557195657309 -0.034846538487330318 0.056024398570334727 0.054643599085316935 0.027794521087147896 0.0012901133836020382 -0.098462615737559073 0.058267148795012297 -0.068276671220801985 0.018321331200451488 -0.054332505839915529 0.037533698108575646 0.011832367984125859 -0.058745724876661243 0.067344616033542429 0.045642809295119928 0.037971318814106342 0.051705986814281985 0.0083807184176767479 0.040079394669452345
leaf_weight=105.78994980454445 23.769574984908104 2011.6660674139857 53.858841344714165 18.792489647865295 89.069056205451488 143.18320494145155 49.971581771969795 5.6894625276327124 13.142643585801126 16.866996675729752 36.358884878456593 27.960720211267471 1164.253659568727 34.896131858229637 152.27848846465349 130.87796372175217 4.3799316883087167 8.5850120633840561 8.0618754625320417 26.942773252725601 204.38121368736029 24.154861226677895 3.2398674562573433 25.652637153863907 5.802726835012435 10.918781101703642 73.995023041963577 474.93295604735613 30.784874983131886 167.96719825267792
leaf_count=858 150 17201 248 106 733 1137 215 25 106 88 298 161 9920 210 877 624 23 71 39 130 1590 119 27 184 24 45 558 3904 200 1227
internal_value=0.000105811 -0.0467871 0.0432956 -0.0515105 0.0472293 0.0286579 0.0137379 0.0219111 -0.0534513 -0.0221507 0.0459387 -0.00724404 0.0524206 0.0246975 0.0195306 -0.00180919 0.0470344 0.00662149 -0.0155095 -0.0102447 -0.0543101 -0.0446228 -0.0515662 -0.0400526 -0.0147415 0.00470541 0.0510545 0.0478929 0.041601 0.0351696
internal_weight=5148.23 2468.3 2679.93 2362.51 2486.4 543.188 326.01 60.8408 2301.67 61.465 42.0483 193.527 1943.21 237.146 202.25 169.757 778.959 16.2048 88.8635 80.8016 2240.2 228.536 7.6198 44.598 18.9454 141.797 217.178 762.754 287.821 198.752
internal_count=41098 20599 20499 19741 19519 3414 1719 429 19312 402 323 980 16105 1302 1092 830 6185 121 417 378 18910 1709 50 314 130 669 1695 6064 2160 1427
is_linear=0
shrinkage=0.05


Tree=28
num_leaves=31
num_cat=0
split_feature=9 0 4 9 2 0 11 14 14 0 0 8 14 14 8 2 2 14 8 0 10 14 0 14 0 2 15 2 15 0
split_gain=3909.23 379.92 195.182 113.521 64.236 49.1871 38.0585 35.9685 29.0135 53.2189 27.5727 27.3613 28.605 25.8395 18.2554 18.2522 15.9145 105.366 14.1199 20.7073 14.0117 11.5385 10.4294 9.98555 9.49669 9.48248 8.39938 15.6441 7.86197 7.74146
threshold=1.0000000180025095e-35 30.500000000000004 3.9324779285615175 4.5000000000000009 1.5000000000000002 28.500000000000004 2.5000000000000004 11.500000000000002 9.5000000000000018 29.500000000000004 24.500000000000004 2.5000000000000004 3.5000000000000004 4.5000000000000009 3.5000000000000004 1.5000000000000002 1.5000000000000002 4.5000000000000009 2.5000000000000004 39.500000000000007 1.0000000180025095e-35 14.500000000000002 18.500000000000004 13.500000000000002 31.500000000000004 2.5000000000000004 11.051177667926725 1.5000000000000002 7.9077644606565931 23.500000000000004
decision_type=2 2 2 2 2 2 2 2 2 2 2 2 2 2 2 2 2 2 2 2 2 2 2 2 2 2 2 2 2 2
left_child=1 6 3 5 14 11 16 25 -4 26 -8 -2 -13 -6 -3 -9 -1 -18 19 21 22 -11 -14 -12 -17 -7 27 -10 -19 -5
right_child=2 4 8 29 13 7 10 15 9 18 23 12 20 -15 -16 24 17 28 -20 -21 -22 -23 -24 -25 -26 -27 -28 -29 -30 -31
leaf_value=-0.054125100020506411 -0.025099152466865823 -0.037858185032974501 0.054225263798435654 0.057277394486960689 -0.029386010226241134 0.058544298157429987 -0.035850204017013727 0.02724173476757849 -0.00069538325363043343 0.040175351997698422 0.060189728627385523 0.052640752732061286 -0.05410301173117929 0.056439331652762298 0.069607106474132138 -0.061892639717522818 -0.054551626485610773 0.048824430081843451 0.048749457052283257 0.046303557380142177 0.030782238714760046 -0.061458073935361623 -0.0027820905634755883 -0.012841415130525412 0.0041389889760794522 -0.034365519204584645 0.04313827161603509 -0.074106874561282871 -0.029788944780855614 0.037047531687639711
leaf_weight=1930.1708448529243 102.87111234664917 34.20944057404995 1444.0550845041871 137.44758959114552 9.5797766819596273 72.143774144351482 44.768465034663677 27.860768586397171 36.757479213178158 3.9088245034217826 13.174313001334669 28.555531322956085 10.477997004985808 103.73365073651075 4.4679306149482718 12.670485928654672 191.22800888121128 30.699091583490372 377.21402200311422 21.408049665391445 30.721291646361351 9.7798610776662809 179.2960356771946 7.2597687393426886 9.5486542433500272 2.8549174517393103 7.1335875019431105 9.042339049279688 3.5479369908571234 72.096827954053879
leaf_count=17172 533 219 12677 1137 53 512 324 131 172 28 93 165 64 922 24 52 1561 177 3080 183 141 47 873 35 45 14 44 43 19 558
internal_value=0.00010298 -0.0462844 0.0425053 0.0196412 0.0301929 0.00616551 -0.0515184 0.0330975 0.0507268 0.0398679 -0.0138833 -0.00340653 0.00555367 0.0491835 -0.025444 0.000285296 -0.0526568 -0.040087 0.0459271 0.0155928 -0.000544406 -0.0324365 -0.00561567 0.0342434 -0.0335156 0.0550076 -0.00732863 -0.0151891 0.0406802 0.050317
internal_weight=4968.68 2372.84 2595.84 686.545 151.991 477.001 2220.85 125.079 1909.3 465.244 65.2025 351.922 249.051 113.313 38.6774 50.0799 2155.65 225.475 412.311 35.0967 220.495 13.6887 189.774 20.4341 22.2191 74.9987 52.9334 45.7998 34.247 209.544
internal_count=41098 20599 20499 4225 1218 2530 19381 754 16274 3597 452 1776 1243 975 243 228 18929 1757 3338 258 1078 75 937 128 97 526 259 215 196 1695
is_linear=0
shrinkage=0.05


Tree=29
num_leaves=31
num_cat=0
split_feature=9 3 5 0 11 9 0 14 6 6 6 14 6 0 11 6 8 0 8 8 0 8 14 6 14 14 5 9 8 0
split_gain=3662.84 445.362 195.951 120.028 69.5809 64.1454 74.7334 71.8394 34.1147 32.8029 27.7522 26.2425 35.3547 29.4276 23.8951 22.7737 20.6874 17.9284 17.2061 15.8186 14.3258 12.7254 9.79343 9.30332 76.2244 9.23337 9.07001 8.47998 8.19301 8.03174
threshold=1.0000000180025095e-35 1.0000000180025095e-35 3.5000000000000004 32.500000000000007 1.0000000180025095e-35 4.5000000000000009 28.500000000000004 11.500000000000002 1.5000000000000002 1.0000000180025095e-35 1.0000000180025095e-35 7.5000000000000009 1.0000000180025095e-35 24.500000000000004 2.5000000000000004 1.5000000000000002 3.5000000000000004 24.500000000000004 3.5000000000000004 2.5000000000000004 18.500000000000004 2.5000000000000004 13.500000000000002 1.0000000180025095e-35 5.5000000000000009 5.5000000000000009 5.5000000000000009 2.5000000000000004 2.5000000000000004 23.500000000000004
decision_type=2 2 2 2 2 2 2 2 2 2 2 2 2 2 2 2 2 2 2 2 2 2 2 2 2 2 2 2 2 2
left_child=1 -1 20 14 5 6 11 8 -8 -9 -5 13 -13 18 23 27 26 -16 25 -12 -2 -22 -19 -3 28 -4 -11 -15 -25 -7
right_child=2 3 4 10 -6 29 7 9 -10 16 19 12 -14 15 17 -17 -18 22 -20 -21 21 -23 -24 24 -26 -27 -28 -29 -30 -31
leaf_value=0.058090701767906795 -0.044220896857108588 -0.054394030923000006 0.0015094343184117644 -0.030048454764436239 0.054264208388697423 0.056984811209905097 0.055282466613769211 0.045053146163734292 -0.044690691681033318 -0.036293308779674592 -0.03239262759942823 0.013030404329728641 -0.052390122789876897 0.052293573731599985 -0.03828737002076673 -0.07258275892227331 0.056572428810912061 0.060279638340789699 0.057085086484675834 0.057722620113653859 -0.033223336982622857 0.0041442947688670314 -0.016365546422737427 -0.05555496546261806 0.037944221509334582 -0.035219513317840602 0.028944902898124982 -0.023468828288287624 0.037106817384612585 0.044496751810624374
leaf_weight=98.807210974395275 22.638511016964912 1854.9995237141848 44.666008859872818 18.23948822915554 1180.3718282729387 219.88376194238663 275.2071860358119 29.724511831998825 8.8062971383333188 49.856731109321117 5.6986899822950354 42.228977546095848 40.418082907795906 60.396820351481438 42.368484064936638 4.1945437937974921 8.0166929960250837 8.5474658012390154 10.10579442232847 33.481055736541748 27.148409590125084 141.703364148736 8.1339241117238981 185.27405109256506 25.390777736902237 27.737355440855026 5.9651963859796515 3.9339811801910392 2.4166298061609259 310.66377886384726
leaf_count=858 150 17201 205 106 10741 1969 2335 169 52 233 25 189 184 395 314 22 57 50 59 298 161 669 38 1572 126 123 41 24 11 2721
internal_value=0.000101506 -0.0457401 0.041743 -0.0504364 0.0457518 0.0369518 0.0259109 0.0396647 0.0521826 0.00166629 0.0208981 0.00368773 -0.0189631 0.0160824 -0.052362 0.0403002 -0.0185355 -0.0210001 -0.00403089 0.0446154 -0.00687134 -0.00186377 0.0229071 -0.0532574 -0.0433627 -0.0125612 -0.0293219 0.0476605 -0.0543619 0.0496724
internal_weight=4797.03 2283.36 2513.67 2184.55 2322.18 1141.81 611.258 377.577 284.013 93.5631 57.4192 233.682 82.6471 151.035 2127.13 68.5253 63.8386 59.0499 82.5092 39.1797 191.49 168.852 16.6814 2068.08 213.081 72.4034 55.8219 64.3308 187.691 530.548
internal_count=41098 20599 20499 19741 19519 8778 4088 2887 2387 500 429 1201 373 828 19312 441 331 402 387 323 980 830 88 18910 1709 328 274 419 1583 4690
is_linear=0
shrinkage=0.05


Tree=30
num_leaves=31
num_cat=0
split_feature=9 3 5 0 4 9 8 14 8 15 0 14 0 6 14 0 2 14 0 2 0 4 6 14 0 2 8 15 8 14
split_gain=3403.55 413.125 206.786 124.276 94.656 68.6421 31.9737 21.4935 22.9143 19.8248 22.1216 19.2785 34.8912 21.0736 16.0673 15.8446 17.5337 26.2024 38.3279 14.1987 13.5679 11.7149 11.0858 15.2747 11.5135 9.9889 68.3933 11.0297 9.20288 8.91161
threshold=1.0000000180025095e-35 1.0000000180025095e-35 3.5000000000000004 34.500000000000007 3.9324779285615175 4.5000000000000009 2.5000000000000004 3.5000000000000004 3.5000000000000004 10.681686167123063 24.500000000000004 11.500000000000002 37.500000000000007 1.0000000180025095e-35 14.500000000000002 32.500000000000007 1.5000000000000002 9.5000000000000018 26.500000000000004 1.5000000000000002 21.500000000000004 4.137689256062056 1.5000000000000002 7.5000000000000009 26.500000000000004 1.5000000000000002 2.5000000000000004 7.9077644606565931 2.5000000000000004 5.5000000000000009
decision_type=2 2 2 2 2 2 2 2 2 2 2 2 2 2 2 2 2 2 2 2 2 2 2 2 2 2 2 2 2 2
left_child=1 -1 20 9 5 6 22 -8 15 25 -11 -6 13 -13 21 16 -9 18 -18 -5 -2 -15 23 24 -4 -3 -27 -28 -22 -7
right_child=2 3 4 19 11 29 7 8 -10 10 -12 12 -14 14 -16 -17 17 -19 -20 -21 28 -23 -24 -25 -26 26 27 -29 -30 -31
leaf_value=0.056389181480723666 -0.027318901027740872 -0.053924776238054722 -0.0070188699379501165 -0.020717520688070052 0.05270006002765884 0.055855478365899991 0.055269968724811963 0.031516341213647048 0.054103271074754426 -0.041032251767728851 0.023857865607565996 0.038159022084169318 0.050484574532088503 -0.014524077171845418 -0.051999386946398968 0.043344258809468454 -0.020999289123906018 -0.052156180362403964 0.053215519442930008 0.048538459872693819 -0.03337382138472194 0.054011089265411587 -0.070417116484976047 -0.041167498231875134 0.0454450282317529 -0.053234812049305483 0.047590151846686975 -0.045271648057503569 0.0060052580179114556 0.031294488871608815
leaf_weight=95.479277312755585 67.114518493413925 1766.5050579831004 41.200188651680946 9.4461197108030301 1474.6199249327183 144.32781399786472 39.322327069938183 34.209469631314278 31.039072923362255 59.960407517850399 16.817942708730698 37.227112054824829 171.41972745209932 16.910621635615829 16.479413472115993 25.598420053720474 49.277212664484978 26.958339348435402 26.890429332852364 34.17774160951376 17.214270308613777 9.8770605772733671 7.8868782669305793 24.457858666777611 14.01473021507263 178.02835374325514 21.934826910495762 3.7433417662978163 107.41370517015457 49.63267807662487
leaf_count=873 395 17036 191 50 13978 1284 259 155 206 488 94 230 1577 88 78 178 219 121 197 305 99 81 39 116 75 1554 115 19 488 408
internal_value=-4.0536e-05 -0.0453197 0.0406421 -0.0499648 0.0449055 0.0260884 0.0118932 0.0215629 0.0147298 -0.0517444 -0.0268184 0.0505163 0.0377333 0.0105783 -0.0131523 0.00722907 0.000497432 -0.00979232 0.00520171 0.0335421 -0.00919438 0.010746 -0.0138708 -0.00827319 0.00629759 -0.0527158 -0.0422318 0.0340528 0.000566013 0.0495706
internal_weight=4619.18 2186.09 2433.09 2090.61 2241.35 514.815 320.855 233.295 193.973 2046.99 76.7784 1726.53 251.914 80.4942 43.2671 162.934 137.335 103.126 76.1676 43.6239 191.742 26.7877 87.5597 79.6728 55.2149 1970.21 203.707 25.6782 124.628 193.96
internal_count=40996 20534 20462 19661 19480 3448 1756 1335 1076 19306 582 16032 2054 477 247 870 692 537 416 355 982 169 421 382 266 18724 1688 134 587 1692
is_linear=0
shrinkage=0.05


Tree=31
num_leaves=31
num_cat=0
split_feature=9 3 9 0 0 8 14 0 14 11 11 10 6 9 2 11 0 2 8 2 14 10 14 0 9 14 14 0 0 2
split_gain=3192.67 388.926 139.946 206.562 117.257 45.9272 40.164 81.629 26.842 25.6182 24.201 20.9956 19.6308 17.4497 19.9634 28.3902 14.5177 13.3349 11.5857 11.4869 13.8899 11.635 11.5311 18.9871 12.6463 11.4338 11.0294 10.8905 9.84113 9.70433
threshold=1.0000000180025095e-35 1.0000000180025095e-35 4.5000000000000009 31.500000000000004 34.500000000000007 2.5000000000000004 7.5000000000000009 24.500000000000004 14.500000000000002 2.5000000000000004 4.5000000000000009 1.0000000180025095e-35 1.0000000180025095e-35 2.5000000000000004 1.5000000000000002 2.5000000000000004 24.500000000000004 1.5000000000000002 3.5000000000000004 2.5000000000000004 7.5000000000000009 1.0000000180025095e-35 3.5000000000000004 23.500000000000004 2.5000000000000004 8.5000000000000018 4.5000000000000009 38.500000000000007 26.500000000000004 1.5000000000000002
decision_type=2 2 2 2 2 2 2 2 2 2 2 2 2 2 2 2 2 2 2 2 2 2 2 2 2 2 2 2 2 2
left_child=1 -1 3 5 9 19 7 18 -5 29 12 13 -10 14 -8 25 -11 -6 -7 20 21 22 24 26 -2 28 -24 -14 -16 -3
right_child=2 4 -4 8 17 6 11 -9 10 16 -12 -13 27 -15 15 -17 -18 -19 -20 -21 -22 -23 23 -25 -26 -27 -28 -29 -30 -31
leaf_value=0.05590086143622755 -0.050110716359601716 -0.053450678191683199 0.052112205928221848 0.053518799868407296 -0.019880996744994633 -0.014375339325171564 0.00047324906522174231 0.055843374002579299 0.037277227790388105 -0.03507786215152852 0.057138770096269421 0.028772570871463832 -0.039140701319764798 0.041218181031552614 -0.038916237753844347 0.044256116311751088 0.018592278267787397 0.047743440591981018 0.032670529446050006 -0.079001517333087731 -0.035518296224531683 0.052770446380796032 0.037598669327075618 0.055041197340058662 0.040945263910115409 -0.062017035798948898 -0.034830470600866172 0.02404099072153551 0.062562538805302756 -0.041710544360248791
leaf_weight=91.596000552177429 22.076866164803508 1709.7732615768909 1178.2506008967757 490.22448521852493 9.3538028299808484 75.112441658973694 110.38552325218916 127.29006598889828 26.080093257129192 42.522116139531136 35.354957491159439 50.988765001296997 23.427244760096073 16.799735367298126 6.8498634770512563 9.4735726341605169 17.905884027481079 33.038572996854782 15.847420133650301 7.459119200706481 50.60368737578392 8.6685446202754957 7.0575987100601223 14.048255145549772 4.6092886179685584 40.597473472356796 20.59189385175705 9.6213922724127752 3.6686575189232826 196.21960482001305
leaf_count=873 110 17188 11572 4737 50 376 509 1078 149 330 341 259 111 107 31 80 100 305 93 38 269 49 38 85 22 184 123 74 27 1688
internal_value=-4.00953e-05 -0.0448579 0.0399311 0.0277354 -0.0494522 0.00691934 0.0144909 0.0299944 0.0488156 -0.0512259 0.0244135 0.000319355 0.00484608 -0.00740689 -0.0121847 -0.0352457 -0.0191745 0.0328222 -0.0061788 -0.0186906 -0.0151666 -0.00180075 -0.00871836 0.00770698 -0.0343833 -0.0499802 -0.0163428 -0.0207467 -0.0035224 -0.052242
internal_weight=4455.5 2100.41 2355.09 1176.84 2008.81 592.129 457.014 218.25 584.708 1966.42 94.4837 238.764 59.1287 187.775 170.975 60.5896 60.428 42.3924 90.9599 135.115 127.656 77.0524 68.3839 41.6977 26.6862 51.116 27.6495 33.0486 10.5185 1905.99
internal_count=40996 20534 20462 8890 19661 3478 2744 1547 5412 19306 675 1197 334 938 831 322 430 355 469 734 696 427 378 246 132 242 161 185 58 18876
is_linear=0
shrinkage=0.05


Tree=32
num_leaves=31
num_cat=0
split_feature=9 3 5 0 4 9 11 10 14 0 5 9 0 14 0 6 15 0 2 0 14 2 14 5 14 4 0 15 15 14
split_gain=2993.91 365.84 189.695 110.516 91.0587 62.2618 25.4204 25.0844 24.2623 37.1317 26.8795 21.4248 19.93 19.3882 32.8592 18.3008 14.2969 13.3921 12.5245 12.047 11.9694 10.4452 64.4861 9.691 9.35566 8.85824 18.5559 8.29507 8.12648 7.9294
threshold=1.0000000180025095e-35 1.0000000180025095e-35 3.5000000000000004 34.500000000000007 3.9324779285615175 4.5000000000000009 2.5000000000000004 1.0000000180025095e-35 8.5000000000000018 24.500000000000004 4.5000000000000009 2.5000000000000004 32.500000000000007 11.500000000000002 37.500000000000007 1.0000000180025095e-35 9.6438385119425103 24.500000000000004 1.5000000000000002 21.500000000000004 17.500000000000004 1.5000000000000002 5.5000000000000009 5.5000000000000009 5.5000000000000009 3.7216117239699007 20.500000000000004 4.0956108470785582 13.62291554599247 13.500000000000002
decision_type=2 2 2 2 2 2 2 2 2 2 2 2 2 2 2 2 2 2 2 2 2 2 2 2 2 2 2 2 2 2
left_child=1 -1 19 6 5 7 21 8 9 -4 -11 12 -10 -6 15 -15 23 25 -5 -2 -14 -3 -23 -17 -7 26 -8 -24 -21 -19
right_child=2 3 4 18 13 24 17 -9 11 10 -12 -13 20 14 -16 16 -18 29 -20 28 -22 22 27 -25 -26 -27 -28 -29 -30 -31
leaf_value=0.055434453093241187 -0.025938634939961975 -0.052997677643202713 -0.011422122720431586 -0.019073414853676276 0.051678897140840688 0.05493772142593261 -0.044326639732700041 0.036884286440414499 -0.054265936342838911 0.045975650008109006 -0.034464954616308739 0.028758577470230258 0.053227679562029576 0.036109918358504342 0.049268848176647395 -0.036388638112351018 0.057838693548092249 0.049596577704152357 0.046956428482251011 -0.0024798661717638898 -0.056631461982640567 -0.051818711357059399 0.047424627170672515 0.030696820056552023 0.028934746452476564 -0.054311354491335222 0.062191435501318559 -0.031769399325750201 0.054644242450576856 -0.017059830910932171
leaf_weight=87.843347199261189 65.646020993590355 1639.9373829737306 79.849804028868675 9.2646775692701322 1361.0068167746067 133.11227401345968 11.92460807412863 72.922076262533665 40.134024515748024 78.606480553746223 11.965970106422899 15.94488739222288 8.1593053489923459 35.718080624938011 158.68779926747084 29.922976955771446 6.1940908581018439 9.3208380714058894 31.940703041851521 117.56282383203506 3.5616401731967917 166.70927824825048 20.73537810146809 6.5643026977777472 46.736742772161961 23.49690992385149 6.221909523010253 3.9338591247797003 6.5740706026554099 8.5583315789699537
leaf_count=873 395 17188 366 50 13978 1284 112 433 182 535 71 101 51 230 1577 141 55 59 305 559 17 1560 108 51 408 192 26 20 28 41
internal_value=-3.83904e-05 -0.0443599 0.0392462 -0.0488972 0.0435942 0.0247613 -0.0506625 0.0112245 0.00336982 0.0134344 0.0353482 -0.0219286 -0.0375144 0.0493803 0.0361852 0.00970264 -0.0123964 -0.0185056 0.0321102 -0.00861549 0.0198448 -0.0517077 -0.0406538 -0.0243195 0.0481804 -0.0340456 -0.00780471 0.034796 0.000545326 0.0176897
internal_weight=4298.76 2019.89 2278.87 1932.04 2089.09 490.993 1890.84 311.144 238.222 170.422 90.5725 67.7999 51.855 1598.09 237.087 78.3995 42.6814 59.5226 41.2054 189.783 11.7209 1831.32 191.379 36.4873 179.849 41.6434 18.1465 24.6692 124.137 17.8792
internal_count=40996 20534 20462 19661 19480 3448 19306 1756 1323 972 606 351 250 16032 2054 477 247 430 355 982 68 18876 1688 192 1692 330 138 128 587 100
is_linear=0
shrinkage=0.05


Tree=33
num_leaves=31
num_cat=0
split_feature=9 3 5 0 4 9 8 14 8 15 14 0 0 4 0 6 0 2 14 0 15 5 2 0 2 8 15 3 8 14
split_gain=2808.55 344.588 180.597 104.362 89.9017 59.8112 26.2648 19.5062 20.3597 19.5011 19.3987 31.8245 18.6561 17.9799 17.1803 16.8284 13.3534 13.9326 19.717 29.4896 13.2238 12.1695 11.7638 11.0793 10.4544 63.7155 9.70871 9.69625 9.55032 9.39033
threshold=1.0000000180025095e-35 1.0000000180025095e-35 3.5000000000000004 34.500000000000007 3.9324779285615175 4.5000000000000009 2.5000000000000004 3.5000000000000004 3.5000000000000004 10.681686167123063 11.500000000000002 37.500000000000007 20.500000000000004 3.647091011626145 24.500000000000004 1.0000000180025095e-35 32.500000000000007 1.5000000000000002 8.5000000000000018 25.500000000000004 9.6438385119425103 4.5000000000000009 1.5000000000000002 21.500000000000004 1.5000000000000002 2.5000000000000004 7.9077644606565931 1.0000000180025095e-35 3.5000000000000004 5.5000000000000009
decision_type=2 2 2 2 2 2 2 2 2 2 2 2 2 2 2 2 2 2 2 2 2 2 2 2 2 2 2 2 2 2
left_child=1 -1 23 9 5 6 27 -8 16 24 -6 15 -11 -14 -15 -12 17 -9 19 -19 28 -20 -5 -2 -3 -26 -27 -4 -17 -7
right_child=2 3 4 22 10 29 7 8 -10 12 11 -13 13 14 -16 20 -18 18 21 -21 -22 -23 -24 -25 25 26 -28 -29 -30 -31
leaf_value=0.054988035771274937 -0.025001575097174773 -0.05256474592193229 0.043681680401919484 -0.018293894910859171 0.051172581351257275 0.054494766809103978 0.053446316133138785 0.02807245707463786 0.052004003142365224 -0.050749570974588591 0.034994353567006135 0.048675255878661602 0.086585712654257324 -0.052787858789352042 0.021145472748435389 -0.032195481247147315 0.040851413702330926 -0.018714794050287125 -0.053628489072285582 0.051449228779111261 0.057405075070619843 0.018910585691190147 0.04617608976801673 0.00051905982988051684 -0.051627670569229206 0.046757920045859734 -0.041718710933225489 -0.017768330860989456 0.048448507442370788 0.028093525080496035
leaf_weight=84.220399998128414 64.724995121359825 1558.8202774748206 6.991112455725669 9.1787198632955533 1307.1162492483854 127.6235166490078 36.204532496631145 33.371761977672577 28.759502544999123 34.975538551807404 35.031590268015862 152.74291538447142 5.1828259378671637 14.942156352102758 16.572661563754082 32.405282109975815 23.670449994504452 40.300768300890923 28.576464846730232 23.830795913934708 5.935379058122634 7.2484874576330176 30.883425690233707 124.00398966670036 159.89199063926935 21.513657145202163 3.6227017119526854 78.510532394051552 4.1403142213821402 45.754735343158245
leaf_count=873 395 17036 32 50 13978 1284 259 155 206 354 230 1577 21 113 94 157 178 176 125 189 55 47 305 587 1554 115 19 389 35 408
internal_value=-3.84713e-05 -0.0439293 0.0385396 -0.048419 0.0429135 0.0240441 0.0108019 0.0198719 0.0133282 -0.0501804 0.0488153 0.0354333 -0.0246196 0.000284242 -0.0139086 0.00933935 0.00624346 9.9329e-05 -0.00923986 0.00735762 -0.0118168 -0.0389516 0.0314052 -0.00823329 -0.051231 -0.0399942 0.0340065 -0.0127438 -0.0230592 0.0475274
internal_weight=4146.75 1939.8 2206.94 1855.58 2018.21 480.843 307.464 221.963 185.758 1815.52 1537.37 230.255 71.6732 36.6976 31.5148 77.5126 156.999 133.328 99.9565 64.1316 42.481 35.825 40.0621 188.729 1743.85 185.028 25.1364 85.5016 36.5456 173.378
internal_count=40996 20534 20462 19661 19480 3448 1756 1335 1076 19306 16032 2054 582 228 207 477 870 692 537 365 247 172 355 982 18724 1688 134 421 192 1692
is_linear=0
shrinkage=0.05


Tree=34
num_leaves=31
num_cat=0
split_feature=9 3 4 0 9 5 0 14 15 14 6 15 0 2 4 0 6 14 8 14 4 0 2 0 8 0 6 14 14 8
split_gain=2635.05 324.625 172.964 98.5827 89.7449 40.3595 28.8859 30.2531 19.5502 27.1169 19.8766 19.1906 17.76 16.6568 16.2434 15.9666 15.1102 22.8336 12.8777 23.1954 15.869 12.1934 11.0493 10.4034 10.6788 10.1681 9.80406 9.42635 8.46762 8.32615
threshold=1.0000000180025095e-35 1.0000000180025095e-35 3.9324779285615175 34.500000000000007 4.5000000000000009 3.5000000000000004 28.500000000000004 11.500000000000002 1.0000000180025095e-35 11.500000000000002 1.0000000180025095e-35 10.681686167123063 20.500000000000004 1.5000000000000002 3.647091011626145 24.500000000000004 1.5000000000000002 3.5000000000000004 2.5000000000000004 3.5000000000000004 3.547173126177551 37.500000000000007 1.5000000000000002 25.500000000000004 3.5000000000000004 41.500000000000007 1.5000000000000002 5.5000000000000009 15.500000000000002 2.5000000000000004
decision_type=2 2 2 2 2 2 2 2 2 2 2 2 2 2 2 2 2 2 2 2 2 2 2 2 2 2 2 2 2 2
left_child=1 -1 4 11 6 -4 18 26 9 16 -11 23 -13 -9 -14 -16 -7 25 -2 20 -20 28 -5 -3 -25 -18 -8 -6 -12 -24
right_child=2 3 5 22 27 8 7 13 -10 10 21 12 14 -15 15 -17 17 -19 19 -21 -22 -23 29 24 -26 -27 -28 -29 -30 -31
leaf_value=0.054559838042541532 -0.018479613897360855 -0.0521059597250767 -0.0032555209176891951 -0.017541615970151143 0.054069675764777669 0.047785717523947994 0.053901723285260897 0.023175882103911444 0.053031462535724418 0.040574040499453734 -0.0017038253492826811 -0.050203164540827218 0.082120793518042162 -0.03562331169407839 -0.051766731333366379 0.020119290614597746 -0.13451868052949409 0.056069770777332308 -0.05097748662799937 -0.0025895068337783147 0.060324101386675578 0.028259455943176789 -0.022731615650402381 -0.04224973679638061 0.0099908663559718242 -0.0082238936936696854 -0.041010695124765316 0.027264548476705671 -0.052967440825382434 0.055630669485279685
leaf_weight=80.725781083106995 98.052303411066532 1503.7361281588674 39.026291832327843 9.0958932340145093 122.32956332713366 480.64855917543173 58.80431817471981 26.833899818360806 875.35646963864565 53.597367785871029 22.513777710497379 33.62273845076561 5.1910852193832389 21.853617459535599 14.486686438322069 16.547702342271805 3.3493149653077108 7.051868736743927 3.6862737685441997 215.59007613360882 24.40174475312233 20.824168160557747 3.8987066000700024 158.93201734125614 10.424057260155676 3.0404554083943367 2.8528166711330405 44.812920264899731 12.543227612972258 25.967237286269665
leaf_count=873 536 17078 175 50 1284 5184 505 134 9903 440 126 354 21 100 113 94 18 75 20 1087 167 201 18 1556 90 29 14 408 56 287
internal_value=-3.83502e-05 -0.0435096 0.0378486 -0.0479525 0.0155778 0.0469335 0.00400357 0.0262456 0.0482579 0.0413348 0.0188201 -0.0497108 -0.0240331 -0.00321641 0.000256606 -0.0134367 0.0463235 -0.00596305 -0.00317837 0.00297862 0.0457169 -0.00204474 0.0307068 -0.0507828 -0.0390343 -0.0744236 0.0495102 0.0468829 -0.0200457 0.0454012
internal_weight=3999.8 1862.63 2137.17 1781.9 619.218 1517.95 452.075 110.345 1478.93 603.569 109.479 1742.94 69.8482 48.6875 36.2255 31.0344 494.09 13.4416 341.73 243.678 28.088 55.8812 38.9618 1673.09 169.356 6.38977 61.6571 167.142 35.057 29.8659
internal_count=40996 20534 20462 19661 4255 16207 2563 753 16032 6129 823 19306 582 234 228 207 5306 122 1810 1274 187 383 355 18724 1646 47 519 1692 182 305
is_linear=0
shrinkage=0.05


Tree=35
num_leaves=31
num_cat=0
split_feature=9 0 5 11 9 0 14 6 6 11 14 6 0 8 14 0 14 5 10 14 6 8 8 6 8 0 10 8 14 0
split_gain=2454.43 273.392 176.874 69.1699 50.4438 57.5865 56.6926 38.0276 30.4375 27.7535 24.7261 43.8524 22.684 20.6104 18.1011 16.5617 16.416 16.1608 15.9905 14.9625 53.9148 13.2431 12.7365 11.8109 11.8169 10.5023 13.3028 8.50287 8.32717 7.34568
threshold=1.0000000180025095e-35 30.500000000000004 3.5000000000000004 1.0000000180025095e-35 4.5000000000000009 29.500000000000004 12.500000000000002 1.0000000180025095e-35 1.5000000000000002 2.5000000000000004 7.5000000000000009 1.0000000180025095e-35 24.500000000000004 2.5000000000000004 4.5000000000000009 20.500000000000004 3.5000000000000004 3.5000000000000004 1.0000000180025095e-35 3.5000000000000004 1.0000000180025095e-35 2.5000000000000004 5.5000000000000009 1.0000000180025095e-35 3.5000000000000004 23.500000000000004 1.0000000180025095e-35 2.5000000000000004 8.5000000000000018 35.500000000000007
decision_type=2 2 2 2 2 2 2 2 2 2 2 2 2 2 2 2 2 2 2 2 2 2 2 2 2 2 2 2 2 2
left_child=1 9 27 4 5 10 8 22 -7 17 12 -12 18 16 -9 -11 -14 -1 -4 21 -21 -19 -3 -8 -25 -6 -27 -2 -22 -10
right_child=2 7 3 -5 25 6 23 14 29 15 11 -13 13 -15 -16 -17 -18 19 -20 20 28 -23 -24 24 -26 26 -28 -29 -30 -31
leaf_value=-0.051748497073094549 -0.029214617961337782 -0.025002506498496037 -0.011539934110894072 0.051559805711121079 0.055123235413982577 0.053925220473826398 0.031002470376359621 -0.028469603679849294 -0.10239282176553997 -0.050613624821181091 0.020149227804078833 -0.048222622860246714 -0.03744277521771873 0.052797151283353563 0.054136528274582145 0.0054836050540323089 0.055518100244170678 -0.05274805430205342 0.047036582426370259 -0.042928691047941635 0.040953485884863548 0.064605569817309666 0.08176800436409265 -0.023654540968279472 0.051840471914801151 0.029071186195699223 0.05272585529037304 -0.0031715041017449323 -0.028125335695721339 -0.0021078846710292842
leaf_weight=1306.6415081545711 39.431218609213829 30.650544717907906 67.350032940506935 927.01126527041197 167.68148900568485 206.82883647084236 19.795170269906521 7.2328388020396224 3.4826268255710593 20.215963549911976 44.963783204555511 49.018865615129471 13.795736633241178 54.664943225681782 79.781956695020199 37.681097902357578 7.2420712262392035 139.56425205618143 14.087775148451327 128.0124044418335 26.733051575720314 2.4461414217948905 3.0731660947203627 43.649455614387989 5.8817683383822432 143.31717614084482 101.55098138004541 152.76595421135426 5.2134060338139525 3.8386860489845276
leaf_count=15669 264 231 315 10725 1919 2215 131 44 17 209 216 244 71 489 940 261 39 1509 80 1376 175 12 18 218 50 1543 1123 748 27 28
internal_value=5.49725e-05 -0.0428514 0.0371658 0.0418504 0.0323475 0.022211 0.0376564 0.0298012 0.0503787 -0.0481151 0.00477559 -0.0155117 0.016909 0.0366125 0.0472701 -0.0141039 -0.00544185 -0.0493393 -0.00140689 -0.0389143 -0.0284274 -0.0507266 -0.0152727 -0.00164288 -0.0146896 0.0454828 0.0388812 -0.00851452 0.0296804 -0.0498118
internal_weight=3853.6 1787.25 2066.36 1874.16 947.149 534.6 283.477 120.739 214.15 1666.51 251.123 93.9826 157.141 75.7028 87.0148 57.8971 21.0378 1608.61 81.4378 301.969 159.959 142.01 33.7237 69.3264 49.5312 412.55 244.868 192.197 31.9465 7.32131
internal_count=40906 20471 20435 19423 8698 4113 2659 1233 2260 19238 1454 460 994 599 984 470 110 18768 395 3099 1578 1521 249 399 268 4585 2666 1012 202 45
is_linear=0
shrinkage=0.05


Tree=36
num_leaves=31
num_cat=0
split_feature=9 3 5 4 4 9 2 10 14 4 11 3 14 2 14 6 14 9 2 14 4 4 15 14 14 9 14 14 4 14
split_gain=2300.64 296.454 168.495 84.5061 59.5833 53.6977 38.9471 18.9202 18.5749 24.4364 18.4442 17.5212 14.8191 13.2857 64.4827 12.893 16.6607 15.0898 11.9706 11.1508 16.2295 10.8356 7.66368 7.42004 7.2238 6.91575 7.13909 6.55759 8.54262 6.5493
threshold=1.0000000180025095e-35 1.0000000180025095e-35 3.5000000000000004 3.9362119235564088 4.1416836558131678 4.5000000000000009 1.5000000000000002 1.0000000180025095e-35 9.5000000000000018 4.1131893947952252 2.5000000000000004 1.0000000180025095e-35 18.500000000000004 1.5000000000000002 5.5000000000000009 1.5000000000000002 6.5000000000000009 1.5000000000000002 2.5000000000000004 8.5000000000000018 3.647091011626145 3.6978458230844127 12.058579144162861 4.5000000000000009 4.5000000000000009 2.5000000000000004 2.5000000000000004 8.5000000000000018 3.8556271184800082 6.5000000000000009
decision_type=2 2 2 2 2 2 2 2 2 2 2 2 2 2 2 2 2 2 2 2 2 2 2 2 2 2 2 2 2 2
left_child=1 -1 -2 5 10 7 -6 11 -5 -10 12 -4 13 -3 -15 16 21 27 -7 -12 -21 -13 -22 -9 -8 26 -23 28 -18 -16
right_child=2 4 3 8 6 18 24 23 9 -11 19 15 -14 14 29 -17 17 -19 -20 20 22 25 -24 -25 -26 -27 -28 -29 -30 -31
leaf_value=0.05484505830318212 -0.0081280007811819852 -0.051678411015552844 0.061113579721459747 0.050764574379237384 -0.046011020490328798 0.047903001109449207 -0.012030157712216405 0.069384467328763869 0.018356949255696225 0.047104480669549614 -0.042583372818227834 -0.0036641455966257806 -0.011780698550349827 -0.050776049664195647 0.059761295573810061 -0.069050554188592447 -0.018539316902030107 0.024296016060424711 -0.037067794406911006 0.080095931473938384 0.026399910583224474 -0.029961956332808973 -0.040663356039603263 0.025291067096149939 0.056632361088826605 -0.03749811553776463 0.037587281174100928 -0.036737454344221189 0.049085979770636244 0.011275449082151761
leaf_weight=74.997128814458847 191.33501702547073 1354.5344697088003 12.132285393774508 1029.5548124015331 19.655517607927322 157.85248066484928 4.565903045237067 11.384930633008478 113.64868097007275 211.47781609743834 23.008395314216614 44.710398316383362 25.749207086861134 139.88869022578001 12.000731967389585 6.6766071394085875 27.76741586625576 20.781975604593754 4.2567131221294394 5.6652247756719616 6.6419380158185986 4.2131831198930731 11.878732070326803 58.912997506558895 23.786175340414047 3.7253649532794944 54.624493725597858 42.763740696012974 5.6141511127352706 16.596937373280525
leaf_count=862 1012 16850 63 12509 165 1736 30 89 942 2450 229 230 212 1536 73 38 142 131 41 24 29 19 101 355 259 20 388 220 50 101
internal_value=5.50697e-05 -0.0423713 0.0364937 0.0412105 -0.0468062 0.0225777 0.00807723 0.00981373 0.0474744 0.0370557 -0.0484572 0.00268388 -0.0493955 -0.0500314 -0.0367904 -0.000677724 0.00155781 -0.0134671 0.0456718 -0.0176652 0.00603984 0.0151336 -0.0166129 0.0324321 0.0455747 0.0285673 0.0327503 -0.0237735 -0.00716602 0.0316221
internal_weight=3720.4 1718.97 2001.43 1810.1 1643.97 455.417 48.0076 293.308 1354.68 325.126 1595.96 223.01 1548.77 1523.02 168.486 210.877 204.201 96.9273 162.109 47.1943 24.1859 107.273 18.5207 70.2979 28.3521 62.563 58.8377 76.1453 33.3816 28.5977
internal_count=40906 20471 20435 19423 19609 3522 454 1745 15901 3392 19155 1301 18772 18560 1710 1238 1200 543 1777 383 154 657 130 444 289 427 407 412 192 174
is_linear=0
shrinkage=0.05


Tree=37
num_leaves=31
num_cat=0
split_feature=5 4 5 0 0 14 0 14 3 0 2 14 0 2 14 2 14 8 8 14 14 0 14 3 14 8 11 4 0 2
split_gain=1878.04 313.951 69.768 46.1463 45.1666 77.3212 43.1828 31.0243 30.9678 30.5112 28.8144 27.1963 24.0393 25.7745 23.9671 22.6168 37.5059 22.4252 19.6373 17.5768 16.4426 21.7881 15.4089 14.9525 14.8041 23.2184 13.9835 21.0988 26.3534 13.8249
threshold=3.5000000000000004 3.9324779285615175 4.5000000000000009 26.500000000000004 36.500000000000007 8.5000000000000018 21.500000000000004 8.5000000000000018 1.0000000180025095e-35 28.500000000000004 2.5000000000000004 2.5000000000000004 25.500000000000004 1.5000000000000002 14.500000000000002 1.5000000000000002 4.5000000000000009 2.5000000000000004 3.5000000000000004 4.5000000000000009 3.5000000000000004 28.500000000000004 4.5000000000000009 1.0000000180025095e-35 3.5000000000000004 2.5000000000000004 2.5000000000000004 3.6306988403295679 19.500000000000004 1.5000000000000002
decision_type=2 2 2 2 2 2 2 2 2 2 2 2 2 2 2 2 2 2 2 2 2 2 2 2 2 2 2 2 2 2
left_child=3 2 6 8 5 11 15 12 -1 -7 20 29 13 -8 -11 16 -2 -15 -5 -17 -4 -22 -19 -9 25 -14 -10 28 -28 -3
right_child=1 4 10 18 -6 9 7 23 26 14 -12 -13 24 17 -16 19 -18 22 -20 -21 21 -23 -24 -25 -26 -27 27 -29 -30 -31
leaf_value=0.013399206893831901 0.051539213853565469 0.054510572885204583 0.05093198620656747 -0.021438282636065609 0.050348964962287024 -0.024417184609369692 0.043572709172110591 0.047789803082341008 -0.048598597205818585 0.035166824367533787 -0.039703621095491214 0.04638763680652587 -0.043214095575162689 -0.036368978509140448 -0.010497625492768075 -0.051740393899698547 -0.029356042950646196 0.068864981603015366 0.045883162409216721 0.024660095273036739 -0.015607354679484342 0.037891917383652857 -0.0012089776776981502 -0.022473499947469999 0.052933816868264108 0.054060103949633967 -0.048844286859492325 -0.045319237554927366 0.080200902141859348 -0.038124031320998314
leaf_weight=21.142678149044514 19.40540973097086 5.5405900254845646 77.828866332769394 115.4567836150527 833.98236701637506 58.514577746391296 28.05451038479805 8.1204741895198804 1256.0755856856704 82.413196854293346 14.276721924543379 436.12481960654259 12.278137415647507 45.847646497189999 44.115511119365692 86.289213195443153 54.764219269156456 9.5411472842097265 11.953652545809744 8.247680760920046 29.451217964291573 53.789170980453491 44.132376998662949 112.05541917681694 49.185525864362717 12.259705118834972 6.8764582872390774 30.244668297469616 9.3165909945964795 14.750418625771998
leaf_count=119 186 73 872 959 10548 526 326 50 15663 843 102 5373 95 404 289 973 559 57 76 37 218 510 216 785 428 111 75 255 42 136
internal_value=5.33948e-05 0.0298174 0.00130891 -0.0438617 0.0426767 0.0327017 -0.00837353 0.00237724 -0.0466281 0.00543841 0.0283762 0.043755 0.0143787 0.00124377 0.0192455 -0.0288594 -0.00819097 -0.0106885 -0.0151222 -0.045075 0.0344107 0.0189634 0.0112476 -0.0177257 0.0371083 0.00538647 -0.0476025 -0.0206587 0.0254012 -0.0128296
internal_weight=3592.04 2140.97 665.527 1451.07 1475.44 641.459 490.181 321.475 1323.66 185.043 175.346 456.416 201.299 127.576 126.529 168.707 74.1696 99.5212 127.41 94.5369 161.069 83.2404 53.6735 120.176 73.7234 24.5378 1302.51 46.4377 16.193 20.291
internal_count=40906 23717 5929 17189 17788 7240 4227 2472 16154 1658 1702 5582 1637 1003 1132 1755 745 677 1035 1010 1600 728 273 835 634 206 16035 372 117 209
is_linear=0
shrinkage=0.05


Tree=38
num_leaves=31
num_cat=0
split_feature=9 3 4 9 4 5 2 14 4 10 8 14 2 8 14 2 15 14 4 15 14 6 4 14 14 4 4 14 14 14
split_gain=2042.75 268.515 144.062 72.0089 52.9469 51.9446 34.8436 19.5492 22.8545 19.5323 17.716 17.4032 15.1591 68.9621 12.0397 11.4342 10.6174 13.9891 14.6323 11.7338 10.0228 9.68498 9.41338 9.18945 8.7005 9.81108 8.57653 8.56679 8.35127 7.83743
threshold=1.0000000180025095e-35 1.0000000180025095e-35 3.9362119235564088 1.5000000000000002 4.1416836558131678 3.5000000000000004 1.5000000000000002 11.500000000000002 4.1867336549731773 1.0000000180025095e-35 2.5000000000000004 3.5000000000000004 1.5000000000000002 2.5000000000000004 18.500000000000004 2.5000000000000004 10.681686167123063 8.5000000000000018 3.647091011626145 12.352614787071717 4.5000000000000009 1.0000000180025095e-35 3.958462069116361 5.5000000000000009 6.5000000000000009 3.9219331703790541 3.5587990918365406 7.5000000000000009 4.5000000000000009 3.5000000000000004
decision_type=2 2 2 2 2 2 2 2 2 2 2 2 2 2 2 2 2 2 2 2 2 2 2 2 2 2 2 2 2 2
left_child=1 -1 3 9 12 -4 -6 -7 21 10 29 26 14 20 16 23 -3 -18 -19 -20 -14 -9 -23 -5 -15 -26 -12 -11 -13 -2
right_child=2 4 5 15 6 7 -8 8 -10 27 11 28 13 24 -16 -17 17 18 19 -21 -22 22 -24 -25 25 -27 -28 -29 -30 -31
leaf_value=0.054314081350638622 -0.045690983578144405 -0.050979487110398992 -0.013386646563819667 0.050301700795177963 -0.044766436596094639 0.049049538272628777 0.044210848245143361 0.030911092352432237 0.048063040295941148 0.049517947699728268 -0.037781601683566743 -0.053465140363191346 -0.052247590096145824 0.059945903731275389 -0.014583725424114478 -0.031544398609488121 -0.049928320898973796 0.072973354527874221 0.035033808654836324 -0.05572506472865877 0.013082903772243838 -0.069653918673015638 0.0053648427318367664 0.027480202374621267 -0.033201621448536049 0.041787805659591226 0.057409777249619244 0.011906481263928032 0.0021624457481979882 -0.012276764989605927
leaf_weight=69.793959304690361 24.192582756280899 1238.5469194501638 37.41301403939724 118.55654995888472 18.817041598260403 1063.7901440933347 26.495525479316711 42.48664914816618 101.08541361987591 27.037827037274837 2.6807077005505588 6.965630203485488 127.98047866672277 14.93479201197624 24.352524153888226 5.4661321565508834 28.833167843520641 5.5989926755428341 5.7074048668146125 9.4706288874149305 6.1530731022357932 4.6244810894131652 43.666915103793144 70.246490113437176 7.9238665327429798 9.7024466097354871 20.17024153470993 34.404219731688499 214.98135696351528 63.903790928423405
leaf_count=862 128 16699 171 1393 165 13918 289 362 1284 216 16 39 1526 90 200 46 354 24 25 86 26 26 311 601 42 83 164 172 1197 391
internal_value=5.39795e-05 -0.0415874 0.035336 0.0148305 -0.0459778 0.0446702 0.00726107 0.0464 0.0317097 0.00255551 -0.00222521 0.0046943 -0.0476087 -0.0334056 -0.0494126 0.0397467 -0.050071 -0.0273898 0.00388785 -0.021597 -0.0492507 0.0134995 -0.0018191 0.0418107 0.0318674 0.00807649 0.0462426 0.0284576 0.000416618 -0.0214528
internal_weight=3475.98 1594.31 1881.67 588.606 1524.52 1293.07 45.3126 1255.65 191.863 394.336 332.894 244.798 1479.2 166.695 1312.51 194.269 1288.16 49.6102 20.777 15.178 134.134 90.778 48.2914 188.803 32.5611 17.6263 22.8509 61.442 221.947 88.0964
internal_count=40906 20471 20435 4363 19609 16072 454 15901 1983 2323 1935 1416 19155 1767 17388 2040 17188 489 135 111 1552 699 337 1994 215 125 180 388 1236 519
is_linear=0
shrinkage=0.05


Tree=39
num_leaves=31
num_cat=0
split_feature=9 0 4 9 5 2 11 0 14 14 0 14 5 8 10 0 14 2 4 0 8 8 8 14 0 8 2 0 2 15
split_gain=1915.03 219.396 140.694 68.5191 49.7388 30.9723 25.0597 24.9388 24.5236 19.8284 25.5099 16.313 15.322 14.1257 13.8359 13.5407 13.4872 42.1897 13.4718 11.7793 11.7516 11.3101 11.1766 12.1312 11.2795 11.0913 10.1509 9.80564 9.63319 10.829
threshold=1.0000000180025095e-35 30.500000000000004 3.9362119235564088 4.5000000000000009 3.5000000000000004 1.5000000000000002 2.5000000000000004 28.500000000000004 11.500000000000002 9.5000000000000018 36.500000000000007 4.5000000000000009 3.5000000000000004 3.5000000000000004 1.0000000180025095e-35 20.500000000000004 3.5000000000000004 1.5000000000000002 3.647091011626145 24.500000000000004 2.5000000000000004 5.5000000000000009 2.5000000000000004 3.5000000000000004 22.500000000000004 2.5000000000000004 2.5000000000000004 29.500000000000004 1.5000000000000002 3.3473389355742298
decision_type=2 2 2 2 2 2 2 2 2 2 2 2 2 2 2 2 2 2 2 2 2 2 2 2 2 2 2 2 2 2
left_child=1 6 3 7 -4 21 12 14 -9 -6 25 -7 -1 -10 22 -8 20 -18 -17 -20 -14 -3 -2 24 -24 -11 -5 28 -27 -30
right_child=2 5 4 26 9 11 15 8 13 10 -12 -13 16 -15 -16 18 17 -19 19 -21 -22 -23 23 -25 -26 27 -28 -29 29 -31
leaf_value=-0.050287097119302772 -0.021527481558868741 -0.022735157970505293 -0.012748524906375257 0.046288967970556864 0.049515522270925726 -0.027180249099869686 -0.048731831951517236 0.048199862842451285 -0.010289338367736002 -0.03684327268392492 0.045551301021103413 0.052973451416601182 -0.051285066716739269 0.072847099691559974 0.02430520298238854 0.074810172327236898 -0.040529615454978601 0.026144711398125561 -0.045507096225140153 0.018130819793611527 0.059396123027817174 0.078351326636177179 -0.053449948488513269 -0.003834698643661249 0.054983559159159881 0.019213463512247644 -0.029113277983923103 0.02904384105425481 -0.078322420528839518 0.038188702095039127
leaf_weight=1105.7565791383386 85.180305771529675 29.181340806186199 37.323754146695137 141.54669595509768 910.92762058973312 7.0032395571470252 17.497365333139896 55.913413114845753 42.78820113837719 9.4089089408516866 191.2793828099966 67.829126454889774 119.79927290230989 5.8022078499197951 42.264612138271332 5.7849720418453208 112.13646804541349 30.093573972582817 12.522727228701116 17.340803541243076 2.4472217708826056 3.0569281578063956 2.8276965022087124 183.87159023433924 15.792995542287825 13.598020888864994 4.6088207736611357 73.18813831359148 7.112452931702137 2.7714080885052681
leaf_count=15669 498 231 171 1736 12509 44 209 536 202 50 2506 940 1509 35 221 25 1376 202 110 126 12 18 15 957 122 78 41 694 35 29
internal_value=5.17921e-05 -0.0412025 0.0346249 0.0142973 0.0440999 0.0278215 -0.0463947 0.0043345 0.0256204 0.045856 0.0346453 0.0454722 -0.0477013 -0.00036197 -0.00240756 -0.0127079 -0.0368903 -0.0264224 0.0049737 -0.00855458 -0.0490694 -0.0131498 -0.00633218 5.98676e-05 0.0385171 0.0149799 0.0439113 0.0200238 -0.00808977 -0.045653
internal_weight=3356.66 1530.45 1826.21 580.597 1245.61 107.071 1423.38 434.441 104.504 1208.29 297.358 74.8324 1370.23 48.5904 329.937 53.1459 264.477 142.23 35.6485 29.8635 122.246 32.2383 287.673 202.492 18.6207 106.079 146.156 96.67 23.4819 9.88386
internal_count=40906 20471 20435 4363 16072 1233 19238 2586 773 15901 3392 984 18768 237 1813 470 3099 1578 261 236 1521 249 1592 1094 137 886 1777 836 142 64
is_linear=0
shrinkage=0.05


Tree=40
num_leaves=31
num_cat=0
split_feature=9 0 4 9 5 2 11 10 11 6 0 0 8 8 5 11 8 0 4 0 8 8 2 5 8 8 0 4 8 0
split_gain=1801.89 203.678 158.209 81.6421 37.1288 33.8083 26.3587 24.675 20.8848 20.3314 20.7127 19.84 18.1324 16.7889 14.3953 12.7936 12.4188 11.7084 10.9862 13.3704 17.7483 10.8275 44.6712 8.41359 8.29179 7.3453 6.97902 6.73314 6.39525 6.25679
threshold=1.0000000180025095e-35 30.500000000000004 3.9324779285615175 4.5000000000000009 3.5000000000000004 1.5000000000000002 2.5000000000000004 1.0000000180025095e-35 1.0000000180025095e-35 1.5000000000000002 36.500000000000007 31.500000000000004 2.5000000000000004 3.5000000000000004 3.5000000000000004 5.5000000000000009 2.5000000000000004 26.500000000000004 4.0484281352293268 24.500000000000004 2.5000000000000004 2.5000000000000004 1.5000000000000002 4.5000000000000009 3.5000000000000004 3.5000000000000004 27.500000000000004 3.5770760040037612 3.5000000000000004 29.500000000000004
decision_type=2 2 2 2 2 2 2 2 2 2 2 2 2 2 2 2 2 2 2 2 2 2 2 2 2 2 2 2 2 2
left_child=1 6 3 7 -4 13 14 11 9 18 -11 15 -7 -3 -1 16 -2 -8 19 -6 29 -16 -23 28 27 -24 -5 -18 -9 -21
right_child=2 5 4 26 8 12 17 23 -10 10 -12 -13 -14 -15 21 -17 24 -19 -20 20 -22 22 25 -25 -26 -27 -28 -29 -30 -31
leaf_value=-0.050143831196601332 -0.024483468498466179 -0.031226530014140996 -0.005816820954740877 0.052166392342657276 0.051069407192722377 -0.02012907013751818 -0.023508990099611025 0.00106956222463725 0.050881418755074438 -0.12211380847385166 0.016851387309199804 0.032219124864831201 0.053716175559000962 0.074649935579014087 -0.0455941692090523 0.073393179242597362 -0.026078151542251512 0.034790170319154982 0.045082223941251547 -0.063094789041435159 0.02960116560738232 -0.042590920135662888 0.046285554757636294 0.046516582467820311 0.025273477687237159 -0.026243158205285971 0.02690568336109327 -0.0020210511900436551 0.063348234079867533 -0.003394172924728617
leaf_weight=1069.9176198914647 94.048505872488022 28.01709071546793 36.728915363550186 99.418874949216843 52.118632711470127 9.5425251349806768 40.737116746604443 26.823623307049278 684.59470291435719 3.8342563584446898 8.9182713329792005 33.851592734456062 64.510866027325392 4.3218084052205077 151.083271458745 4.7596499770879737 35.050513327121735 10.920956604182718 292.72619517892599 5.8317174613475826 111.18152314424515 81.917677342891693 20.601829797029499 33.737450696527958 23.433532804250717 4.2030057534575453 37.71562023460865 170.8947818800807 4.8705888688564292 17.735854350030422
leaf_count=15815 555 226 169 1311 713 72 374 121 9914 24 105 263 940 25 1922 25 189 89 3911 42 1191 1028 152 277 146 24 403 958 31 170
internal_value=-0.000441167 -0.0410835 0.0335161 0.0116503 0.0436881 0.0255746 -0.0462249 0.000881352 0.045233 0.037379 -0.0249308 -0.0042256 0.0442005 -0.0170771 -0.0475882 -0.00798478 -0.00918236 -0.0111841 0.0390359 0.0295643 0.0212465 -0.0369821 -0.0247903 0.0291385 -0.00290869 0.0339961 0.045219 -0.00611541 0.0106402 -0.0181669
internal_weight=3264.05 1485.77 1778.27 564.605 1213.67 106.392 1379.38 427.47 1176.94 492.346 12.7525 362.039 74.0534 32.3389 1327.72 328.187 323.427 51.6581 479.594 186.868 134.749 257.806 106.723 65.4317 229.379 24.8048 137.134 205.945 31.6942 23.5676
internal_count=41185 20667 20518 4279 16239 1263 19404 2565 16070 6156 129 2136 1012 251 18941 1873 1848 463 6027 2116 1403 3126 1204 429 1293 176 1714 1147 152 212
is_linear=0
shrinkage=0.05


Tree=41
num_leaves=31
num_cat=0
split_feature=9 3 4 9 0 5 8 11 14 6 14 0 14 6 14 8 11 6 6 8 0 8 0 6 8 14 14 4 0 0
split_gain=1687.36 242.802 153.237 77.2903 73.5127 35.8414 22.4303 21.338 23.31 24.7944 23.3079 19.5793 31.6497 18.7606 18.4742 18.7018 17.9293 15.2571 13.5604 12.3794 11.1135 9.74513 9.7449 8.92636 36.7242 13.3745 10.04 8.5998 8.30757 7.9043
threshold=1.0000000180025095e-35 1.0000000180025095e-35 3.9324779285615175 4.5000000000000009 30.500000000000004 3.5000000000000004 3.5000000000000004 1.0000000180025095e-35 11.500000000000002 1.5000000000000002 3.5000000000000004 26.500000000000004 9.5000000000000018 1.0000000180025095e-35 18.500000000000004 2.5000000000000004 2.5000000000000004 1.5000000000000002 1.0000000180025095e-35 3.5000000000000004 32.500000000000007 3.5000000000000004 38.500000000000007 1.0000000180025095e-35 2.5000000000000004 6.5000000000000009 3.5000000000000004 3.8556271184800082 36.500000000000007 26.500000000000004
decision_type=2 2 2 2 2 2 2 2 2 2 2 2 2 2 2 2 2 2 2 2 2 2 2 2 2 2 2 2 2 2
left_child=1 -1 3 6 16 -4 11 8 9 -7 28 -2 17 -10 15 -6 23 -13 -14 22 -20 -16 -15 -3 26 -26 -25 -27 -11 -18
right_child=2 4 5 -5 14 7 -8 -9 13 10 -12 12 18 19 21 -17 29 -19 20 -21 -22 -23 -24 24 25 27 -28 -29 -30 -31
leaf_value=0.053999031214570739 -0.011239978059175952 -0.050264391614264749 -0.0055320897694253746 0.044636497098323749 -0.033485260147512089 0.044377976833658656 0.037177849418630719 0.050536932831968279 0.038608394983631951 -0.14355808226700911 0.054718542475638676 0.047166245133451135 0.01223516251209503 -0.031222967999496278 -0.028431184199744691 0.05772050022803156 -0.026068269412666198 -0.038413312874907485 -0.044746675624319311 0.056737372065540775 0.016626603370235745 0.058145234325793931 0.020551608891912945 -0.050536033565125885 0.063943352495028624 -0.070642150122016259 0.0163964208116688 0.030906451285358402 -0.035358578266804358 0.030388573550826609
leaf_weight=64.726431220769882 246.9300385043025 1118.2089188322425 36.689379617571831 132.11419633775949 7.4253477007150677 372.11047802120447 38.617710448801517 655.53395859152079 42.79648357629776 3.3576615974307042 4.9690099805593491 55.440206378698349 38.392881900072098 31.021723210811615 28.743621215224266 23.124431021511555 38.597106531262398 5.7479788810014716 29.680466890335083 6.7376943305134764 9.8155740201473218 3.6647494062781325 12.854177512228487 112.03309169411659 10.861264795064928 4.2009392529726011 5.8976833373308173 4.1390282511711121 3.761397086083889 7.3860910907387725
leaf_count=879 1357 17116 169 1714 42 5237 278 9914 414 17 66 514 182 157 249 294 357 31 141 75 62 31 152 1521 63 21 28 24 38 42
internal_value=-0.000433336 -0.0406226 0.0328296 0.0112374 -0.0451117 0.0431056 0.000845884 0.0446804 0.036642 0.0420886 -0.028385 -0.00278891 0.0122159 0.0142401 0.00765567 0.0355523 -0.0476646 0.039127 -0.00892501 -0.00636464 -0.0294942 -0.0186411 -0.0160547 -0.0487879 -0.0367481 0.0273766 -0.0471888 -0.0202448 -0.0863902 -0.0169998
internal_weight=3155.58 1429.01 1726.57 556.739 1364.28 1169.83 424.625 1133.14 477.609 384.199 12.0881 386.007 139.077 93.4101 62.9581 30.5498 1301.32 61.1882 77.8889 50.6136 39.496 32.4084 43.8759 1255.34 137.132 19.2012 117.931 8.33997 7.11906 45.9832
internal_count=41185 20667 20518 4279 19788 16239 2565 16070 6156 5358 121 2287 930 798 616 336 19172 545 385 384 203 280 309 18773 1657 108 1549 45 55 399
is_linear=0
shrinkage=0.05


Tree=42
num_leaves=31
num_cat=0
split_feature=9 3 4 9 11 5 10 15 14 6 14 2 14 2 6 11 4 14 15 6 5 15 4 5 5 14 15 2 3 14
split_gain=1582.24 228.854 148.516 75.7669 45.716 33.3641 20.9305 20.7411 21.6481 22.7283 21.4401 19.5535 63.516 19.2059 16.5232 13.3027 12.9366 12.2767 11.7403 10.5802 9.99788 9.76988 13.1548 9.69383 9.08081 8.82376 8.74473 8.04375 10.468 7.91848
threshold=1.0000000180025095e-35 1.0000000180025095e-35 3.9362119235564088 4.5000000000000009 2.5000000000000004 3.5000000000000004 1.0000000180025095e-35 1.7095265926358858 11.500000000000002 1.5000000000000002 3.5000000000000004 1.5000000000000002 4.5000000000000009 1.5000000000000002 1.0000000180025095e-35 3.5000000000000004 3.6424896731661272 7.5000000000000009 13.62291554599247 1.5000000000000002 5.5000000000000009 16.015267175572522 3.7295856422037628 5.5000000000000009 4.5000000000000009 18.500000000000004 8.5825892857142865 1.5000000000000002 1.0000000180025095e-35 16.500000000000004
decision_type=2 2 2 2 2 2 2 2 2 2 2 2 2 2 2 2 2 2 2 2 2 2 2 2 2 2 2 2 2 2
left_child=1 -1 3 6 11 -4 16 8 9 -7 -11 25 20 21 -10 -15 18 19 -2 -18 -13 22 -6 29 -8 -3 -14 -19 -29 -16
right_child=2 4 5 -5 13 7 24 -9 14 10 -12 12 26 15 23 -17 17 27 -20 -21 -22 -23 -24 -25 -26 -27 -28 28 -30 -31
leaf_value=0.053655172125187445 -0.02213406724315414 -0.049796193704118266 -0.0048891813598720673 0.044080446520284422 0.055826551920985006 0.043978696738049237 0.008076864153045208 0.050236291265074506 0.037786202913210366 -0.07929038970726679 0.054415532726777516 -0.048878128954743846 0.039180089507662552 -0.035754900227652417 -0.0046388984308930346 0.056213523482857491 0.018677112280837866 0.0025381910385428703 0.060720111348746025 -0.050464628573017173 0.080298181870699675 -0.054673053606171078 -0.026033286127901845 0.026639587532043936 0.045534666396107461 -0.020832255711991401 -0.05345580365361198 0.051907840549071195 -0.027142056734503591 -0.05801671142518279
leaf_weight=61.954313822090626 100.66005023568869 1071.2400558367372 35.65683950483799 132.95478254184127 6.7087340280413654 356.02758152782917 31.979480355978012 620.37606858462095 41.932286188006401 7.3609868511557561 5.0587272793054581 114.65920452773571 30.254692886024714 5.1306033916771439 24.11499547958374 16.828989610075951 102.90393776446581 87.076878026127815 4.4652116745710364 5.8472925573587409 1.5177253186702717 15.414229564368723 18.281336948275566 16.581653021275997 32.74989914894104 26.957031317055225 2.7818234711885443 4.5275766476988784 55.832162424921989 9.7600764557719213
leaf_count=879 600 17112 164 1800 43 5213 155 9800 418 55 71 1563 248 37 138 214 714 445 22 34 8 168 149 193 282 231 15 23 327 64
internal_value=-0.000426297 -0.0402473 0.032168 0.0111286 -0.0446891 0.0426983 0.000845369 0.0442676 0.0362327 0.0416593 -0.0248301 -0.0467777 -0.0297948 -0.00291143 0.0145913 0.0347262 -0.00384538 0.00221518 -0.0186148 0.0149595 -0.0471906 -0.0233673 -0.00405752 -0.00468493 0.0270287 -0.0490852 0.0313797 -0.00718522 -0.0212125 -0.0200181
internal_weight=3047.6 1371.73 1675.87 558.997 1309.77 1116.87 426.042 1081.21 460.836 368.447 12.4197 1247.41 149.213 62.3639 92.389 21.9596 361.313 256.188 105.125 108.751 116.177 40.4043 24.9901 50.4567 64.7294 1098.2 33.0365 147.437 60.3597 33.8751
internal_count=41185 20667 20518 4402 19788 16116 2602 15952 6152 5339 126 19177 1834 611 813 251 2165 1543 622 748 1571 360 192 395 437 17343 263 795 350 202
is_linear=0
shrinkage=0.05


Tree=43
num_leaves=31
num_cat=0
split_feature=5 4 5 4 14 11 14 8 14 3 14 14 14 8 8 5 11 10 2 14 15 6 2 6 14 8 14 11 15 14
split_gain=1282.52 232.263 46.4835 45.2593 38.2483 36.4176 32.0672 31.0555 29.1057 27.6379 27.5692 26.3162 37.2696 22.0923 21.6948 18.8904 17.1166 16.1112 15.7253 16.8922 16.6404 15.5911 13.0649 12.9652 11.4748 11.2168 10.7302 17.8521 10.1695 9.74121
threshold=3.5000000000000004 3.9324779285615175 4.5000000000000009 4.1523369098965048 7.5000000000000009 1.0000000180025095e-35 13.500000000000002 2.5000000000000004 2.5000000000000004 1.0000000180025095e-35 6.5000000000000009 3.5000000000000004 4.5000000000000009 5.5000000000000009 3.5000000000000004 4.5000000000000009 2.5000000000000004 1.0000000180025095e-35 2.5000000000000004 3.5000000000000004 7.672684458398745 1.0000000180025095e-35 1.5000000000000002 1.5000000000000002 3.5000000000000004 2.5000000000000004 13.500000000000002 5.5000000000000009 10.681686167123063 6.5000000000000009
decision_type=2 2 2 2 2 2 2 2 2 2 2 2 2 2 2 2 2 2 2 2 2 2 2 2 2 2 2 2 2 2
left_child=6 2 5 4 8 7 9 11 22 -1 17 21 -13 28 -12 -6 -11 -9 19 -4 -21 -2 -3 -10 -25 -17 -5 -28 -8 -18
right_child=1 3 18 26 15 -7 13 10 23 16 14 12 -14 -15 -16 25 29 -19 -20 20 -22 -23 -24 24 -26 -27 27 -29 -30 -31
leaf_value=0.015508584022081924 0.042789466616470026 0.05334003327988545 0.048596282229789414 0.050384937470997593 -0.0026122506880414897 0.03062598945437843 -0.02444190632320626 0.03094892938641642 0.044255230155134252 -0.046384892421767139 -0.021447347141842696 0.07338337468125064 -0.022256962709885069 0.13154498602175038 0.043096252233555371 -0.019771668236440262 -0.052128097070167967 -0.050604864582708575 -0.023658269166762027 0.022093374578366409 -0.051608607890496185 -0.049871337598180118 -0.047444545556577532 -0.074727293378538756 0.054510592544931916 0.033843153986832436 0.0031131403243569878 0.049440261260831203 0.032702697903816601 0.0026872917760069051
leaf_weight=19.178812712430954 4.7660288624465457 4.2258325144648579 63.532313827425241 570.9803221039474 110.7426624558866 54.020611792802811 126.59102701768279 69.138342741876841 296.86890444904566 977.68308334797621 115.13188716769218 12.31201235949993 58.995002254843712 2.4183359593152991 14.679339751601217 11.019874721765516 11.333526968955992 6.6372922807931891 15.35451555624604 65.141579106450081 8.6788683198392373 95.58535136282444 13.45034398511052 4.3502950742840758 2.8380097709596157 85.006849277764559 33.801914855837822 54.041280645877123 8.2957302033901197 28.45086032897234
leaf_count=111 56 72 888 9375 1160 598 1368 528 4593 15418 912 112 500 13 112 110 137 90 114 663 75 1325 150 30 40 1085 413 879 39 219
internal_value=-0.000419772 0.026441 0.000624248 0.0391387 0.0282394 -0.00776997 -0.0409483 -0.0132682 0.0390226 -0.0439558 -0.0001594 -0.0289679 -0.00574351 -0.018242 -0.0141486 0.0114607 -0.0450767 0.0238055 0.0243306 0.0296953 0.0134284 -0.0454706 -0.02335 0.0426486 -0.023703 0.0276904 0.0478821 0.0316137 -0.0209274 -0.0129282
internal_weight=2945.25 1771.3 583.973 1187.33 528.503 431.266 1173.95 377.245 321.733 1036.65 205.587 171.658 71.307 137.305 129.811 206.769 1017.47 75.7756 152.707 137.353 73.8204 100.351 17.6762 304.057 7.1883 96.0267 658.824 87.8432 134.887 39.7844
internal_count=41185 23880 5973 17907 7240 4233 17305 3635 4885 15885 1642 1993 612 1420 1024 2355 15774 618 1740 1626 738 1381 222 4663 70 1195 10667 1292 1407 356
is_linear=0
shrinkage=0.05


Tree=44
num_leaves=31
num_cat=0
split_feature=9 3 4 9 0 8 0 0 5 11 2 8 8 0 8 2 8 8 3 0 4 0 11 8 8 4 6 8 6 10
split_gain=1408.4 208.358 139.198 105.909 64.1541 33.9269 27.5098 20.5853 19.6691 17.2951 14.6744 18.8291 13.6921 9.53576 10.7324 8.42668 32.103 7.75333 6.96187 6.8668 9.21765 9.08864 6.44611 6.36865 6.24605 5.99014 21.9927 24.8711 5.91899 7.66091
threshold=1.0000000180025095e-35 1.0000000180025095e-35 4.0427521046615249 4.5000000000000009 30.500000000000004 2.5000000000000004 28.500000000000004 27.500000000000004 3.5000000000000004 2.5000000000000004 1.5000000000000002 2.5000000000000004 3.5000000000000004 19.500000000000004 3.5000000000000004 1.5000000000000002 2.5000000000000004 2.5000000000000004 1.0000000180025095e-35 18.500000000000004 3.7216117239699007 26.500000000000004 2.5000000000000004 3.5000000000000004 3.5000000000000004 4.2498354775033391 1.5000000000000002 2.5000000000000004 1.0000000180025095e-35 1.0000000180025095e-35
decision_type=2 2 2 2 2 2 2 2 2 2 2 2 2 2 2 2 2 2 2 2 2 2 2 2 2 2 2 2 2 2
left_child=1 -1 3 5 9 18 13 -5 -4 15 12 -12 -6 -7 22 -3 -17 28 -2 -11 -21 -22 -15 -8 -18 26 -10 -28 -9 -30
right_child=2 4 8 7 10 6 23 17 25 19 11 -13 -14 14 -16 16 24 -19 -20 20 21 -23 -24 -25 -26 -27 27 -29 29 -31
leaf_value=0.053230905600321503 0.019780307618891008 -0.049306664537343697 -0.014900517716829008 0.052222815325591733 -0.031988378478578036 -0.032075573250471077 0.024391334989729504 0.02868755836488307 0.044102636228818284 -0.054411915537670622 -0.037083647359511397 0.054847278735049181 0.064777900830551974 -0.0018203522267639224 0.03441992931472198 -0.04599042652502406 0.040022501675910149 0.030554223792615878 -0.02136536127355091 0.042389105910983202 -0.036821099787795797 0.028528224547501979 0.031364372227051622 0.054946749008315636 -0.035750288181635816 0.050983913739358268 -0.1208932313773597 0.053880537578322577 -0.047353158054693339 0.054657260349981467
leaf_weight=57.77629629522562 11.222449265420435 988.76198451593518 13.024270877242087 179.65657721832395 25.384652845561508 19.59366599470377 126.17035374045372 7.4666641205549249 333.30540137737989 9.1535569801926595 7.4422287791967419 22.139126859605312 4.2706280499696723 203.90167497843504 26.195370994508266 106.03236254304647 14.763109959661962 54.062354858964682 122.49427387863398 7.7385532259941092 20.00839459896088 7.2478737756609908 15.765426836907862 19.718604527413845 3.3338560611009589 430.41314189508557 4.3396576419472677 3.8338497281074524 9.7143871672451478 2.2706840336322793
leaf_count=879 59 17116 59 2926 219 131 1183 91 5226 129 43 332 22 1175 170 1549 90 728 768 52 176 42 106 210 18 7442 38 60 116 30
internal_value=-0.000410449 -0.0395423 0.0310812 0.0163794 -0.0439493 0.00396698 0.0110793 0.0431026 0.0460325 -0.0465475 0.00680178 0.0317188 -0.0180532 0.00149352 0.00416876 -0.0477651 -0.0354856 0.0208142 -0.0179121 -0.0158555 -0.00577033 -0.0194437 0.000561303 0.0285213 0.0260635 0.0470606 0.0421156 -0.0389142 -0.00625637 -0.0280263
internal_weight=2857.2 1274.05 1583.15 798.232 1216.28 545.062 411.345 253.171 784.916 1157.04 59.2366 29.5814 29.6553 265.456 245.862 1112.89 124.129 73.5141 133.717 44.1484 34.9948 27.2563 219.667 145.889 18.097 771.892 341.479 8.17351 19.4517 11.9851
internal_count=41185 20667 20518 7693 19788 3802 2975 3891 12825 19172 616 375 241 1582 1451 18773 1657 965 827 399 270 218 1281 1393 108 12766 5324 98 237 146
is_linear=0
shrinkage=0.05


Tree=45
num_leaves=31
num_cat=0
split_feature=5 4 0 0 14 5 0 14 14 15 2 8 14 0 3 3 15 15 14 8 14 2 8 2 8 0 15 4 8 2
split_gain=1102.71 211.798 42.2677 42.2574 59.5886 41.9287 25.7077 41.8918 20.0493 18.2809 15.9127 15.5278 14.8924 22.146 14.1293 13.8674 13.1576 11.9535 11.3469 10.6847 19.3165 10.6466 13.0191 10.596 10.2759 10.2 14.9313 21.1779 10.1118 9.94193
threshold=3.5000000000000004 3.9324779285615175 24.500000000000004 36.500000000000007 11.500000000000002 4.5000000000000009 24.500000000000004 8.5000000000000018 2.5000000000000004 4.0956108470785582 2.5000000000000004 5.5000000000000009 7.5000000000000009 28.500000000000004 1.0000000180025095e-35 1.0000000180025095e-35 7.672684458398745 10.681686167123063 5.5000000000000009 2.5000000000000004 3.5000000000000004 2.5000000000000004 2.5000000000000004 1.5000000000000002 3.5000000000000004 19.500000000000004 13.62291554599247 3.7550080417885447 3.5000000000000004 1.5000000000000002
decision_type=2 2 2 2 2 2 2 2 2 2 2 2 2 2 2 2 2 2 2 2 2 2 2 2 2 2 2 2 2 2
left_child=2 5 14 4 8 6 9 19 23 15 16 17 21 -14 -1 -2 -7 -4 -11 20 -8 -10 -23 -3 -17 -16 -27 -28 -6 -9
right_child=1 3 11 -5 28 10 7 29 12 18 -12 -13 13 -15 25 24 -18 -19 -20 -21 -22 22 -24 -25 -26 26 27 -29 -30 -31
leaf_value=0.00061602524389034778 0.0412451587492383 0.05300762104697726 -0.023341257210997404 0.04733999850833169 -0.014063500027536081 0.034575976769203792 -0.040367377895572182 0.0025645010083895918 0.044420277275829805 0.034169479593756637 -0.023927234274206205 0.057735258365969135 -0.016628181374281417 0.038849363940571813 -0.049604510979088363 -0.027750111620120074 -0.021701193612295278 0.030044335884408319 -0.030788888747546723 0.045421744590776247 0.048225290716410955 -0.13126263612935929 0.037386282961709989 -0.04092498633645629 0.030893573996610687 -0.040804379552741368 0.054540188512657364 -0.058329753506233387 0.039073949946212091 -0.031044037743441236
leaf_weight=17.680874772369862 8.0790212750434858 3.960257355123761 157.27114311978221 601.91201359033585 83.364421915262938 118.09768841788173 11.750171959400179 39.659589797258377 302.0282336473465 24.701922718435526 15.534941755235193 6.7178863994777194 28.191287584602833 49.705676954239607 467.24667015299201 197.88042770698667 11.387560814619063 11.23444142192602 9.2365024238824827 56.91262324154377 12.916107527911661 1.9259407743811596 2.8197704628109932 12.410948891192673 7.7630186751484862 402.08600638061762 9.8617452532053012 7.1828904375433913 10.030160449445246 49.429868474602699
leaf_count=105 53 74 1834 10510 703 1474 122 313 5070 339 114 60 321 774 8361 2339 122 51 90 566 96 15 43 140 63 6574 49 74 120 266
internal_value=5.61556e-05 0.0256396 -0.0392855 0.0384432 0.0276124 0.000722215 -0.0073092 0.007622 0.0359889 -0.0175986 0.0238899 -0.0168101 0.0382952 0.0187718 -0.0436417 -0.0230119 0.0296267 -0.019782 0.0164908 0.033509 0.00602277 0.0432527 -0.0310561 -0.0182023 -0.0255363 -0.0445245 -0.0388614 0.00697493 -0.00835678 -0.0160827
internal_weight=2738.98 1659.7 1079.28 1096.35 494.437 563.349 418.329 170.668 401.042 247.661 145.02 175.223 384.671 77.897 904.058 213.722 129.485 168.506 33.9384 81.5789 24.6663 306.774 4.74571 16.3712 205.643 886.377 419.131 17.0446 93.3946 89.0895
internal_count=40835 23727 17108 17770 7260 5957 4247 1363 6437 2884 1710 1945 6223 1095 15163 2455 1596 1885 429 784 218 5128 58 214 2402 15058 6697 123 823 579
is_linear=0
shrinkage=0.05


Tree=46
num_leaves=31
num_cat=0
split_feature=9 3 4 9 0 8 0 14 0 5 11 2 0 14 2 14 8 5 8 0 14 0 8 14 2 0 4 8 5 14
split_gain=1256.75 178.886 120.033 78.4027 50.5596 35.6612 25.772 30.9517 21.3724 15.3268 14.762 14.5751 12.4755 23.7217 11.1495 10.4286 10.4203 10.2478 10.0087 9.34867 9.11622 18.1502 8.92636 8.5824 28.3467 7.26874 10.4413 7.22525 7.13195 6.95793
threshold=1.0000000180025095e-35 1.0000000180025095e-35 4.0484281352293268 4.5000000000000009 32.500000000000007 2.5000000000000004 26.500000000000004 8.5000000000000018 23.500000000000004 3.5000000000000004 2.5000000000000004 1.5000000000000002 28.500000000000004 11.500000000000002 1.5000000000000002 3.5000000000000004 3.5000000000000004 3.5000000000000004 2.5000000000000004 22.500000000000004 13.500000000000002 39.500000000000007 2.5000000000000004 3.5000000000000004 1.5000000000000002 20.500000000000004 3.647091011626145 2.5000000000000004 4.5000000000000009 17.500000000000004
decision_type=2 2 2 2 2 2 2 2 2 2 2 2 2 2 2 2 2 2 2 2 2 2 2 2 2 2 2 2 2 2
left_child=1 -1 3 5 10 -2 15 -8 -5 -4 17 -9 -13 -14 -6 19 -17 -3 -16 -7 -11 22 -22 27 -25 -12 -27 -19 -24 -15
right_child=2 4 9 8 14 6 7 11 -10 20 25 12 13 29 18 16 -18 23 -20 -21 21 -23 28 24 -26 26 -28 -29 -30 -31
leaf_value=0.051738814302737281 -0.016700841439550709 -0.048659369195589275 -0.011458850022778785 0.052215296905859312 -0.01775611294975513 -0.03826896070263619 0.051512602869787531 0.029481076291262388 0.021011295092617271 0.048252493817345192 -0.046731565502071325 -0.045322383279587639 0.04563400584463375 -0.010993188123604511 -0.031849331603414195 -0.0071403405497201203 0.02920496495177087 -0.049210584568280688 0.053804429343795937 0.054062959808012269 -0.076369474635465756 0.046000369301351603 -0.024843019517002449 -0.040452459722929518 0.019029301218485065 0.063195854736674065 -0.015794446901069251 0.046194101629786585 0.035504289237904135 -0.076801121107401046
leaf_weight=52.198654413223267 128.09281347692013 824.19597675278783 11.698788449168203 150.62588560581207 16.061626680195332 3.3639140576124218 75.27226871997118 60.039398238062859 86.323258217424154 625.25019360333681 13.253762248903511 14.510056741535662 23.139899142086506 29.267448514699936 4.233448430895808 161.90913867205381 22.455848477780819 95.860603895038366 17.546016145497561 14.816404424607752 3.8380989506840733 54.192032385617495 9.2786828503012675 89.174867007881403 25.831844009459019 5.0632978230714825 24.078809820115566 2.0264630615711203 10.364983223378657 4.655572645366191
leaf_count=856 809 15676 54 2696 113 19 1050 307 1198 11482 193 75 273 148 21 872 150 1536 298 123 23 932 64 1364 153 22 182 10 108 28
internal_value=5.70738e-05 -0.0387331 0.0305226 0.0168864 -0.0429597 0.00632401 0.0135275 0.0259398 0.0408473 0.0453009 -0.0449511 0.011314 -0.0039255 0.00660097 0.0138481 0.000849297 -0.00271344 -0.0461333 0.0371552 0.0369787 0.0462456 0.0300903 -0.00662739 -0.0363539 -0.0270922 -0.0160322 -0.00207027 -0.0472355 0.00699925 -0.0200246
internal_weight=2658.62 1169.53 1489.09 774.472 1117.33 537.523 409.43 206.885 236.949 714.623 1079.49 131.612 71.573 57.0629 37.8411 202.545 184.365 1037.09 21.7795 18.1803 702.924 77.6738 23.4818 212.894 115.007 42.3959 29.1421 97.8871 19.6437 33.923
internal_count=40835 20424 20411 7748 19568 3854 3045 1881 3894 12663 19136 831 524 449 432 1164 1022 18739 319 142 12609 1127 195 3063 1517 397 204 1546 172 176
is_linear=0
shrinkage=0.05


Tree=47
num_leaves=31
num_cat=0
split_feature=4 4 14 4 14 2 2 8 14 3 8 10 14 2 14 15 14 4 15 3 11 2 14 10 11 15 8 6 14 10
split_gain=750.913 98.7138 89.7836 78.9516 61.4621 34.6118 28.0784 25.4512 24.2822 23.0599 23.637 22.7738 14.3594 22.7544 14.1127 13.3746 15.0474 12.1934 12.1714 10.9278 9.97718 9.6102 8.45677 7.85563 7.63428 7.57429 7.29958 29.1688 9.13666 6.88613
threshold=3.9324779285615175 4.1523369098965048 7.5000000000000009 3.7350938664410984 6.5000000000000009 1.5000000000000002 1.5000000000000002 2.5000000000000004 2.5000000000000004 1.0000000180025095e-35 3.5000000000000004 1.0000000180025095e-35 13.500000000000002 1.5000000000000002 14.500000000000002 13.62291554599247 8.5000000000000018 4.0575256179842079 7.672684458398745 1.0000000180025095e-35 3.5000000000000004 1.5000000000000002 15.500000000000002 1.0000000180025095e-35 1.0000000180025095e-35 2.1054964539007095 2.5000000000000004 1.0000000180025095e-35 3.5000000000000004 1.0000000180025095e-35
decision_type=2 2 2 2 2 2 2 2 2 2 2 2 2 2 2 2 2 2 2 2 2 2 2 2 2 2 2 2 2 2
left_child=3 2 8 6 11 -4 15 23 21 -6 14 24 -3 -14 20 19 -17 22 -12 -1 -11 -2 -7 -8 26 -15 28 -28 -5 -21
right_child=1 12 5 4 9 17 7 -9 -10 10 18 -13 13 25 -16 16 -18 -19 -20 29 -22 -23 -24 -25 -26 -27 27 -29 -30 -31
leaf_value=-0.00021043295456006579 0.052710122145159147 0.048386709792821329 -0.017047551117425102 -0.024858874596989315 0.03254404118290128 0.011172502263873755 -0.035831055817919774 0.010584335364429889 0.039541500986115502 -0.032559322837733572 0.024283699113004462 0.045592962788171001 -0.019414064087343259 0.0058307895191435097 -0.0046547153186964852 -0.031871004724782465 0.06111444290338211 0.034188675732158592 -0.053692871737559933 -0.043092927179853885 0.036758765346915433 -0.043387153811772022 -0.035520617495991995 0.043896593794874518 0.024457780503254881 0.049867929854613878 -0.031695287866559112 0.039816904591160204 0.022267611986267706 -0.020797806330808577
leaf_weight=16.274623528122902 3.2675085701048401 480.62296913191676 181.02855150774121 47.486151047050953 18.973525453358889 51.666474711149931 78.290731284767389 58.290351301431656 267.67226222530007 328.40596824139357 34.111628796905279 40.565875869244337 20.810331009328365 12.190772913396357 57.557570800185204 11.859053235501053 6.8720163255929938 57.442134290933609 5.8647998459637156 566.74105569720268 5.2744127735495558 12.767020251601933 11.937526818364857 3.2165428325533858 33.734551437199116 49.058153465390205 24.406439691781998 34.297352250665426 13.128219328820704 36.887635808438063
leaf_count=100 67 9315 2342 666 149 603 1046 382 4738 4765 386 665 217 167 551 158 31 874 39 10389 35 149 99 24 481 957 445 336 173 486
internal_value=5.72869e-05 0.0301296 0.0157626 -0.0242262 -0.0112724 -0.00320784 -0.0349397 -0.0146432 0.0359613 -0.0214039 -0.0237776 0.0122846 0.0450863 0.0257557 -0.0275196 -0.0393827 0.00224331 0.0174899 0.012844 -0.0406404 -0.0314636 -0.0238045 0.0024089 -0.0326847 0.00345632 0.0411029 -0.00248137 0.0100853 -0.0146519 -0.0417305
internal_weight=2570.7 1148.46 585.781 1422.24 643.806 302.075 778.432 139.798 283.707 450.188 431.214 193.619 562.682 82.0593 391.238 638.634 18.7311 121.046 39.9764 619.903 333.68 16.0345 63.604 81.5073 153.053 61.2489 119.318 58.7038 60.6144 603.629
internal_count=40835 19528 8872 21307 8691 3918 12616 1452 4954 5925 5776 2766 10656 1341 5351 11164 189 1576 425 10975 4800 216 702 1070 2101 1124 1620 781 839 10875
is_linear=0
shrinkage=0.05


Tree=48
num_leaves=31
num_cat=0
split_feature=5 4 5 0 0 14 6 8 14 0 2 14 14 0 11 0 0 2 14 8 14 3 14 0 14 0 0 0 11 0
split_gain=909.454 179.827 51.9639 41.7763 33.1278 33.4784 26.304 49.9663 40.4159 26.004 21.5412 21.5272 19.6839 36.7327 16.8104 15.4868 15.4561 14.4343 28.2724 13.8109 12.6266 12.29 11.4446 10.8476 10.5924 14.6939 10.112 13.0064 8.95903 8.48991
threshold=3.5000000000000004 4.0558167694895912 4.5000000000000009 24.500000000000004 21.500000000000004 8.5000000000000018 1.0000000180025095e-35 2.5000000000000004 3.5000000000000004 25.500000000000004 2.5000000000000004 3.5000000000000004 13.500000000000002 36.500000000000007 1.0000000180025095e-35 27.500000000000004 29.500000000000004 1.5000000000000002 5.5000000000000009 5.5000000000000009 6.5000000000000009 1.0000000180025095e-35 4.5000000000000009 19.500000000000004 5.5000000000000009 24.500000000000004 23.500000000000004 22.500000000000004 2.5000000000000004 43.500000000000007
decision_type=2 2 2 2 2 2 2 2 2 2 2 2 2 2 2 2 2 2 2 2 2 2 2 2 2 2 2 2 2 2
left_child=3 2 4 21 17 6 -6 8 -8 20 11 -4 -3 -14 29 -7 -13 18 -2 28 26 -1 -19 -23 -10 -26 27 -9 -5 -12
right_child=1 12 10 19 5 15 7 9 24 -11 14 16 13 -15 -16 -17 -18 22 -20 -21 -22 23 -24 -25 25 -27 -28 -29 -30 -31
leaf_value=-0.00059030371889745104 0.044789983217723983 0.045820050486845676 0.047901435594367429 -0.021022962004439483 0.045341932689957731 -0.026642181400628517 -0.054552533395474272 0.032931508011199963 0.07899457578952318 0.051969461390489462 -0.057918034113191463 -0.0068893698840812971 -0.024332037747569358 0.041501668376393061 0.048837707546076289 0.0035949607441641005 0.029403890159827528 -0.045843788098272449 -0.027810454914581031 0.055592665972065095 -0.028019456807597432 -0.048726967859234881 0.018543856349475956 -0.037036882137222941 -0.044829192246475108 0.04697451837543893 0.055867610838672081 -0.044680795051431077 0.024409482584582226 0.037938523115637515
leaf_weight=17.351018108427525 19.432057216763496 614.30672541633248 104.66480972617865 148.80549002438784 64.66878792271018 81.372158635407686 43.568479914218187 13.156330637633801 6.7723575457930592 57.866215851157904 15.254756785929208 43.418073661625385 30.045927368104458 71.872611299157143 6.8106910623610011 88.297697782516479 90.440743252635002 60.658475823700428 43.27001765742898 6.6937118358910075 19.74679408967495 414.31053207069635 7.7873634509742251 380.87057251855731 7.9656092002987888 9.6258174106478673 13.534856770187615 9.1538083590567112 11.704465821385382 2.7221266180276862
leaf_count=105 242 12092 1859 1832 1175 758 546 74 42 796 124 421 256 1321 80 675 1238 984 587 60 114 8361 37 6697 44 70 116 43 53 33
internal_value=5.99898e-05 0.024191 0.00805508 -0.0375357 -0.000731456 0.00618044 0.0179627 0.00820157 -0.0257126 0.0285075 0.026304 0.0309143 0.0424438 0.0220937 -0.0180588 -0.0109065 0.0176319 -0.0226416 -0.00531079 -0.0147755 0.00408557 -0.0422194 -0.0385181 -0.0431277 0.0258603 0.0054047 0.021772 0.00108733 -0.01771 -0.0434031
internal_weight=2506.15 1526.41 810.188 979.736 546.877 415.729 246.059 181.39 67.9323 113.458 263.311 238.524 716.225 101.919 24.7876 169.67 133.859 131.148 62.7021 167.204 55.5918 812.532 68.4458 795.181 24.3638 17.5914 35.845 22.3101 160.51 17.9769
internal_count=40835 23727 10058 17108 6303 4453 3020 1845 702 1143 3755 3518 13669 1577 237 1433 1659 1850 829 1945 347 15163 1021 15058 156 114 233 117 1885 157
is_linear=0
shrinkage=0.05


Tree=49
num_leaves=31
num_cat=0
split_feature=9 3 4 9 2 8 8 5 2 5 11 8 13 11 8 4 6 8 4 8 4 4 4 4 5 3 2 4 4 9
split_gain=1071.73 157.202 104.195 65.3755 30.4235 71.8849 30.3965 14.0848 14.0375 13.5432 10.7099 9.29064 8.32415 7.29141 6.67141 6.46696 18.0147 23.2038 6.40185 8.5522 6.37167 6.36053 7.76747 5.30248 5.19537 4.39861 5.08599 4.11795 6.03905 3.81086
threshold=1.0000000180025095e-35 1.0000000180025095e-35 4.0484281352293268 4.5000000000000009 1.5000000000000002 2.5000000000000004 2.5000000000000004 4.5000000000000009 2.5000000000000004 3.5000000000000004 1.0000000180025095e-35 5.5000000000000009 1.0000000180025095e-35 2.5000000000000004 2.5000000000000004 4.2498354775033391 1.5000000000000002 2.5000000000000004 3.9219331703790541 3.5000000000000004 3.7081389504256572 4.0323172913475043 4.0018762822906977 3.8936885934434464 5.5000000000000009 1.0000000180025095e-35 1.5000000000000002 3.6306988403295679 3.6251679472048264 10.500000000000002
decision_type=2 2 2 2 2 2 2 2 2 2 2 2 2 2 2 2 2 2 2 2 2 2 2 2 2 2 2 2 2 2
left_child=1 -1 3 6 11 24 25 20 14 -4 12 13 -10 23 -5 16 -11 -18 19 -7 -8 22 27 -3 -6 26 -2 28 -15 -14
right_child=2 4 9 8 5 18 7 -9 10 15 -12 -13 29 21 -16 -17 17 -19 -20 -21 -22 -23 -24 -25 -26 -27 -28 -29 -30 -31
leaf_value=0.051176242473698376 -0.029165112083549122 -0.048880043298580561 -0.009613381692461568 0.047545607664169355 -0.045367655917804846 0.033152649004686625 -0.0013152349021906327 0.036165500947849448 -0.1385448011165086 0.041416104873450613 0.054765747250508881 -0.0023870072505136676 0.033917072634249611 -0.024359742739900974 0.027075323953965294 0.049581957277802 -0.12661806962578115 0.053008351607482608 0.051204594294054717 -0.042400051674767229 0.013944016283840297 -0.062437491043943964 0.066037338913576896 -0.038471458700541875 0.036401807397358404 -0.017621892324906251 0.043081143309127053 -0.037728658906521641 0.060839435144233095 -0.057048863610325851
leaf_weight=47.474150270223618 3.8721856921911222 672.99997698143125 11.557757675647734 153.49640633538365 97.172411058098078 13.421281065791847 95.463800303637981 58.672195062041283 2.0492470040917379 272.09873112291098 3.3631056137382984 12.364225212484596 2.0268803313374519 6.0363679490983539 53.736675206571817 345.59374058619142 3.6749474555253974 3.5198667086660862 23.815913945436478 5.1955183520913115 241.41021809354424 8.0827291682362539 2.8610120117664328 149.54864247143269 1.9821854680776585 113.98997974768281 6.5681565478444099 14.549433097243307 3.1732414364814758 2.6653766557574272
leaf_count=856 20 14235 54 2958 1587 87 550 698 22 5124 48 194 18 83 815 7382 35 68 357 30 1797 58 22 2721 10 752 37 170 14 33
internal_value=6.08818e-05 -0.0377456 0.0291962 0.0164026 -0.0419203 -0.0204269 0.00677702 0.0135574 0.0394316 0.0440174 -0.0181145 -0.0454198 -0.054472 -0.0460405 0.0422376 0.0450093 0.0393512 -0.0387407 0.0340338 0.0120676 0.00961983 -0.0235903 -0.011795 -0.0469876 -0.043733 -0.0147768 0.016286 -0.0211674 0.00499629 -0.017755
internal_weight=2432.44 1058.68 1373.76 737.314 1011.2 141.587 519.977 395.546 217.338 636.445 10.1046 869.616 6.7415 857.251 207.233 624.887 279.294 7.19481 42.4327 18.6168 336.874 34.7028 26.6201 822.549 99.1546 124.43 10.4403 23.759 9.20961 4.69226
internal_count=40835 20424 20411 7748 19568 2071 3854 3045 3894 12663 121 17497 73 17303 3773 12609 5227 103 474 117 2347 347 289 16956 1597 809 57 267 97 51
is_linear=0
shrinkage=0.05


Tree=50
num_leaves=31
num_cat=0
split_feature=5 0 14 4 0 2 8 5 14 3 2 0 14 0 0 0 0 5 14 14 11 14 8 3 3 11 4 0 2 14
split_gain=816.199 164.946 75.5735 66.4509 45.3337 38.0697 37.0792 34.3621 33.6113 29.5621 28.449 15.736 18.3344 14.4183 14.0686 13.8822 13.0033 12.9234 22.5956 12.6019 14.1248 10.9131 10.3629 9.40427 8.606 10.4534 13.0727 17.3929 8.60053 8.47481
threshold=3.5000000000000004 34.500000000000007 7.5000000000000009 3.7409676809694572 23.500000000000004 1.5000000000000002 2.5000000000000004 4.5000000000000009 3.5000000000000004 1.0000000180025095e-35 2.5000000000000004 29.500000000000004 11.500000000000002 24.500000000000004 19.500000000000004 31.500000000000004 19.500000000000004 5.5000000000000009 9.5000000000000018 14.500000000000002 4.5000000000000009 2.5000000000000004 2.5000000000000004 1.0000000180025095e-35 1.0000000180025095e-35 2.5000000000000004 3.6306988403295679 20.500000000000004 1.5000000000000002 19.500000000000004
decision_type=2 2 2 2 2 2 2 2 2 2 2 2 2 2 2 2 2 2 2 2 2 2 2 2 2 2 2 2 2 2
left_child=4 2 3 14 24 16 7 8 23 -4 21 -11 17 -8 -2 -6 -5 -13 -19 -3 22 -9 -21 -7 -1 -26 27 -27 29 -14
right_child=1 19 9 5 15 6 13 10 -10 11 -12 12 28 -15 -16 -17 -18 18 -20 20 -22 -23 -24 -25 25 26 -28 -29 -30 -31
leaf_value=-0.0062006688919103593 -0.033068266661173837 0.047110052759110017 0.043862199708575675 -0.026380307704293216 -0.021384796027185914 0.078937537603797181 0.0015741468149232552 -0.027602294517253434 0.039785512002186621 -0.024387121784461278 -0.059193691715625857 0.041359476604986234 0.025230880356475568 0.046373820757997293 0.0010257328235674708 0.019153225397884169 0.051407477049672461 -0.20371358135450818 0.036104596232537707 -0.047282601299112631 0.050557681190805531 0.0432649135484586 0.018531407428893747 -0.050978149548242382 -0.045084814601387448 -0.037969947459222636 -0.044670256390661939 0.083457243793066196 -0.033148212797445308 -0.03628474961339357
leaf_weight=15.502238169312475 42.594056274741888 486.73000492528081 22.53181679174304 5.5583425052463999 193.97744200378656 1.4356522411108006 22.003582127392292 6.0324337109923354 14.458288121968506 179.22218162938952 8.9681950062513334 30.218532025814056 17.47583976760507 97.728909272700548 104.4713221937418 23.699270859360695 160.60896710306406 1.5524651966989029 2.673904187977314 6.9082596227526656 35.906488377600908 54.621005691587925 44.568877596408129 46.854641474783421 669.63317222520709 5.594595633447172 14.608772970736025 6.2363471239805222 32.613883383572102 8.238165117800234
leaf_count=92 734 10271 284 80 2680 7 141 69 123 1817 62 458 147 1683 1009 166 3381 26 36 68 792 1050 573 654 14015 85 183 27 195 65
internal_value=-0.000436296 0.0232181 0.00936153 0.0200607 -0.0369385 0.0302254 0.0179788 -0.000258383 -0.0270923 -0.0111752 0.0239265 -0.0157344 0.000981147 0.0381409 -0.0088488 -0.0169713 0.0488055 0.0299059 -0.0519874 0.0439713 0.0264882 0.0362166 0.00969913 -0.0471158 -0.0430467 -0.0438673 -0.013031 0.026037 -0.0161 0.00552271
internal_weight=2363.23 1433.98 859.862 565.335 929.252 418.27 252.103 132.37 62.7486 294.527 69.6216 271.995 92.7728 119.732 147.065 217.677 166.167 34.4449 4.22637 574.114 87.3836 60.6534 51.4771 48.2903 711.575 696.073 26.4397 11.8309 58.3279 25.714
internal_count=40973 23725 12021 8993 17248 7250 3789 1965 784 3028 1181 2744 927 1824 1743 2846 3461 520 62 11704 1433 1119 641 661 14402 14310 295 112 407 212
is_linear=0
shrinkage=0.05


Tree=51
num_leaves=31
num_cat=0
split_feature=9 3 4 9 2 14 5 8 14 14 8 4 14 4 8 14 2 15 4 15 9 4 14 2 4 14 14 8 4 14
split_gain=953.122 150.54 100.717 62.3146 29.879 71.8089 17.7942 15.4572 16.5836 14.0453 11.9714 10.5705 10.1007 15.5179 9.54643 9.28068 9.70061 7.9684 7.84472 7.45583 7.28382 7.14991 7.22048 10.915 6.90247 6.54325 6.53168 5.92885 5.78341 5.64067
threshold=1.0000000180025095e-35 1.0000000180025095e-35 4.0484281352293268 6.5000000000000009 1.5000000000000002 4.5000000000000009 3.5000000000000004 2.5000000000000004 3.5000000000000004 4.5000000000000009 3.5000000000000004 3.547173126177551 11.500000000000002 4.1867336549731773 5.5000000000000009 7.5000000000000009 2.5000000000000004 11.051177667926725 3.293716890073298 16.015267175572522 3.5000000000000004 3.943465189601647 6.5000000000000009 1.5000000000000002 4.157882020054954 10.500000000000002 15.500000000000002 2.5000000000000004 3.6424896731661272 18.500000000000004
decision_type=2 2 2 2 2 2 2 2 2 2 2 2 2 2 2 2 2 2 2 2 2 2 2 2 2 2 2 2 2 2
left_child=1 -1 3 7 14 27 -4 15 11 -5 18 -9 -8 24 17 16 -2 29 -10 -19 -17 -20 -23 -24 -14 -16 -25 -6 -12 -3
right_child=2 4 6 9 5 -7 12 8 10 -11 28 -13 13 -15 25 20 -18 19 21 -21 -22 22 23 26 -26 -27 -28 -29 -30 -31
leaf_value=0.051811822788326967 0.007496469589863039 -0.047672584492854123 -0.017140189483409961 0.049899529262147385 -0.047044060260900633 0.032849368671242551 0.047322511217670324 -0.048614973673357285 0.084906353960130007 0.019211177872566737 -0.012902033010263906 0.053665753849196966 0.014503543106822808 0.044943351088592313 -0.027223496409050692 -0.030191697691657266 -0.049179299890059786 -0.0092335429292911657 7.1775217495099157e-05 -0.058483277919286959 0.050321888624820336 0.046886629146425524 0.034019871107026908 -4.5217417777480966e-06 -0.040224045471674658 0.051360250934743307 -0.062258066361334324 0.044250339413200834 0.039370934097893946 -0.022181007244767577
leaf_weight=45.22354331612587 76.8990398645401 742.11910825222731 12.014553561806677 124.97408440336585 88.274755280464888 43.788554664701223 478.15655061230063 2.7527830824255934 3.0469847097992888 53.136410389095545 6.1064881160855284 30.675601828843355 28.537710592150688 60.965564023703337 7.8022570833563787 46.35570140182972 8.3719113543629629 26.816841647028923 241.88370519503951 10.771415941417215 2.9902615994215003 16.497349999845028 26.022900246083736 29.587348651140928 7.2188554853200904 4.010503463447094 4.9130978882312766 1.8149327710270871 39.641699429601431 22.354543454945087
leaf_count=892 598 16737 56 2705 1586 497 10888 19 21 827 41 411 309 1274 157 291 52 332 1522 156 22 318 140 364 83 26 28 10 389 222
internal_value=-0.000422252 -0.0373116 0.0277386 0.0151233 -0.0415642 -0.0196751 0.0430831 0.00660551 0.0115255 0.0407442 0.00846017 0.0452431 0.0443417 0.0296057 -0.0451649 -0.00805497 0.00193204 -0.0458221 0.00505933 -0.0233467 -0.0253127 0.00429642 0.0175639 0.00957121 0.00345465 -0.00054384 -0.00886985 -0.0452049 0.0323935 -0.0469272
internal_weight=2293.73 992.976 1300.75 713.855 947.753 133.878 586.893 535.745 401.128 178.11 367.7 33.4284 574.879 96.7221 813.875 134.617 85.271 802.062 321.951 37.5883 49.346 318.904 77.0207 60.5233 35.7566 11.8128 34.5004 90.0897 45.7482 764.474
internal_count=40973 20615 20358 7748 19723 2093 12610 4216 3253 3532 2823 430 12554 1666 17630 963 650 17447 2393 488 313 2372 850 532 392 183 392 1596 430 16959
is_linear=0
shrinkage=0.05


Tree=52
num_leaves=31
num_cat=0
split_feature=9 3 4 9 0 0 14 0 2 11 14 4 14 2 8 10 0 11 2 14 14 2 0 8 4 14 9 8 4 14
split_gain=891.565 141.758 98.4514 59.5507 38.632 20.6194 21.9806 19.06 18.4869 16.7373 15.7654 21.7491 11.149 11.0361 10.5686 8.9913 8.8249 8.27798 8.21525 33.0352 6.98745 26.0779 14.7519 18.3368 13.8029 11.1358 8.11845 6.95524 6.79029 7.412
threshold=1.0000000180025095e-35 1.0000000180025095e-35 4.0484281352293268 6.5000000000000009 30.500000000000004 29.500000000000004 11.500000000000002 28.500000000000004 1.5000000000000002 2.5000000000000004 11.500000000000002 4.1923759468600208 2.5000000000000004 1.5000000000000002 2.5000000000000004 1.0000000180025095e-35 41.500000000000007 5.5000000000000009 1.5000000000000002 5.5000000000000009 6.5000000000000009 1.5000000000000002 23.500000000000004 2.5000000000000004 3.9946803684089089 3.5000000000000004 4.5000000000000009 2.5000000000000004 4.157882020054954 13.500000000000002
decision_type=2 2 2 2 2 2 2 2 2 2 2 2 2 2 2 2 2 2 2 2 2 2 2 2 2 2 2 2 2 2
left_child=1 -1 3 5 9 15 12 -5 27 18 -4 28 -7 -6 -15 17 -9 20 -3 -20 22 -22 26 25 -23 -24 -2 -8 -12 -30
right_child=2 4 10 7 13 6 8 16 -10 -11 11 -13 -14 14 -16 -17 -18 -19 19 -21 21 24 23 -25 -26 -27 -28 -29 29 -31
leaf_value=0.051520969363304352 -0.014077128653695937 -0.046908719658795325 0.046584228605778343 0.050862819875612142 -0.019144588424293875 -0.049751757357441827 -0.025104174662780306 -0.00035814770079190038 -0.023974262058953512 -0.010563775948449983 0.0095930887949613811 0.045027708039621826 0.045235914788545661 -0.027568788998182756 0.050218838016889811 0.018402658054237225 0.044472312455451961 0.055476315098353879 -0.045405757655452843 0.027838273653766055 0.0031278129357223596 -0.030029079410381083 -0.04028056835396232 0.047443794419842346 -0.12573093219897108 0.042460607118967861 0.036780319315419634 0.03746124775500189 0.036146786946816493 -0.06057661695497444
leaf_weight=43.254710409790277 72.345661610364914 724.16148306056857 460.39784882962704 121.70728668570518 27.240475676953793 3.2276466563343993 5.2407503500580779 33.78679108992219 34.24380487203598 36.763391084969044 34.508131023496389 58.884853389114141 71.998537745326757 6.0460744500160244 15.7185694091022 58.476689979434013 16.260680314153433 5.9690910913050166 82.274998459964991 18.938386492431164 125.89236542209983 60.276905987411737 12.87004490196705 33.812854837626219 4.0188321843743315 5.9448594376444808 8.801685266196726 29.147011131048203 2.6451923325657827 7.884256437420845
leaf_count=892 446 17053 10899 2758 241 21 31 505 184 388 338 1261 1142 38 322 394 269 45 1562 119 738 360 72 397 36 38 140 172 40 72
internal_value=-0.000415066 -0.0369203 0.0270543 0.0145824 -0.0411189 0.00632184 0.0224923 0.0401819 0.00203039 -0.0435735 0.0426137 0.0250235 0.0411604 0.00206463 0.0286099 0.000332679 0.0142075 -0.00287002 -0.0450438 -0.0317008 -0.00394506 -0.0101036 0.00481053 0.025428 -0.036011 -0.0141372 -0.00856085 0.0279262 -0.00113121 -0.0362779
internal_weight=2222.74 954.398 1268.34 704.021 911.143 532.267 143.858 171.755 68.6316 862.138 564.32 103.922 75.2262 49.0051 21.7646 388.409 50.0475 329.932 825.375 101.213 323.963 190.188 133.775 52.6278 64.2957 18.8149 81.1473 34.3878 45.0376 10.5294
internal_count=40973 20615 20358 7748 19723 4216 1550 3532 387 19122 12610 1711 1163 601 360 2666 774 2272 18734 1681 2227 1134 1093 507 396 110 586 203 450 112
is_linear=0
shrinkage=0.05


Tree=53
num_leaves=31
num_cat=0
split_feature=5 4 14 4 14 2 8 5 14 14 11 8 6 8 3 11 4 14 8 3 3 8 5 11 14 13 6 5 14 8
split_gain=668.082 137.481 35.5506 45.0098 34.8375 23.7803 27.6154 23.1866 27.6246 21.5628 19.9402 17.1646 15.5167 14.2013 13.4534 11.9607 9.9783 11.4203 8.77272 8.61922 8.05655 7.98915 7.932 7.83715 14.2159 9.61696 9.45271 10.9742 7.7941 7.01281
threshold=3.5000000000000004 4.0558167694895912 7.5000000000000009 3.7409676809694572 13.500000000000002 1.5000000000000002 2.5000000000000004 4.5000000000000009 3.5000000000000004 13.500000000000002 5.5000000000000009 2.5000000000000004 1.5000000000000002 3.5000000000000004 1.0000000180025095e-35 2.5000000000000004 3.6306988403295679 6.5000000000000009 3.5000000000000004 1.0000000180025095e-35 1.0000000180025095e-35 2.5000000000000004 4.5000000000000009 1.0000000180025095e-35 3.5000000000000004 1.0000000180025095e-35 1.5000000000000002 4.5000000000000009 6.5000000000000009 2.5000000000000004
decision_type=2 2 2 2 2 2 2 2 2 2 2 2 2 2 2 2 2 2 2 2 2 2 2 2 2 2 2 2 2 2
left_child=4 2 3 29 14 -5 7 8 19 23 21 -4 -9 -6 -1 -16 17 -17 20 -7 -13 -11 -23 24 26 -26 27 -3 -8 -2
right_child=1 9 11 5 13 6 28 12 -10 10 -12 18 -14 -15 15 16 -18 -19 -20 -21 -22 22 -24 -25 25 -27 -28 -29 -30 -31
leaf_value=0.0032017296411965776 -0.016254523597844319 -0.035925402129118635 -0.032647410104546887 0.046881985877980724 -0.014698268878992364 0.077148649964621979 0.043142159540686266 0.033283251217367686 0.039385551227538021 -0.051736540486569726 0.04581739377849977 0.037685212327438385 -0.049095782712722039 0.053660539283447134 -0.041759504089473126 -0.042283863977789021 -0.031330945714873479 0.063581742871499689 0.029151562852790653 -0.050113617084744988 -0.0066015964439233715 -0.022207431447883813 0.02050598358152568 0.048245724567374665 0.043939556773297923 -0.014169061069214735 -0.071333943939070457 0.040870685245170735 0.0095075290094481079 0.0064727214187313715
leaf_weight=18.185227937996387 86.031364265829325 7.2537185661494794 52.647707156836987 99.305750414729118 109.94523479044437 1.3792238906025875 77.980043426156044 44.515788238495588 12.658702623099087 6.9712831936776629 36.906952753663063 10.862291373312472 6.5583108067512503 8.1616631895303708 674.54480966925621 3.8728495202958602 20.12869855761528 7.4437821581959724 21.909379716962576 37.646953940391541 188.10752482712269 16.718861989676952 31.064456265419722 332.46570564061403 137.87207054719329 7.5080153159797183 3.9395215362310401 12.969526674598454 22.106828041374683 56.059242501854897
leaf_count=110 1304 95 532 2276 1369 7 1245 830 94 73 904 118 43 60 15370 68 227 44 253 594 1980 167 476 8361 3135 172 33 287 278 468
internal_value=-0.000405563 0.0219119 0.00718884 0.0159204 -0.035154 0.0268344 0.0170198 -0.00118729 -0.0247974 0.0397126 0.0174123 -0.0069923 0.0227051 -0.0099744 -0.0392606 -0.0403544 -0.0102121 0.0273517 -0.000877265 -0.045616 -0.00418386 -0.00173402 0.00556103 0.0437844 0.0350361 0.0409386 -0.000477632 0.0133253 0.0357131 -0.00728791
internal_weight=2153.72 1311.44 717.769 444.242 842.282 302.152 202.846 102.759 51.6849 593.67 91.6616 273.527 51.0741 118.107 724.175 705.99 31.4453 11.3166 220.879 39.0262 198.97 54.7546 47.7833 502.009 169.543 145.38 24.1628 20.2232 100.087 142.091
internal_count=40973 23725 10022 7139 17248 5367 3091 1568 695 13703 1620 2883 873 1429 15819 15709 339 112 2351 601 2098 716 643 12083 3722 3307 415 382 1523 1772
is_linear=0
shrinkage=0.05


Tree=54
num_leaves=31
num_cat=0
split_feature=9 3 4 9 0 0 0 5 11 10 2 15 11 5 0 4 4 2 6 6 0 2 0 0 4 0 4 4 4 9
split_gain=795.828 128.476 90.0012 52.97 35.2964 18.9704 18.1482 16.348 16.2674 10.9418 9.91854 9.31967 8.99857 8.80989 8.44827 6.84198 6.2523 7.77806 6.26631 6.11412 12.1896 5.92014 18.0222 5.55905 7.71818 6.07885 7.93383 5.33327 5.60702 5.287
threshold=1.0000000180025095e-35 1.0000000180025095e-35 4.0484281352293268 6.5000000000000009 30.500000000000004 28.500000000000004 31.500000000000004 3.5000000000000004 2.5000000000000004 1.0000000180025095e-35 1.5000000000000002 2.1054964539007095 5.5000000000000009 3.5000000000000004 41.500000000000007 3.958462069116361 3.9946803684089089 1.5000000000000002 1.5000000000000002 1.0000000180025095e-35 32.500000000000007 2.5000000000000004 39.500000000000007 20.500000000000004 3.647091011626145 24.500000000000004 4.0559895598365037 4.023139138167485 3.8556271184800082 1.5000000000000002
decision_type=2 2 2 2 2 2 2 2 2 2 2 2 2 2 2 2 2 2 2 2 2 2 2 2 2 2 2 2 2 2
left_child=1 -1 3 6 8 -5 9 -4 13 12 15 21 16 -3 19 -6 18 -18 29 -7 -21 -9 -23 -10 -25 -26 -27 28 -22 -2
right_child=2 4 7 5 10 14 -8 11 23 -11 -12 -13 -14 -15 -16 -17 17 -19 -20 20 27 22 -24 24 25 26 -28 -29 -30 -31
leaf_value=0.051132045964789589 -0.0025784064264389181 -0.047184130125151214 -0.016243856685119934 0.05052018802186499 0.016622590633169978 0.01758454246524712 0.026355761470943401 0.037578537406339693 -0.039660492954015747 0.020429891411481507 0.027765628539993009 0.048328994160161592 0.055834619693738756 -0.034179187277728 0.043785877403346829 -0.036656868826349741 0.010904031576797892 -0.056575057298559731 -0.054339440998738303 -0.10955140043883843 -0.057111776866704538 -0.096273336890297337 0.029099367850350707 0.066292765785361293 -0.040215229032412113 0.051515470311117584 -0.030063741993910899 -0.092631168149620413 0.033623335142332136 0.016152750979178267
leaf_weight=40.187650289386511 286.28538206592202 601.18333105370402 11.899767130613325 112.15694710239768 9.1588463708758372 19.121254399418831 93.36483870446682 172.06818783655763 10.976415004581211 67.935259323567152 20.529126167297363 316.77432215213776 6.7278012260794631 166.23330545425415 15.446229960769413 17.613772377371788 6.8600247167050847 11.31277035549283 5.4152079708874217 3.3224354572594157 2.2086746171116811 3.3721077404916313 19.114934489130974 4.0411396920681026 9.0043387003242987 6.5037952587008458 5.5012365654110909 1.3689223453402508 7.4313515648245811 43.380548384040594
leaf_count=892 1895 15701 56 2758 89 287 1125 3755 201 517 360 8327 54 3033 269 152 37 145 43 44 27 37 435 19 99 31 38 24 123 400
internal_value=-0.000392884 -0.0362277 0.0260896 0.0141265 -0.0403544 0.0391895 0.00638298 0.0416906 -0.0428256 0.00202523 0.00161901 0.0430389 -0.00144807 -0.0443671 0.0132009 -0.0184301 -0.00253903 -0.0311025 -0.000989922 -0.000921253 -0.0256121 0.0344255 0.0102988 -0.00998933 0.00301172 -0.00916035 0.0141323 -0.000279716 0.0128346 -0.000113584
internal_weight=2096.5 890.933 1205.57 682.338 850.745 161.056 521.282 523.229 803.444 427.917 47.3017 511.33 359.982 767.417 48.8989 26.7726 353.254 18.1728 335.081 33.4526 14.3314 194.555 22.487 36.0269 25.0505 21.0094 12.005 11.0089 9.64003 329.666
internal_count=40973 20615 20358 7748 19723 3532 4216 12610 19122 3091 601 12554 2574 18734 774 241 2520 182 2338 505 218 4227 472 388 187 168 69 174 150 2295
is_linear=0
shrinkage=0.05


Tree=55
num_leaves=31
num_cat=0
split_feature=5 0 14 4 0 2 8 5 14 2 3 0 14 0 2 0 8 0 0 8 5 14 0 15 4 14 0 15 3 14
split_gain=572.879 137.873 54.1683 54.4866 40.9092 31.4757 34.8829 26.5477 33.4178 29.7295 25.4176 22.6098 16.4899 14.0563 13.6342 13.0293 12.1373 11.3822 11.2358 10.2099 9.83978 13.0769 21.5615 9.77258 20.1956 8.62794 10.2521 8.11021 7.76792 7.61193
threshold=3.5000000000000004 36.500000000000007 7.5000000000000009 3.7409676809694572 24.500000000000004 1.5000000000000002 2.5000000000000004 4.5000000000000009 3.5000000000000004 2.5000000000000004 1.0000000180025095e-35 28.500000000000004 11.500000000000002 19.500000000000004 1.5000000000000002 19.500000000000004 3.5000000000000004 18.500000000000004 24.500000000000004 5.5000000000000009 5.5000000000000009 9.5000000000000018 32.500000000000007 13.62291554599247 3.7550080417885447 20.500000000000004 45.500000000000007 11.051177667926725 1.0000000180025095e-35 2.5000000000000004
decision_type=2 2 2 2 2 2 2 2 2 2 2 2 2 2 2 2 2 2 2 2 2 2 2 2 2 2 2 2 2 2
left_child=4 2 3 15 17 13 7 8 -7 29 -4 -12 20 -5 -14 -2 -16 -1 -8 27 -13 22 -22 28 -25 -3 -27 -6 -19 -9
right_child=1 25 10 5 19 6 18 9 -10 -11 11 12 14 -15 16 -17 -18 23 -20 -21 21 -23 -24 24 -26 26 -28 -29 -30 -31
leaf_value=-0.047869610105209605 -0.032762395105526275 0.045441748139019827 0.043306784615711143 -0.032455177404783812 -0.016242895224280234 -0.048705818655073382 0.0046272983731560418 -0.016525427831212056 0.03744000066382918 -0.061535666064030214 -0.024721581628121145 0.034934281825263085 0.012268474099950917 0.050800398818331684 -0.034667613784546393 0.001500798124899039 0.050046565381974252 0.0041722261842604639 0.044166821677352197 0.058894259909751584 -0.26143241599105388 0.040393215135886833 -0.007421408183987354 0.044225199640765427 -0.057898823248451692 -0.020502781861309275 0.046564550071224564 0.028238310295882425 -0.037155877260638091 0.042653988712620675
leaf_weight=239.68614745885134 37.999720100313425 404.86285822838545 22.884771820157766 5.2698932550847521 137.87341766804457 42.323163811117411 22.046719450503588 6.1487530246376982 15.337330322712658 9.2179367206990701 152.83731858432293 43.335332900285721 39.485280644148588 133.47484211623669 46.130744233727455 102.83084934577346 4.6547866463661185 11.737737566232679 97.098305318504572 5.1168723851442328 1.2616044990718358 3.5923241935670376 2.4731796234846115 11.238102890551092 8.504633925855158 11.129902474582197 11.67560590803623 11.070329904556273 362.7325284704566 46.722283475100994
leaf_count=6432 749 10375 346 75 1890 658 148 74 142 69 1672 755 352 3470 267 1041 53 76 2012 50 17 58 50 76 109 127 265 51 8516 1087
internal_value=-0.00020584 0.0206694 0.00884655 0.0187983 -0.0336607 0.0286966 0.0176958 -0.00136206 -0.0257916 0.021325 -0.00744772 -0.0114015 0.00304366 0.0476381 -0.00976908 -0.0077443 -0.0269031 -0.0392772 0.0368504 -0.0105511 0.0258735 -0.0277153 -0.0932259 -0.0340528 0.000232949 0.0437562 0.0138333 -0.0129368 -0.0358605 0.0357716
internal_weight=2050.75 1262.79 835.125 518.47 787.96 377.639 238.894 119.749 57.6605 62.089 316.655 293.771 140.933 138.745 90.2708 140.831 50.7855 633.899 119.145 154.061 50.6624 7.32711 3.73478 394.213 19.7427 427.668 22.8055 148.944 374.47 52.871
internal_count=41062 23862 13095 9525 17200 7735 4190 2030 800 1230 3570 3224 1552 3545 672 1790 320 15209 2160 1991 880 125 67 8777 185 10767 392 1941 8592 1161
is_linear=0
shrinkage=0.05


Tree=56
num_leaves=31
num_cat=0
split_feature=5 0 11 0 0 2 15 11 8 6 5 0 10 0 8 3 4 0 4 0 6 10 8 15 4 8 8 8 3 15
split_gain=533.244 131.892 50.7011 39.9722 25.2063 19.1027 13.6931 18.3318 15.2856 15.0994 13.0471 17.8609 25.3653 14.5552 14.4178 13.3457 12.4391 14.1639 11.5403 11.5279 11.1861 45.0973 16.3677 9.24093 18.6281 9.1305 8.61526 7.72938 7.42941 7.36409
threshold=3.5000000000000004 36.500000000000007 1.0000000180025095e-35 24.500000000000004 19.500000000000004 2.5000000000000004 7.672684458398745 3.5000000000000004 2.5000000000000004 1.0000000180025095e-35 4.5000000000000009 24.500000000000004 1.0000000180025095e-35 31.500000000000004 3.5000000000000004 1.0000000180025095e-35 3.7722117838879714 33.500000000000007 3.9760219219180022 18.500000000000004 1.0000000180025095e-35 1.0000000180025095e-35 2.5000000000000004 13.62291554599247 3.7550080417885447 5.5000000000000009 2.5000000000000004 2.5000000000000004 1.0000000180025095e-35 11.051177667926725
decision_type=2 2 2 2 2 2 2 2 2 2 2 2 2 2 2 2 2 2 2 2 2 2 2 2 2 2 2 2 2 2
left_child=3 2 4 19 -2 10 -4 8 9 -8 13 -12 14 15 16 -6 -13 26 -10 -1 21 -17 -22 28 -25 29 -18 -15 -21 -5
right_child=1 -3 6 25 5 -7 7 -9 18 -11 11 12 -14 27 -16 20 17 -19 -20 23 22 -23 -24 24 -26 -27 -28 -29 -30 -31
leaf_value=-0.047550971443549424 -0.036350243768531236 0.043306853591508855 0.04409239149318115 -0.015582335603032977 0.045412977437981776 -0.058897685781532705 0.04540853643474678 0.042101595963655404 -0.051384674101156817 -0.027995705174410052 0.041479222424605944 0.0043768767015130846 0.021695417509487832 -0.017132361169187777 0.043375834981403127 0.039643649630421662 -0.054193993334659289 -0.021491612407336196 0.011894729211033232 0.0039655595418079592 -0.028645144641711962 -0.01854122297378228 -3.6570631256352492e-05 0.041905916740962494 -0.057204725375330549 0.054979656382744491 -0.15324423720484762 0.032674453600413766 -0.036482074617333694 0.026799078287167755
leaf_weight=229.48607986420393 41.219335440546274 410.94652873463929 94.702580304816365 136.56628609448671 13.727944042533634 11.774408485740421 23.758340954780579 46.188792480155826 17.550285995006565 9.9355870224535447 52.78793703019619 7.1569851487875047 69.444499520584941 9.3347854912281019 4.9345931820571414 57.986785929650068 3.5596015006303805 7.1048104874789706 12.222872752696274 11.732131265103815 87.352026883512735 78.229321286082268 116.90805332735181 11.266316562891008 8.1855453588068467 5.2047911994159213 5.7278768643736839 47.053340837359428 351.25400466099381 11.081310801208017
leaf_count=6432 845 10767 2191 1890 126 95 638 929 226 158 1199 73 932 91 84 1072 48 122 268 76 1156 1045 994 76 109 50 82 721 8516 51
internal_value=-0.000195907 0.0201939 0.00859177 -0.0329786 0.00141495 0.00413124 0.0301653 0.0181374 0.000697208 0.0237633 0.00545338 0.0180354 0.00539811 0.000834881 -0.0343352 -0.00292125 -0.050619 -0.0746306 -0.0254064 -0.0386917 -0.00487008 0.0062279 -0.0122711 -0.0333755 0.00019913 -0.0101071 -0.115281 0.0244292 -0.0351748 -0.0124015
internal_weight=1994.38 1229.61 818.661 764.776 614.302 573.083 204.358 109.656 63.4671 33.6939 561.309 150.716 97.9284 410.592 28.4839 354.204 23.5493 16.3923 29.7732 611.924 340.476 136.216 204.26 382.438 19.4519 152.852 9.28748 56.3881 362.986 147.648
internal_count=41062 23862 13095 17200 8685 7840 4410 2219 1290 796 7745 2540 1341 5205 409 4393 325 252 494 15209 4267 2117 2150 8777 185 1991 130 812 8592 1941
is_linear=0
shrinkage=0.05


Tree=57
num_leaves=31
num_cat=0
split_feature=9 3 0 9 0 0 8 2 2 8 0 9 11 4 8 2 11 9 8 0 4 11 4 4 8 6 5 4 0 4
split_gain=677.536 115.803 77.2711 63.5743 32.6593 24.9832 19.8244 15.8733 15.4536 18.1272 15.0724 13.0366 12.2529 10.3213 10.2186 9.8154 7.15171 6.50971 10.9367 9.28915 8.03172 6.43572 7.6029 6.35877 8.28966 5.45303 5.4351 6.48323 5.23549 6.20819
threshold=1.0000000180025095e-35 1.0000000180025095e-35 36.500000000000007 6.5000000000000009 25.500000000000004 27.500000000000004 2.5000000000000004 1.5000000000000002 1.5000000000000002 2.5000000000000004 28.500000000000004 5.5000000000000009 1.0000000180025095e-35 4.0614821867207764 5.5000000000000009 2.5000000000000004 2.5000000000000004 10.500000000000002 2.5000000000000004 32.500000000000007 3.9677201004745002 3.5000000000000004 3.8273472064897107 4.2358247382177581 2.5000000000000004 1.5000000000000002 3.5000000000000004 4.1629877792404031 19.500000000000004 3.5217843656153414
decision_type=2 2 2 2 2 2 2 2 2 2 2 2 2 2 2 2 2 2 2 2 2 2 2 2 2 2 2 2 2 2
left_child=1 -1 3 6 16 -5 15 -7 14 -10 28 -12 17 -13 -6 21 26 19 -19 20 -9 22 -2 24 25 -4 -3 -28 29 -8
right_child=2 4 23 5 8 7 10 12 9 -11 11 13 -14 -15 -16 -17 -18 18 -20 -21 -22 -23 -24 -25 -26 -27 27 -29 -30 -31
leaf_value=0.050868215205471745 0.001966914368140899 -0.047408958676815938 0.017300808254760609 0.050589305910839634 -0.0315322115538176 0.035128261585190321 0.023848639593804868 -0.027257258206541291 -0.028244451436270759 0.039843666782276195 0.02609687855782963 -0.14389735443294852 0.029727556409662809 0.053000369788358551 0.048098417164682425 -0.062720172224119672 -0.018089210786845361 -0.21877711741096284 -0.040512806469533071 0.013942671721401579 -0.16721657096699519 0.061277777457839161 -0.023179535331897452 0.0485566466922785 0.040024463359973776 -0.05123385213955528 -0.036872319511842881 0.078527942270241263 0.0070702589403578838 -0.041170083697446444
leaf_weight=37.329090617597103 79.438583068549633 489.79863896220922 16.355917353183035 146.6257700715214 87.208157010376453 22.256022643297911 5.2806710675358799 2.3721879124641436 17.612829573452473 21.967208232730627 167.91927111148834 2.0160419344902034 6.3063910193741313 0.99358977377414692 4.223906695842742 8.0132689848542196 25.658444110304117 1.4474742487072938 2.1213594116270542 4.8593805246055126 1.8050189912319181 3.4892484471201888 48.35538861528039 231.81870001554489 118.58813182637095 3.5285515040159217 124.109953135252 1.2291297279298294 248.58899679780006 12.046995885670183
leaf_count=894 599 14643 334 4159 1497 475 44 29 187 381 2412 30 132 21 35 53 334 17 38 71 28 48 387 6974 2739 34 2594 17 1765 91
internal_value=-0.000187951 -0.035142 0.0247477 0.0156617 -0.039302 0.040926 0.0074268 0.0065084 -0.0165551 0.00954495 0.0126641 0.0242482 -0.0271724 -0.0788942 -0.0278535 -0.00899798 -0.0439526 -0.0556389 -0.112815 -0.0330585 -0.0877353 -0.00571888 -0.00754814 0.0434927 0.035015 0.00513915 -0.0450315 -0.0357407 0.00521799 -0.0213554
internal_weight=1943.36 809.137 1134.23 763.936 771.808 187.794 576.142 41.1678 131.012 39.58 436.846 170.929 18.9118 3.00963 91.4321 139.296 640.796 12.6054 3.56883 9.03659 4.17721 131.283 127.794 370.291 138.473 19.8845 615.138 125.339 265.917 17.3277
internal_count=41062 20582 20480 10399 19688 4949 5450 790 2100 568 4363 2463 315 51 1532 1087 17588 183 55 128 57 1034 986 10081 3107 368 17254 2611 1900 135
is_linear=0
shrinkage=0.05


Tree=58
num_leaves=31
num_cat=0
split_feature=9 3 4 9 11 14 4 14 5 2 14 2 10 11 3 14 11 4 15 14 10 5 5 13 15 15 15 2 14 2
split_gain=631.932 108.806 74.642 37.3103 22.6631 17.2716 17.3927 13.4216 12.263 11.5063 10.8284 25.2463 9.81516 8.70632 7.67257 7.59951 7.42728 7.32302 8.41066 7.10599 6.17494 6.94609 5.46749 7.9298 4.93421 7.06687 4.92886 5.93323 7.251 16.0935
threshold=1.0000000180025095e-35 1.0000000180025095e-35 4.0558167694895912 6.5000000000000009 2.5000000000000004 10.500000000000002 4.2498354775033391 4.5000000000000009 3.5000000000000004 1.5000000000000002 3.5000000000000004 1.5000000000000002 1.0000000180025095e-35 3.5000000000000004 1.0000000180025095e-35 7.5000000000000009 5.5000000000000009 4.0323172913475043 16.532179345350432 13.500000000000002 1.0000000180025095e-35 4.5000000000000009 5.5000000000000009 1.0000000180025095e-35 7.672684458398745 13.255293902884267 2.8708791208791213 2.5000000000000004 6.5000000000000009 1.5000000000000002
decision_type=2 2 2 2 2 2 2 2 2 2 2 2 2 2 2 2 2 2 2 2 2 2 2 2 2 2 2 2 2 2
left_child=1 -1 3 12 8 -4 -7 22 19 17 -10 -12 16 -11 -9 -14 24 18 -6 -3 21 -16 -5 -24 26 -26 27 28 -2 -30
right_child=2 4 5 7 9 6 -8 14 10 13 11 -13 15 -15 20 -17 -18 -19 -20 -21 -22 -23 23 -25 25 -27 -28 -29 29 -31
leaf_value=0.050581932237555083 0.013614197809277038 -0.046822322421450471 0.045685924229148828 0.04966505684763875 0.011601224359634791 0.0066925687831212791 0.04591835816427918 -0.087701237475641583 -0.044371779143023503 -0.035934879870024306 -0.034562839358467372 0.020883351609546921 0.04058524520217973 0.05504261703017848 0.043844463066327513 0.01145292695333229 0.054375803429269655 -0.062296364267819128 -0.054748198897413704 -0.027993105212812858 0.053359477708822593 -0.0044956983728875197 -0.092756167346277382 0.041585470510256725 -0.038186921710066879 0.014653616357383865 0.028589346024806013 -0.043344928459628833 0.010743626873116656 -0.015635043975080139
leaf_weight=35.704453641548753 125.81533832103014 469.05619148910046 330.46851972863078 90.283715596422553 16.768813449889429 66.949284829199314 48.900661617517471 1.7663952372968186 71.490481089800596 3.4857994616031638 73.008432131260633 28.561940770596266 33.686349548399448 10.707432337105272 10.314396433532236 66.732191313058138 7.1420299038290969 8.1581053361296636 6.6786622516810885 56.100113615393639 9.9727992601692659 26.585628274828196 1.6772623285651196 3.183059498667717 16.425807833671573 10.292268626391886 19.948350660502911 6.758851706981658 126.85047399997711 106.25332875922322
leaf_count=894 1229 14635 10005 2671 159 1070 1423 30 1588 32 1428 265 521 217 189 503 71 61 137 1166 180 480 23 36 135 77 224 51 756 806
internal_value=-0.000181996 -0.0346804 0.0240513 0.0134187 -0.038772 0.0398623 0.0232499 0.0359616 -0.041007 -0.00469931 -0.029464 -0.0189712 0.0071843 0.0326989 0.014596 0.0212256 0.00382302 -0.0214939 -0.00729742 -0.0448109 0.018451 0.00901648 0.0468841 -0.00477487 0.00294741 -0.0178318 0.0043871 0.00306683 0.00394081 -0.00128029
internal_weight=1889.73 779.72 1110.01 663.688 744.016 446.318 115.85 143.783 698.217 45.7988 173.061 101.57 519.905 14.1932 48.6392 100.419 419.486 31.6056 23.4475 525.156 46.8728 36.9 95.144 4.86032 412.344 26.7181 385.626 365.678 358.919 233.104
internal_count=41062 20582 20480 7982 19688 12498 2493 3609 19082 606 3281 1693 4373 249 879 1024 3349 357 296 15801 849 669 2730 59 3278 212 3066 2842 2791 1562
is_linear=0
shrinkage=0.05


Tree=59
num_leaves=31
num_cat=0
split_feature=9 3 0 9 0 0 2 2 14 11 14 0 2 2 0 14 4 9 15 15 11 15 9 15 14 0 0 0 14 9
split_gain=589.275 102.31 75.3555 59.037 31.4703 25.077 14.4152 13.2782 16.9853 12.9199 11.5203 25.7429 23.4828 19.5242 18.9277 31.9008 14.8336 14.5662 13.1538 11.2376 8.23011 7.44949 7.25676 8.54617 6.63787 8.07351 6.54777 6.20376 6.16822 7.01047
threshold=1.0000000180025095e-35 1.0000000180025095e-35 36.500000000000007 6.5000000000000009 25.500000000000004 27.500000000000004 1.5000000000000002 1.5000000000000002 4.5000000000000009 4.5000000000000009 7.5000000000000009 24.500000000000004 2.5000000000000004 1.5000000000000002 28.500000000000004 11.500000000000002 3.9946803684089089 5.5000000000000009 9.3095478838653793 2.8708791208791213 1.0000000180025095e-35 14.218667950288816 1.5000000000000002 5.4200940070505297 20.500000000000004 38.500000000000007 21.500000000000004 20.500000000000004 2.5000000000000004 3.5000000000000004
decision_type=2 2 2 2 2 2 2 2 2 2 2 2 2 2 2 2 2 2 2 2 2 2 2 2 2 2 2 2 2 2
left_child=1 -1 3 9 21 -5 -7 -6 20 10 11 22 17 -12 16 18 -15 28 -16 -8 -9 -3 23 -2 -4 -26 -24 -23 -13 -30
right_child=2 4 24 5 7 6 19 8 -10 -11 13 12 -14 14 15 -17 -18 -19 -20 -21 -22 27 26 -25 25 -27 -28 -29 29 -31
leaf_value=0.050298093495686418 -0.0038786615171906551 -0.044098322665897471 0.044204069143293868 0.050278670796346285 -0.026218066216231045 0.033799991401216249 -0.050394620010003104 -0.047186641326390479 0.035360336095588189 0.04489123310951209 0.0087565927850889527 -0.0073227665604268244 -0.050733702051428714 -0.03392809675479052 0.042655801043258806 -0.02904214257190901 -0.13162689563136773 -0.098196150781355435 -0.13685985958171037 0.034919671526859125 0.073759839983913653 -0.037987460688367503 0.042722301435724815 -0.058125523246899874 -0.061344969693830444 0.028734641780754668 -0.017591891185975591 0.020726882240624453 0.044709023135328187 -0.018430483653860578
leaf_weight=34.14997486025095 95.785155687481165 573.44320702925324 328.26416680403054 133.83572733215988 87.183769814670086 20.924059519544244 13.675272520631554 12.687618300318716 23.533498644828796 21.225303560495377 187.47954798862338 6.8190083466470233 8.3576556425541622 38.260947771370411 30.20794810727239 45.394143674522638 4.3242469355463973 1.9790217541158188 1.056112766265868 5.3776829298585644 1.5819382146000851 10.006193008273842 14.623959191143515 7.8558970764279357 3.1029210686683646 12.539824761450289 6.4998205825686446 8.1740650683641416 95.979454338550568 4.607309026643633
leaf_count=894 628 17305 9824 4159 1532 475 199 165 392 359 1097 41 74 203 543 248 27 39 25 116 11 212 160 53 24 233 58 71 1829 66
internal_value=-0.000178311 -0.034254 0.0233314 0.0143873 -0.0382833 0.0398989 0.00514945 -0.0154868 0.00926247 0.00661418 0.00513494 0.0132789 0.0300482 -0.00130399 -0.0171217 -0.00227423 -0.0438488 0.0362204 0.0365917 -0.0263147 -0.0337784 -0.0430993 -0.00254656 -0.00799052 0.0426877 0.0108663 0.0241635 -0.0115888 0.0386972 0.041817
internal_weight=1838.94 750.76 1088.18 744.268 716.61 173.813 39.977 124.987 37.8031 570.456 549.23 242.507 117.742 306.723 119.243 76.6582 42.5852 109.385 31.2641 19.053 14.2696 591.623 124.765 103.641 343.907 15.6427 21.1238 18.1803 107.406 100.587
internal_count=41062 20582 20480 10399 19688 4949 790 2100 568 5450 5091 2948 2049 2143 1046 816 230 1975 568 315 176 17588 899 681 10081 257 218 283 1936 1895
is_linear=0
shrinkage=0.05


Tree=60
num_leaves=31
num_cat=0
split_feature=9 3 4 9 6 14 14 4 8 14 8 14 8 11 8 14 4 14 6 14 14 9 14 4 4 4 9 15 6 15
split_gain=554.399 89.9404 66.2691 37.7376 23.4898 53.6018 20.9359 17.7218 16.6575 10.9045 13.1778 10.5916 10.4856 9.69563 9.07568 13.7824 8.87515 8.2101 7.64949 7.36613 9.28977 13.4009 12.091 9.00862 8.09647 8.00512 7.16501 6.97697 6.96259 6.8587
threshold=1.0000000180025095e-35 1.0000000180025095e-35 4.0558167694895912 6.5000000000000009 1.0000000180025095e-35 4.5000000000000009 12.500000000000002 4.2498354775033391 3.5000000000000004 12.500000000000002 5.5000000000000009 6.5000000000000009 2.5000000000000004 5.5000000000000009 2.5000000000000004 3.5000000000000004 3.547173126177551 4.5000000000000009 1.5000000000000002 7.5000000000000009 3.5000000000000004 1.5000000000000002 4.5000000000000009 3.882046967961911 3.9394709940012875 3.4718396893462793 4.5000000000000009 14.218667950288816 1.0000000180025095e-35 16.532179345350432
decision_type=2 2 2 2 2 2 2 2 2 2 2 2 2 2 2 2 2 2 2 2 2 2 2 2 2 2 2 2 2 2
left_child=1 -1 3 8 9 12 -4 26 13 27 -11 18 -6 14 19 16 -16 -17 -5 20 21 24 25 -24 -2 -22 -8 -3 -21 -29
right_child=2 4 6 11 5 -7 7 -9 -10 10 -12 -13 -14 -15 15 17 -18 -19 -20 28 22 -23 23 -25 -26 -27 -28 29 -30 -31
leaf_value=0.048385284532294674 -0.024711050319096858 -0.045646664950322401 0.044124619025169939 0.046207440329826092 -0.046959530850418915 0.029948868363604487 -0.022243605618039543 0.042301989733285902 0.037938427724150667 -0.029925875110385632 0.071721175296607126 0.01086541492312554 0.058071099636306293 0.058629610825204494 -0.045004035652924983 -0.051844671660055776 0.052600011500929203 0.0059372031415853921 -0.06267248831107862 -0.0083037780314128371 -0.019764803223172461 0.026251162167902797 -0.013817820003441204 0.05642315822374875 -0.099609035916196798 0.082645878887342719 0.02551791701453205 0.013991066851418625 -0.048429216836536504 -0.052930796626840797
leaf_weight=32.068381326273084 20.386387780308727 457.31815078854561 345.08924338780344 102.44876771792769 64.698570881038904 40.10582565702498 27.504862554371357 30.747389646247029 40.232568725943565 102.80767924152315 3.2906202599406233 30.212481334805489 2.4669181928038588 8.0949536282569152 2.5888194143772152 6.276606358587741 23.211542144417763 299.09707276150584 1.6389650627970684 27.156582571566105 2.4151441827416411 12.088054642081259 22.60457639023662 5.7198030762374392 4.3842109665274611 9.0902695618569833 10.989870049059389 9.8039727844297904 17.961767919361591 6.2818373553454867
leaf_count=882 135 15124 11086 3084 1540 506 219 945 430 2056 17 522 14 89 17 38 384 2379 14 193 20 126 173 82 25 82 233 125 111 143
internal_value=0.000369563 -0.033461 0.0235317 0.0133897 -0.0372828 -0.0157902 0.0390901 0.0139988 0.0070838 -0.0412612 -0.0267733 0.0369281 -0.0431019 0.00439149 0.00342223 0.00771441 0.0428064 0.00474956 0.044493 -0.00824753 0.00118364 -0.0169065 0.0179243 0.000366588 -0.0379674 0.0611485 -0.00860816 -0.0445083 -0.0242779 -0.0121433
internal_weight=1768.78 718.842 1049.94 635.609 686.774 107.271 414.331 69.2421 501.308 579.502 106.098 134.3 67.1655 461.076 452.981 331.174 25.8004 305.374 104.088 121.807 76.6884 36.8587 39.8298 28.3244 24.7706 11.5054 38.4947 473.404 45.1184 16.0858
internal_count=40794 20407 20387 7904 19525 2060 12483 1397 4284 17465 2073 3620 1554 3854 3765 2818 401 2417 3098 947 643 286 357 255 160 102 452 15392 304 268
is_linear=0
shrinkage=0.05


Tree=61
num_leaves=31
num_cat=0
split_feature=9 3 0 9 0 0 8 8 14 0 8 9 11 14 11 14 14 9 14 0 15 0 8 8 15 5 10 0 14 14
split_gain=517.159 84.5163 66.8764 60.5017 33.1328 20.6589 17.608 14.5237 13.2123 39.1912 13.8606 13.5417 11.687 11.5409 8.80392 8.60245 10.1932 15.1845 11.1025 12.4108 7.51695 7.43258 7.42127 6.80145 6.76589 6.79294 6.45661 9.86047 6.08844 5.96631
threshold=1.0000000180025095e-35 1.0000000180025095e-35 36.500000000000007 6.5000000000000009 24.500000000000004 27.500000000000004 2.5000000000000004 3.5000000000000004 6.5000000000000009 23.500000000000004 3.5000000000000004 3.5000000000000004 1.0000000180025095e-35 13.500000000000002 5.5000000000000009 7.5000000000000009 3.5000000000000004 2.5000000000000004 4.5000000000000009 25.500000000000004 14.218667950288816 20.500000000000004 7.5000000000000009 5.5000000000000009 2.9631255487269539 4.5000000000000009 1.0000000180025095e-35 32.500000000000007 12.500000000000002 6.5000000000000009
decision_type=2 2 2 2 2 2 2 2 2 2 2 2 2 2 2 2 2 2 2 2 2 2 2 2 2 2 2 2 2 2
left_child=1 -1 3 6 20 -5 15 12 9 -8 14 -11 -6 -14 -10 16 17 -2 -18 21 -3 -20 23 -9 25 -7 27 29 -4 -27
right_child=2 4 28 5 7 24 8 22 10 11 -12 -13 13 -15 -16 -17 18 -19 19 -21 -22 -23 -24 -25 -26 26 -28 -29 -30 -31
leaf_value=0.048043148887437298 -0.038583074896784642 -0.043840131079586897 0.045119955856545983 0.051201848926320952 -0.028161098297970335 0.034526192874378851 -0.011206709373494189 0.020267493169852602 0.00019824409666910231 0.051727208938070895 0.036007013249032938 -0.068957658786321374 0.046690227729575748 -0.024181652346952472 0.049280734298753577 -0.026171265109772687 0.059268909874786724 0.029235907559767224 0.014162797372478386 0.045813269984940848 -0.0098619056118579487 -0.050051094683234536 -0.06698786997890345 0.098259493854385371 0.042936071311518498 -0.057426166908611666 0.03197391884213887 -0.0049051007081347513 0.027080295014812811 -0.17424482522901441
leaf_weight=30.716177402064204 26.977407779544592 499.61368777789176 261.71989502757788 123.10054947249591 106.70304268412292 7.9546467699110535 45.312290873378515 9.9973118696361762 256.8300961740315 71.738750087097287 33.637334447354078 2.4022196512669316 11.454955378547313 11.522237865254281 9.4731227830052358 49.361154615879059 11.626151451840995 11.891689896583555 7.7778272554278436 10.129460332915185 16.82538115978241 10.713489495217798 1.7572913132607926 3.8803919702768317 10.508404640480874 3.961290959268811 4.4985756874084464 9.2076224125921708 56.949962129816413 1.5095096193253992
leaf_count=882 175 16531 8686 4183 2172 156 294 177 1833 1648 360 41 191 119 145 335 116 128 79 143 277 71 19 39 296 55 71 162 1392 18
internal_value=0.000360806 -0.0330351 0.0228723 0.0143172 -0.0367985 0.04129 0.0064036 -0.0157071 0.0113648 0.0254275 0.00576427 0.0478169 -0.0211957 0.0111505 0.00194424 -0.0097915 0.000427978 -0.0178344 0.0180652 0.00132762 -0.0427331 -0.0230414 0.029817 0.0420751 0.00887353 -0.00431929 -0.0204325 -0.0364937 0.0418961 -0.0896589
internal_weight=1719.75 692.47 1027.28 708.612 661.754 160.741 547.871 145.315 419.394 119.453 299.941 74.141 129.68 22.9772 266.303 128.477 79.116 38.8691 40.2469 28.6208 516.439 18.4913 15.635 13.8777 37.6401 27.1316 19.177 14.6784 318.67 5.4708
internal_count=40794 20407 20387 10309 19525 4941 5368 2717 4321 1983 2338 1689 2482 310 1978 1047 712 303 409 293 16808 150 235 216 758 462 306 235 10078 73
is_linear=0
shrinkage=0.05


Tree=62
num_leaves=31
num_cat=0
split_feature=9 3 0 9 0 0 8 6 14 14 0 8 9 8 6 0 14 10 11 14 6 15 15 11 0 6 5 14 14 15
split_gain=481.739 79.1743 64.7394 57.9025 32.5055 20.4952 16.0656 13.2678 20.4725 12.533 37.3185 12.7951 12.5855 11.0821 10.0515 11.4449 22.3433 11.6085 10.1343 7.91131 10.8916 7.46189 6.4572 9.19105 8.03839 6.44321 6.408 6.81187 24.6441 6.37208
threshold=1.0000000180025095e-35 1.0000000180025095e-35 36.500000000000007 6.5000000000000009 24.500000000000004 27.500000000000004 2.5000000000000004 1.0000000180025095e-35 4.5000000000000009 6.5000000000000009 23.500000000000004 3.5000000000000004 3.5000000000000004 5.5000000000000009 1.0000000180025095e-35 32.500000000000007 14.500000000000002 1.0000000180025095e-35 5.5000000000000009 8.5000000000000018 1.5000000000000002 14.218667950288816 6.8337484433374849 1.0000000180025095e-35 27.500000000000004 1.0000000180025095e-35 3.5000000000000004 3.5000000000000004 6.5000000000000009 2.9631255487269539
decision_type=2 2 2 2 2 2 2 2 2 2 2 2 2 2 2 2 2 2 2 2 2 2 2 2 2 2 2 2 2 2
left_child=1 -1 3 6 21 -5 19 13 -9 10 -8 14 -12 -6 -11 17 -17 18 22 20 -2 26 23 -16 -24 -21 -3 -28 -29 -7
right_child=2 4 -4 5 7 29 9 8 -10 11 12 -13 -14 -15 15 16 -18 -19 -20 25 -22 -23 24 -25 -26 -27 27 28 -30 -31
leaf_value=0.047699047381874381 0.0052110155273509522 -0.046319207672829349 0.041415090324821102 0.051101785256427029 -0.028761712758641061 -0.0040393913783311197 -0.010661882285219387 -0.033185795742106741 0.038759521490602661 0.0099833040680996216 0.05146978496833346 0.034841415361681879 -0.061916584832039094 0.043451973332467787 -0.034021010806391951 0.047166402717216838 -0.043184991009944718 0.023148545487268447 0.056825705096518346 -0.012151669984000919 -0.054890426035545607 -0.0094161737515249203 -0.029991825277431508 0.042252253867380296 -0.16642524615193122 -0.052799772013812973 -0.046423722225555623 0.03611610077138027 -0.040337262292683078 0.042458132822711464
leaf_weight=29.423629529774189 76.997820571064949 381.0537674985826 306.56941389106214 117.32038654386997 96.626092182472348 27.20108181424439 45.248067088425159 16.883539646863937 23.864093968644738 156.45828787796199 68.572739833965898 33.0399882607162 2.5378764718770972 5.6219069920480242 54.05708334967494 20.028749715536836 10.39327225089073 13.131213977932928 3.318350749090313 26.288301780819893 8.3561876304447633 16.742913380265236 2.3936246782541266 4.2609961181879035 1.9666380006819961 15.495577923953531 45.024432133883238 14.333447553217409 39.83159713447094 10.105603171512483
leaf_count=882 709 14133 10078 4183 2004 462 294 251 407 867 1648 360 41 55 326 416 47 157 63 181 59 277 27 49 26 98 1298 181 919 296
internal_value=0.000355961 -0.032497 0.022266 0.0138455 -0.0361841 0.0408368 0.00615286 -0.0151766 0.00894941 0.0109128 0.0248358 0.0054954 0.0474231 -0.0247912 0.00185043 -0.00976487 0.0162991 -0.0197856 -0.0283281 -0.00939962 -0.000672937 -0.0422285 -0.0328363 -0.0284481 -0.0915283 -0.027226 -0.0433725 -0.0320521 -0.0201058 0.00855582
internal_weight=1673.15 669.405 1003.74 697.172 639.982 154.627 542.545 142.996 40.7476 415.407 116.359 299.048 71.1106 102.248 266.008 109.55 30.422 79.1279 65.9967 127.138 85.354 496.986 62.6783 58.3181 4.36026 41.7839 480.243 99.1895 54.165 37.3067
internal_count=40794 20407 20387 10309 19525 4941 5368 2717 658 4321 1983 2338 1689 2059 1978 1111 463 648 491 1047 768 16808 428 375 53 279 16531 2398 1100 758
is_linear=0
shrinkage=0.05


Tree=63
num_leaves=31
num_cat=0
split_feature=9 3 0 9 0 0 8 8 0 14 15 14 9 14 0 2 15 14 2 8 2 14 5 14 14 15 14 0 14 15
split_gain=449.321 74.3406 62.6076 55.3314 31.6998 20.3769 14.6698 12.4891 12.0482 17.5428 10.5507 10.4035 8.27254 8.05582 9.88134 7.52738 7.44219 7.27101 10.29 6.91176 6.85552 6.48078 6.40631 6.63521 22.8851 6.25724 6.09403 5.86093 7.23765 5.64544
threshold=1.0000000180025095e-35 1.0000000180025095e-35 36.500000000000007 6.5000000000000009 24.500000000000004 27.500000000000004 2.5000000000000004 3.5000000000000004 29.500000000000004 11.500000000000002 1.7095265926358858 13.500000000000002 5.5000000000000009 3.5000000000000004 22.500000000000004 1.5000000000000002 14.218667950288816 7.5000000000000009 2.5000000000000004 7.5000000000000009 1.5000000000000002 12.500000000000002 3.5000000000000004 3.5000000000000004 6.5000000000000009 2.7118955690384263 4.5000000000000009 32.500000000000007 7.5000000000000009 6.0737812911725966
decision_type=2 2 2 2 2 2 2 2 2 2 2 2 2 2 2 2 2 2 2 2 2 2 2 2 2 2 2 2 2 2
left_child=1 -1 3 6 16 -5 17 10 13 12 -6 -12 -10 14 -8 -11 22 18 -2 -9 -7 -4 -3 -24 -25 -17 -15 28 -22 -23
right_child=2 4 21 5 7 20 8 19 9 15 11 -13 -14 26 -16 25 -18 -19 -20 -21 27 29 23 24 -26 -27 -28 -29 -30 -31
leaf_value=0.047352387911917253 0.0067228277873206017 -0.046025222276867152 0.044411603538993712 0.051004832474118737 -0.026843661460500792 0.029125253176784195 -0.035520845956665929 0.039175423365006082 0.04510056943077928 0.023256233813992978 0.045715217853759003 -0.022678975246785981 -0.069058167545446539 -0.042433823992327702 0.052883945094706154 -0.01850328178485033 -0.0089883950207326046 -0.024176292286955073 -0.052291348237051428 -0.066709510630808586 -0.01988561694329085 0.011686198308844011 -0.046046163703730915 0.034375886680494502 -0.039686479586515444 0.055947145252024835 0.0038069192839568487 0.008962820981404539 -0.13624883703176463 0.044655401215984464
leaf_weight=28.188388884067535 69.761360609903932 364.72694932855666 241.3987541962415 111.80540074594319 102.0415631365031 19.027255127206445 3.9368485435843494 13.872425882145761 61.010045999661088 29.104823317378759 11.005209766328337 11.237619375810025 1.6293205246329296 7.3269024007022372 16.035913256928325 30.208703849464655 16.664807915687561 48.516193713992834 8.2613264322280866 1.7338314689695824 5.248030191287401 31.669807303696871 43.170953538268805 14.306821670383213 38.49467034637928 3.1130350921303025 258.779416391626 10.945734633132814 1.7928108889609573 22.007082585245371
leaf_count=882 652 14133 8686 4183 2172 466 39 216 1655 184 191 119 30 48 262 166 277 335 60 19 75 595 1298 181 919 56 1881 198 19 797
internal_value=0.000349792 -0.0320532 0.0216566 0.0133778 -0.0356795 0.0403595 0.00590988 -0.0147481 0.0104917 0.0234368 -0.0200421 0.0111608 0.0421312 0.00483239 0.0354584 0.00467868 -0.0418133 -0.00897704 0.000474192 0.0274118 0.00820368 0.0409174 -0.0430007 -0.0315066 -0.0196189 -0.0115479 0.00253374 -0.0139284 -0.0495152 0.0252033
internal_weight=1627.02 645.443 981.579 686.503 617.255 148.819 537.684 139.891 411.145 125.066 124.284 22.2428 62.6394 286.079 19.9728 62.4266 477.364 126.539 78.0227 15.6063 37.0138 295.076 460.699 95.9724 52.8015 33.3217 266.106 17.9866 7.04084 53.6769
internal_count=40794 20407 20387 10309 19525 4941 5368 2717 4321 2091 2482 310 1685 2230 301 406 16808 1047 712 235 758 10078 16531 2398 1100 222 1929 292 94 1392
is_linear=0
shrinkage=0.05


Tree=64
num_leaves=31
num_cat=0
split_feature=9 3 4 9 0 8 0 14 0 10 2 14 8 6 4 14 2 4 14 14 9 4 0 14 8 8 14 0 4 4
split_gain=418.482 69.7043 60.9424 45.8242 31.2154 20.7424 19.6273 30.3628 19.612 13.2561 11.9951 18.3942 9.85939 9.26864 11.6381 10.2332 9.11118 8.91299 8.36902 8.35806 11.3602 14.5387 9.03259 10.5819 8.26897 6.82772 6.79498 12.5846 6.81952 6.37526
threshold=1.0000000180025095e-35 1.0000000180025095e-35 4.2498354775033391 4.5000000000000009 24.500000000000004 2.5000000000000004 29.500000000000004 12.500000000000002 27.500000000000004 1.0000000180025095e-35 1.5000000000000002 4.5000000000000009 5.5000000000000009 1.5000000000000002 4.038686742164626 7.5000000000000009 1.5000000000000002 3.9219331703790541 20.500000000000004 3.5000000000000004 1.5000000000000002 3.9394709940012875 25.500000000000004 4.5000000000000009 2.5000000000000004 2.5000000000000004 3.5000000000000004 22.500000000000004 3.3299574648874763 4.182171324392594
decision_type=2 2 2 2 2 2 2 2 2 2 2 2 2 2 2 2 2 2 2 2 2 2 2 2 2 2 2 2 2 2
left_child=1 -1 3 5 29 13 26 -8 -5 24 12 25 -6 15 -15 19 -9 -14 -18 20 21 -2 23 -21 -10 -12 27 -7 -28 -3
right_child=2 4 -4 8 10 6 7 16 9 -11 11 -13 17 14 -16 -17 18 -19 -20 22 -22 -23 -24 -25 -26 -27 28 -29 -30 -31
leaf_value=0.047002596161999692 -0.015456384137845858 -0.041594116813293086 0.046793457443215489 0.04820737787554593 -0.027513168163925392 -0.058643773596205817 0.046394878317702219 0.021647926354594119 -0.021220403439771898 0.044732353972781108 -0.04131493038944916 0.037833147565143166 0.11115217902826434 -0.024334325981553408 -0.14699381924282071 -0.024437918672353984 -0.0084540144422721904 -0.014546006608351168 -0.097046311585670092 0.055980470450847447 0.043465133637542654 -0.13161412171840112 0.052235523820501853 -0.018143017344809134 0.016782704182434979 0.076475997602001633 0.077595051265840931 0.052486732844284692 0.0015238326934520945 0.12827057778817105
leaf_weight=27.008172431960702 16.173756904900081 458.10512866638601 185.38390537723899 116.56009713374078 92.639188658446074 3.0587952658534077 85.894663620740175 30.204485047608614 19.620325788855553 32.990153048187494 14.927227940410377 23.048152977600694 2.4917789697647086 7.0853448472917062 2.6597863771021366 47.959956953302026 33.294391335919499 3.2492952197790146 2.8977877721190444 6.6318023428320911 6.0913365706801406 3.2321694176644078 14.343608940020202 17.575332749634981 52.92299815826118 1.3407450094819058 2.9801412075757971 15.239637102931736 258.20479776710272 0.55303859710693259
leaf_count=882 99 16795 7380 4318 2004 19 2478 197 368 917 242 407 29 56 18 336 215 26 33 41 50 25 226 131 1375 9 20 258 1827 13
internal_value=0.000342736 -0.0315633 0.0210388 0.0148831 -0.0351214 0.00718486 0.0123246 0.0267661 0.0340695 0.0184545 -0.0142436 0.00910063 -0.0235728 -0.0110423 -0.0578124 -0.00697308 0.00137317 0.0400104 -0.0155473 0.00610482 -0.0161047 -0.0348031 0.0207941 0.0021639 0.00650425 -0.031607 0.00445538 0.03391 0.00239181 -0.0413893
internal_weight=1584.37 623.363 961.005 775.621 596.355 553.528 431.775 152.291 222.094 105.533 137.696 39.3161 98.3803 121.753 9.74513 112.008 66.3967 5.74107 36.1922 64.048 25.4973 19.4059 38.5507 24.2071 72.5433 16.268 279.483 18.2984 261.185 458.658
internal_count=40794 20407 20387 13007 19525 6029 5047 2923 6978 2660 2717 658 2059 982 74 908 445 55 248 572 174 124 398 172 1743 251 2124 277 1847 16808
is_linear=0
shrinkage=0.05


Tree=65
num_leaves=31
num_cat=0
split_feature=0 0 14 14 8 15 2 0 14 8 6 0 6 3 0 0 14 8 0 14 14 6 2 14 0 0 14 0 2 4
split_gain=235.634 106.185 109.332 25.5827 19.8261 20.6918 19.7388 16.2099 14.0562 12.2731 12.3001 11.329 11.7476 13.3745 11.0681 10.7816 9.82355 9.19524 17.4145 9.48785 8.45545 8.35136 9.24963 16.843 39.34 8.21956 15.2604 8.14604 14.0212 8.27198
threshold=32.500000000000007 20.500000000000004 8.5000000000000018 14.500000000000002 3.5000000000000004 10.681686167123063 1.5000000000000002 49.500000000000007 4.5000000000000009 2.5000000000000004 1.5000000000000002 21.500000000000004 1.0000000180025095e-35 1.0000000180025095e-35 18.500000000000004 26.500000000000004 7.5000000000000009 2.5000000000000004 26.500000000000004 6.5000000000000009 2.5000000000000004 1.0000000180025095e-35 1.5000000000000002 8.5000000000000018 47.500000000000007 23.500000000000004 3.5000000000000004 19.500000000000004 1.5000000000000002 3.293716890073298
decision_type=2 2 2 2 2 2 2 2 2 2 2 2 2 2 2 2 2 2 2 2 2 2 2 2 2 2 2 2 2 2
left_child=1 14 6 9 5 11 8 -5 -3 10 -2 -4 15 -14 -1 -13 27 25 19 -19 -12 22 -11 24 -24 -8 -27 29 -29 -16
right_child=3 2 4 7 -6 -7 17 -9 -10 21 20 12 13 -15 16 -17 -18 18 -20 -21 -22 -23 23 -25 -26 26 -28 28 -30 -31
leaf_value=-0.043505532932479309 0.02892333756351715 0.049803827280313497 -0.04691571569444164 -0.0024764874631065014 0.020677952334833501 0.01807378175529014 0.01409610072665902 0.048162818216393628 0.014050650857589784 0.038533927590119969 -0.11412133786556088 -0.023508127966999387 0.047205402569596253 -0.045623827430616069 0.081390179080600075 -0.0031789041038798498 -0.040201460774561111 0.017522719752704041 0.043477837948059872 -0.021360092008868216 -0.0063686141220200346 0.04673476660450291 -0.36007147870312339 0.018040234892270614 0.05132012850407696 -0.03322445335660261 0.020911424110314356 0.029038112848971412 -0.044788223321722748 -0.0285046910840316
leaf_weight=181.38901560381055 39.743113350123167 72.143033072352409 46.387826254591346 68.103135755285621 31.267940102145076 32.04469989426434 56.496754733845592 20.578368516638875 44.414301872253418 15.000394063070418 2.4695051293820125 181.64321707002819 4.1430329401046029 61.151520287618041 1.7636680658906687 101.75693843327463 64.848279369994998 47.825399996712804 49.093026114627719 23.348158901557326 6.9289184082299471 240.50402696803212 1.0917292106896623 5.7811378985643387 1.2424762211740015 34.815179003402591 20.79201196692884 21.01783774793148 9.2670577429234999 58.858411654829979
leaf_count=7035 1157 3042 1695 917 461 335 1505 741 814 512 35 4369 35 382 30 1252 2386 416 1191 169 107 9069 32 155 50 474 197 318 197 1828
internal_value=1.82814e-05 -0.011543 -0.00170102 0.0329783 -0.0177544 -0.0205679 0.0193888 0.00927426 0.03618 0.0396994 0.0167588 -0.0237021 -0.0206139 -0.0397337 -0.0351106 -0.0162088 -0.0253342 0.0109662 0.0205691 0.00476739 -0.0346814 0.0439758 0.0152701 -0.0277306 -0.141091 0.000664198 -0.0129826 -0.0147286 0.00644755 -0.0253075
internal_weight=1545.91 1144.47 807.323 401.443 458.395 427.127 348.928 88.6815 116.557 312.761 49.1415 395.083 348.695 65.2946 337.144 283.4 155.755 232.371 120.267 71.1736 9.39842 263.62 23.1157 8.11534 2.33421 112.104 55.6072 90.907 30.2849 60.6221
internal_count=40906 28131 16337 12775 8529 8068 7808 1658 3856 11117 1299 7733 6038 417 11794 5621 4759 3952 1776 585 142 9818 749 237 82 2176 671 2373 515 1858
is_linear=0
shrinkage=0.05


Tree=66
num_leaves=31
num_cat=0
split_feature=9 3 4 9 4 14 14 11 10 8 14 11 5 2 2 14 14 14 2 3 4 8 14 8 11 14 14 8 11 4
split_gain=360.36 65.072 57.4934 29.3933 21.8196 18.817 13.348 12.3176 10.367 9.4653 10.1221 8.48955 7.8765 7.17891 6.89177 17.5523 11.6898 6.51374 14.7091 12.1234 9.45647 10.0098 10.3881 8.42745 7.13941 7.05427 6.40023 7.4871 5.63559 6.24651
threshold=1.0000000180025095e-35 1.0000000180025095e-35 4.0558167694895912 4.5000000000000009 3.8936885934434464 13.500000000000002 4.5000000000000009 6.5000000000000009 1.0000000180025095e-35 5.5000000000000009 10.500000000000002 5.5000000000000009 4.5000000000000009 2.5000000000000004 1.5000000000000002 5.5000000000000009 6.5000000000000009 8.5000000000000018 1.5000000000000002 1.0000000180025095e-35 3.7622890633926835 2.5000000000000004 3.5000000000000004 3.5000000000000004 1.5000000000000002 18.500000000000004 8.5000000000000018 2.5000000000000004 2.5000000000000004 4.0323172913475043
decision_type=2 2 2 2 2 2 2 2 2 2 2 2 2 2 2 2 2 2 2 2 2 2 2 2 2 2 2 2 2 2
left_child=1 -1 3 8 9 -4 13 -7 11 14 -11 17 28 -5 -3 -16 -17 20 -19 -20 -2 22 -22 25 -23 -21 -10 -28 -6 -30
right_child=2 4 5 6 12 7 -8 -9 26 10 -12 -13 -14 -15 15 16 -18 18 19 23 21 24 -24 -25 -26 -27 27 -29 29 -31
leaf_value=0.048440347777768983 -0.0038209996322417202 -0.043415364474875581 0.041086839785617404 0.048020528188982198 -0.02631506290257012 -0.0051513409363511771 0.012294709586532884 0.048163694036707484 0.038149679280806793 -0.0092794131582380601 0.16720742022337257 0.058808397414893521 0.012314275757225421 -0.023851396806757696 -0.04203054333947534 0.066593737717646262 -0.021906198714460159 0.0040526656252244872 0.060585804180178261 -0.030730712704454551 -0.035707531475896385 0.036500702496724942 0.02666122226975437 0.043073678331513425 -0.016620121122617539 -0.099789246218852656 -0.030697156717654408 0.018113461490639176 0.039423512482192426 -0.022853976192118156
leaf_weight=24.771080952137709 110.87940433621407 358.57428253255785 281.02239363268018 71.899808894842863 104.62856406718493 40.380942596122622 55.751045608893037 14.805533085018395 30.559067491441965 3.5352840386331073 1.054834298789501 6.1424734126776448 19.329681478440762 3.6508193034678689 38.418972024694085 7.3817055076360685 7.5452632680535316 107.71744878590107 3.8465111926197997 56.642037805169821 14.472369641065599 51.208490151911974 12.393909543752669 3.6417925320565692 7.2165580987930289 3.9561996906995764 9.5302233025431615 44.732837909832597 7.3554628901183632 8.8961196877062303
leaf_count=862 784 14561 11288 2879 3002 581 1124 600 539 122 9 67 351 42 1247 52 46 601 20 407 80 787 116 52 102 21 46 328 69 121
internal_value=2.39239e-05 -0.0308538 0.0193212 0.0099724 -0.034382 0.035845 0.0308529 0.00915212 0.00405016 -0.0401252 0.0312782 0.00050631 -0.0173213 0.0445475 -0.0409208 -0.0241533 0.0218589 -0.000456441 -0.0074457 -0.0256369 0.00580719 0.0183239 -0.00693568 -0.0307997 0.0299393 -0.0352392 0.0198478 0.00954085 -0.0220602 0.0053328
internal_weight=1511.94 581.491 930.45 594.241 556.72 336.209 131.302 55.1865 462.939 416.51 4.59012 378.117 140.21 75.5506 411.92 53.3459 14.927 371.975 175.804 68.0865 196.171 85.2913 26.8663 64.24 58.425 60.5982 84.8221 54.2631 120.88 16.2516
internal_count=40906 20442 20464 7995 19580 12469 4045 1181 3950 16037 131 3037 3543 2921 15906 1345 98 2970 1101 500 1869 1085 196 480 889 428 913 374 3192 190
is_linear=0
shrinkage=0.05


Tree=67
num_leaves=31
num_cat=0
split_feature=5 0 14 0 4 14 3 0 0 6 6 14 0 14 13 0 14 4 14 14 8 10 14 15 4 6 5 8 10 6
split_gain=246.152 76.268 35.8809 35.2282 28.2703 18.8794 16.2065 10.5445 10.434 10.184 10.025 14.5951 12.4324 8.70464 8.46644 8.43908 11.0815 8.21335 11.9326 8.64623 7.74802 7.74439 7.30238 7.22224 16.8616 7.00635 6.97922 6.96634 6.92555 6.80262
threshold=3.5000000000000004 36.500000000000007 7.5000000000000009 23.500000000000004 3.8441697217888646 2.5000000000000004 1.0000000180025095e-35 24.500000000000004 18.500000000000004 1.5000000000000002 1.0000000180025095e-35 5.5000000000000009 20.500000000000004 6.5000000000000009 1.0000000180025095e-35 29.500000000000004 12.500000000000002 4.2498354775033391 3.5000000000000004 19.500000000000004 2.5000000000000004 1.0000000180025095e-35 6.5000000000000009 13.62291554599247 3.7550080417885447 1.5000000000000002 5.5000000000000009 5.5000000000000009 1.0000000180025095e-35 1.0000000180025095e-35
decision_type=2 2 2 2 2 2 2 2 2 2 2 2 2 2 2 2 2 2 2 2 2 2 2 2 2 2 2 2 2 2
left_child=3 2 4 8 7 -6 -4 10 -1 14 11 -2 -12 -14 29 -8 26 18 25 -20 -9 -21 -13 -10 -25 -3 -17 -5 -28 -7
right_child=1 17 6 27 5 9 15 20 23 -11 12 22 13 -15 -16 16 -18 -19 19 21 -22 -23 -24 24 -26 -27 28 -29 -30 -31
leaf_value=-0.044508070896767386 0.045205167141669861 0.014690327294878919 0.039625513235390632 -0.0085537098451122073 -0.022747551539676399 0.048268072793018778 -0.018536267582275761 -0.00019141594358506556 -0.030115787072662093 -0.035041249363162205 -0.043461775824947355 -0.062102747161591303 0.0046682213518285803 -0.045578414195700599 -0.087495315393959272 0.030216144951996884 -0.01299648686141297 0.045211205210599355 0.037981523745404804 -0.056805111534424982 0.044101538785198152 0.022086003545540685 0.010155908207818247 0.046227267094387986 -0.054725100255512797 -0.073880575199648579 -0.075385300253512935 0.042948189822031746 0.024605936138895668 0.028517619383897339
leaf_weight=150.00017465278506 19.758734257891774 4.6615617517381889 17.021559527143836 153.69024510495365 16.391842279583216 70.384677352383733 145.79884184338152 18.348570846021175 231.48001976683736 5.3216229993849984 26.290603242814541 6.1773031540214989 57.126560851931572 10.151001401245592 1.3975536245852698 33.188271610066295 62.389058049768209 161.32699305191636 91.827925428748131 4.6650730613619062 21.375174855813384 9.3368457183241844 8.0565170887857676 9.8147773332893866 7.1490455903112879 4.2854421250522137 3.4339127857238045 6.8589887022972098 3.4933594428002834 114.55507217533886
leaf_count=6489 475 118 338 2644 321 3128 1830 207 7791 52 769 88 642 55 21 714 478 7327 3093 55 342 149 126 68 104 38 55 73 72 3244
internal_value=2.37982e-05 0.0159693 0.00650184 -0.0261273 0.0164506 0.0287552 -0.00757186 0.00114735 -0.034095 0.03316 -0.00585786 0.0173977 -0.0143064 -0.00291311 0.0351078 -0.0108073 0.000186078 0.0379373 0.0277133 0.0324009 0.0236424 -0.00419845 -0.0212035 -0.027808 0.00368302 -0.0277334 0.0206881 -0.00635344 -0.0249606 0.0360343
internal_weight=1475.76 916.764 640.66 558.993 375.335 208.051 265.325 167.284 398.444 191.659 127.561 33.9926 93.5682 67.2776 186.337 248.303 102.505 276.104 114.777 105.83 39.7237 14.0019 14.2338 248.444 16.9638 8.947 40.1155 160.549 6.92727 184.94
internal_count=40906 23737 12957 17169 9470 6766 3487 2704 14452 6445 2155 689 1466 697 6393 3149 1319 10780 3453 3297 549 204 214 7963 172 156 841 2717 127 6372
is_linear=0
shrinkage=0.05


Tree=68
num_leaves=31
num_cat=0
split_feature=9 3 4 9 0 0 0 14 6 7 10 14 14 2 15 0 2 11 6 2 0 0 4 0 2 14 9 9 15 11
split_gain=319.482 59.0435 53.3577 37.3686 30.708 20.2847 16.9294 29.751 12.3969 11.6575 10.0997 9.02612 8.16759 15.6679 12.0941 11.5555 12.7842 7.92623 9.11652 9.09874 7.64782 7.45646 7.05048 7.01523 8.40532 19.0286 6.95054 18.7078 6.90647 8.17683
threshold=1.0000000180025095e-35 1.0000000180025095e-35 4.2498354775033391 4.5000000000000009 26.500000000000004 24.500000000000004 32.500000000000007 14.500000000000002 1.5000000000000002 1.0000000180025095e-35 1.0000000180025095e-35 5.5000000000000009 8.5000000000000018 1.5000000000000002 11.915683704674532 25.500000000000004 2.5000000000000004 1.0000000180025095e-35 1.5000000000000002 2.5000000000000004 21.500000000000004 36.500000000000007 4.038686742164626 20.500000000000004 1.5000000000000002 5.5000000000000009 20.500000000000004 12.500000000000002 4.3167701863354049 3.5000000000000004
decision_type=2 2 2 2 2 2 2 2 2 2 2 2 2 2 2 2 2 2 2 2 2 2 2 2 2 2 2 2 2 2
left_child=1 -1 3 6 23 11 12 8 -8 10 17 -5 15 20 -15 28 -17 19 -19 -7 -14 -6 -10 -3 -25 -26 27 -21 -2 -30
right_child=2 4 -4 5 21 9 7 -9 22 -11 -12 -13 13 14 -16 16 -18 18 -20 26 -22 -23 -24 24 25 -27 -28 -29 29 -31
leaf_value=0.048090676633974268 0.0047398155699333103 -0.044399075162150525 0.044856273769443927 0.050681102112277256 -0.012145820513788557 0.0070768672391774111 0.04974542212648117 -0.011832827922731416 0.033299223080191981 -0.15699488687144711 0.042446772617228165 -0.10407489561752772 -0.061659064252341494 -0.031397670891734397 0.057574811545888532 0.032599421920071078 -0.047327880145360081 0.041774233603302548 -0.1298991512945363 0.0086291934751609005 0.0054498373782192796 0.028940256309487912 -0.078546161867138642 -0.036840664059553101 -0.037468468144388388 0.034751884809980982 0.028426694567738525 -0.16915226253792434 -0.050533760374435605 0.024423304549258222
leaf_weight=23.191627757623792 132.78809070773423 243.17976298183203 157.59545227698982 88.445864282548428 71.265313182026148 47.657881820574403 63.223005123436451 37.753986505791545 2.5969372764229766 0.95579088851809402 31.036583740264177 0.95235203020274539 4.3708131685852996 60.836963506415486 4.0753010846674433 60.305585201829672 5.4554785192012778 19.833397647365931 0.80470295436680217 3.0323455221950999 147.94092962518334 13.06782530993223 3.0803753696382046 159.4206615332514 24.908301906660199 14.389814198017119 2.0638134311884642 2.8900798484683037 12.438557852059605 5.1425120886415234
leaf_count=862 925 11178 7383 4011 1278 1111 2062 277 16 28 973 17 32 408 80 1225 52 708 13 44 824 269 43 6067 693 95 54 49 90 39
internal_value=2.76727e-05 -0.0299867 0.0184472 0.0128053 -0.0334277 0.0314054 0.00599665 0.0238419 0.0433899 0.0168514 0.0183997 0.0490325 0.0016047 -0.00524229 -0.0258118 0.00848633 0.0259687 0.00861582 0.0350805 -0.00119978 0.00352405 -0.00577934 -0.0273854 -0.0387042 -0.0317351 -0.0110235 -0.0505907 -0.0781262 0.000840738 -0.0286086
internal_weight=1444.7 549.423 895.277 737.681 526.232 197.673 540.009 106.654 68.9003 108.275 107.319 89.3982 433.354 217.224 64.9123 216.13 65.7611 76.2822 20.6381 55.6441 152.312 84.3331 5.67731 441.899 198.719 39.2981 7.98624 5.92243 150.369 17.5811
internal_count=40906 20442 20464 13081 19580 7008 6073 2398 2121 2980 2952 4028 3675 1344 488 2331 1277 1979 721 1258 856 1547 59 18033 6855 788 147 93 1054 129
is_linear=0
shrinkage=0.05


Tree=69
num_leaves=31
num_cat=0
split_feature=9 3 4 9 0 0 0 14 6 10 0 6 4 11 13 4 14 14 2 0 2 11 3 9 4 0 5 4 11 4
split_gain=297.097 55.3113 51.7766 35.4148 30.235 20.1077 15.798 28.2552 11.8725 9.68388 8.94123 8.75252 9.10996 8.80181 11.034 20.2214 8.15418 7.41657 14.1914 10.7738 11.783 10.2275 7.61304 7.42652 7.15861 7.09893 6.55659 10.6438 6.27514 6.86324
threshold=1.0000000180025095e-35 1.0000000180025095e-35 4.2498354775033391 4.5000000000000009 24.500000000000004 24.500000000000004 32.500000000000007 14.500000000000002 1.5000000000000002 1.0000000180025095e-35 30.500000000000004 1.5000000000000002 4.023139138167485 1.0000000180025095e-35 1.0000000180025095e-35 4.1867336549731773 5.5000000000000009 8.5000000000000018 1.5000000000000002 25.500000000000004 2.5000000000000004 3.5000000000000004 1.0000000180025095e-35 3.5000000000000004 3.7502323533268509 21.500000000000004 3.5000000000000004 4.167960672279321 2.5000000000000004 4.1171236652383758
decision_type=2 2 2 2 2 2 2 2 2 2 2 2 2 2 2 2 2 2 2 2 2 2 2 2 2 2 2 2 2 2
left_child=1 -1 3 6 26 16 17 8 -8 11 28 13 -13 14 -7 -16 -5 19 25 -2 -21 22 -20 -24 -15 -19 -3 -28 -6 -30
right_child=2 4 -4 5 10 9 7 -9 -10 -11 -12 12 -14 24 15 -17 -18 18 21 20 -22 -23 23 -25 -26 -27 27 -29 29 -31
leaf_value=0.047790440493643935 0.00079783957436890211 -0.043101385048399846 0.044527319192303134 0.050592025692313192 -0.025081369558241525 0.010890184753423168 0.049483554678977339 -0.011190515172964745 -0.02545054992783613 0.040371901422047815 0.0096186745602832718 0.00031954633104947687 -0.17620843049623985 -0.14811890659681923 -0.024451798704955341 -0.26771415956102707 -0.090130864880736641 -0.060455464882493121 0.043212005032915855 0.031738204581871134 -0.045424115712128336 0.056323892705250393 -0.039277605127960753 0.024930418472357194 0.043908630904415991 0.0051740629759722849 -0.028972908609503696 0.14687340552259548 0.044952540676466389 -0.035893820651785056
leaf_weight=22.195680839940906 150.35505831055343 304.76746264286339 150.98923801630735 84.276720229536295 76.524623032659292 43.665524763986468 60.449871813878417 37.920536451041698 5.7924446221441022 30.023314634338021 36.052187770605087 1.6612887047231191 1.304930070415139 0.4980240054428603 9.4626977387815678 0.93905855156481344 1.0421451106667508 4.2383198887109748 3.3996710553765288 58.881573578342795 5.4013326950371257 3.6812843214720479 52.664710843935609 4.9245725311338893 19.048534652218223 148.03237389028072 79.904311716556549 0.86990382522344489 7.0671640262007696 4.1764725185930729
leaf_count=862 1054 14519 7383 4011 1987 1029 2062 277 59 978 589 16 27 11 180 30 17 32 16 1225 52 79 317 76 709 824 2403 14 35 33
internal_value=3.18054e-05 -0.0294742 0.017882 0.0123532 -0.032841 0.0307826 0.00575106 0.0232281 0.0429311 0.016304 -0.0113454 0.00686818 -0.0773405 0.0102613 -0.000134159 -0.0464132 0.0488731 0.00153293 -0.00498671 0.00812253 0.0252547 -0.0246098 -0.0294949 -0.0337871 0.039016 0.00334732 -0.0397446 -0.0270791 -0.0199567 0.014922
internal_weight=1410.21 531.558 878.653 727.664 509.362 191.922 535.742 104.163 66.2423 106.603 123.82 76.5801 2.96622 73.6138 54.0673 10.4018 85.3189 431.579 216.941 214.638 64.2829 64.6702 60.989 57.5893 19.5466 152.271 385.542 80.7742 87.7683 11.2436
internal_count=40906 20442 20464 13081 19580 7008 6073 2398 2121 2980 2644 2002 43 1959 1239 210 4028 3675 1344 2331 1277 488 409 393 720 856 16936 2417 2055 68
is_linear=0
shrinkage=0.05


Tree=70
num_leaves=31
num_cat=0
split_feature=5 4 0 14 4 2 14 0 0 0 14 5 5 4 5 14 0 4 5 10 5 14 0 4 6 14 6 14 4 14
split_gain=173.572 68.3059 36.258 23.3561 21.8935 14.4543 14.2254 13.2257 12.6606 12.5243 11.8141 14.4361 17.0548 10.458 11.7625 10.3997 8.87347 8.10399 7.77948 13.8529 14.2759 11.0824 8.68042 8.2887 7.26298 6.30193 6.28633 13.3578 6.35684 6.27271
threshold=3.5000000000000004 4.1171236652383758 23.500000000000004 6.5000000000000009 3.7622890633926835 1.5000000000000002 13.500000000000002 36.500000000000007 29.500000000000004 18.500000000000004 3.5000000000000004 4.5000000000000009 7.5000000000000009 4.0797256906719221 4.5000000000000009 11.500000000000002 23.500000000000004 3.3299574648874763 4.5000000000000009 1.0000000180025095e-35 6.5000000000000009 8.5000000000000018 32.500000000000007 3.8367752889555722 1.5000000000000002 6.5000000000000009 1.0000000180025095e-35 5.5000000000000009 3.5944740717404366 3.5000000000000004
decision_type=2 2 2 2 2 2 2 2 2 2 2 2 2 2 2 2 2 2 2 2 2 2 2 2 2 2 2 2 2 2
left_child=2 3 9 4 16 -6 -3 -8 13 -1 11 -7 24 -5 -15 18 26 25 -10 20 22 -22 23 -20 -13 -11 27 -2 -29 -28
right_child=1 6 -4 8 5 10 7 -9 15 17 -12 12 -14 14 -16 -17 -18 -19 19 -21 21 -23 -24 -25 -26 -27 29 28 -30 -31
leaf_value=-0.043137509050077148 0.039986373901421318 0.041462791920588257 -0.002315411859583217 -0.010529099605686437 0.048258546119377563 -0.017944512369930679 -0.030533085307736813 0.028579525193472278 0.049188774859983811 0.1358202869757551 0.034897557412251826 0.041128482220038905 -0.13993172080509983 -0.10637846995933781 0.062619839801778029 -0.0040424500911280404 0.025468407941135904 -0.025212644422794694 0.029772109339585563 0.045463848681024682 -0.038502561339720784 -0.27612754581647292 0.022888308933079984 -0.10109729524891919 -0.019678623776938457 0.0054822771563814562 -0.033530228203590827 0.039328882841794116 -0.091048395590321629 -0.0022849429562643883
leaf_weight=133.72868541069329 13.953411845490338 211.13745171949267 158.60867871530354 174.23093974404037 51.732050975784659 37.190313978120685 13.699581876397131 30.59303230047226 20.144362315535545 1.2836622744798649 54.331191767007113 32.395312698557973 1.5005990527570237 5.4154238272458306 1.2713298853486774 77.362081483006477 21.999837685376406 222.55259860306978 1.8487725704908395 14.599538622424005 1.0741124693304289 0.90331339836120594 10.10695739276707 3.5012277867645025 5.7881387751549473 3.3416711632162333 31.665420098230243 1.2703148275613774 3.5411130748689175 32.600077420473099
leaf_count=6494 366 10020 2785 2155 2591 792 146 1217 483 17 1448 1177 18 96 27 797 321 7802 32 487 27 16 265 53 44 118 923 31 44 165
internal_value=0.000547355 0.0144125 -0.0222408 0.00517319 0.0154296 0.0258758 0.0360584 0.0102962 -0.0043402 -0.0309975 0.0170507 0.00443742 0.0254129 -0.0128841 -0.0742474 0.00759237 -0.00276533 -0.0238512 0.0248427 0.00953283 -0.0205558 -0.147053 -0.00437289 -0.0558734 0.0319109 0.0416548 -0.0102462 0.0152143 -0.0566261 -0.0176804
internal_weight=1373.37 853.856 519.515 598.426 287.968 182.938 255.43 44.2926 310.458 360.907 131.206 76.8744 39.6841 180.918 6.68675 129.54 105.03 227.178 52.1783 32.0339 17.4344 1.97743 15.457 5.35 38.1835 4.62533 83.0303 18.7648 4.81143 64.2655
internal_count=40957 23741 17216 12358 7920 6070 11383 1363 4438 14431 3479 2031 1239 2278 123 2160 1850 7937 1363 880 393 43 350 85 1221 135 1529 441 75 1088
is_linear=0
shrinkage=0.05


Tree=71
num_leaves=31
num_cat=0
split_feature=9 4 0 14 4 15 14 8 9 0 10 2 8 14 0 9 15 8 14 0 4 14 9 0 4 14 5 15 14 14
split_gain=280.133 47.5033 42.1428 25.4823 20.0772 15.9466 15.1417 10.9594 10.9317 10.4748 10.4057 19.8678 11.9133 13.0758 16.1877 10.9155 9.87754 8.84041 8.6819 9.39235 8.8787 7.63348 8.23959 7.89087 7.47225 7.05774 7.01379 6.88132 6.3436 6.24405
threshold=1.0000000180025095e-35 4.1986560016835091 26.500000000000004 6.5000000000000009 3.7622890633926835 2.5158227848101271 2.5000000000000004 2.5000000000000004 1.5000000000000002 20.500000000000004 1.0000000180025095e-35 1.5000000000000002 3.5000000000000004 20.500000000000004 33.500000000000007 5.5000000000000009 14.218667950288816 5.5000000000000009 8.5000000000000018 31.500000000000004 3.8843921912357744 14.500000000000002 12.500000000000002 41.500000000000007 3.8868634103185031 15.500000000000002 4.5000000000000009 4.3167701863354049 11.500000000000002 8.5000000000000018
decision_type=2 2 2 2 2 2 2 2 2 2 2 2 2 2 2 2 2 2 2 2 2 2 2 2 2 2 2 2 2 2
left_child=2 3 9 4 -2 17 8 18 24 -1 11 27 13 14 15 -13 -11 -4 20 -20 -5 22 -16 29 -6 -7 -12 -9 -21 -24
right_child=1 -3 5 7 6 25 -8 10 -10 16 26 12 -14 -15 21 -17 -18 -19 19 28 -22 -23 23 -25 -26 -27 -28 -29 -30 -31
leaf_value=-0.042940308081696132 0.0051219909061273258 0.042596730317188337 -0.016130859690809931 -0.011319586032027524 0.0015859544538826824 0.05239166943362799 0.038888198632650979 0.020269292727961352 0.026959412228569873 -0.029503932941094803 0.005766364304168113 -0.023298466774128335 0.038139924282518431 -0.12057208928481188 0.041387715984587896 -0.12514618701407354 0.02427291705694222 0.058120615296321655 -0.012246062217436869 -0.14504724484002673 0.055118394554178177 -0.025960617344270489 -0.19840898923449174 0.027745838248109653 -0.10034167496971834 -0.00061144251795800073 0.034766355618895121 -0.015884993993285908 -0.047897674872582258 -0.0087184645477383915
leaf_weight=220.55078057013452 88.205634260550141 163.18265020661056 65.409677773714066 14.62382508069277 3.1273410059511653 17.590745435096327 160.92756351083517 120.17763063125312 8.1880029849708063 186.32948447577655 34.649820785969496 69.125537188723683 10.884285662323235 2.949441608041524 20.930730020627383 2.734841374680399 8.9489208124577981 4.2704031132161608 31.610143914818764 2.0001078005880109 7.6642129048705092 8.468280812725423 0.99835125915706091 2.0800563041120768 4.2302996069192886 9.7683289116248471 52.349348377436399 14.779684174805878 10.509836701676248 0.76721045188605785
leaf_count=11184 971 8384 1353 123 22 635 6213 824 191 6980 215 550 187 25 629 31 82 35 239 35 190 74 34 70 27 280 1145 115 98 16
internal_value=0.000536749 0.0183983 -0.0285493 0.012522 0.0246004 0.00112037 0.0343362 0.00467304 -0.0127863 -0.0354731 0.00829301 0.00317944 -0.0117194 -0.0167417 -0.0138281 -0.0271746 -0.0270395 -0.0115803 -0.0139095 -0.0267589 0.0115265 0.0150212 0.0290284 -0.0382404 -0.0570177 0.0334674 0.0232163 0.0163099 -0.0634301 -0.115981
internal_weight=1348.03 835.165 512.868 671.982 264.679 97.0392 176.473 407.303 15.5456 415.829 340.895 253.896 118.939 108.054 105.105 71.8604 195.278 69.6801 66.4081 44.1201 22.288 33.2446 24.7763 3.84562 7.35764 27.3591 86.9992 134.957 12.5099 1.76556
internal_count=40957 20408 20549 12024 7424 2303 6453 4600 240 18246 3915 2555 1616 1429 1404 581 7062 1388 685 372 313 823 749 120 49 915 1360 939 133 50
is_linear=0
shrinkage=0.05


Tree=72
num_leaves=31
num_cat=0
split_feature=9 3 4 0 9 0 15 0 14 14 2 8 10 4 14 2 14 0 8 14 0 14 11 0 5 0 5 14 5 0
split_gain=259.229 47.8509 46.1259 25.3626 23.8383 25.0907 9.53295 9.32437 23.7164 12.2358 10.0951 9.64601 8.48449 7.93484 8.79213 8.05069 10.0439 13.4458 7.92972 7.86276 9.65374 7.58324 7.03091 6.91801 8.4176 9.29867 7.80986 7.45189 10.7681 14.1243
threshold=1.0000000180025095e-35 1.0000000180025095e-35 4.1986560016835091 25.500000000000004 4.5000000000000009 27.500000000000004 14.218667950288816 28.500000000000004 11.500000000000002 2.5000000000000004 1.5000000000000002 2.5000000000000004 1.0000000180025095e-35 4.0734024171295715 6.5000000000000009 1.5000000000000002 7.5000000000000009 24.500000000000004 3.5000000000000004 20.500000000000004 36.500000000000007 5.5000000000000009 1.0000000180025095e-35 47.500000000000007 4.5000000000000009 29.500000000000004 7.5000000000000009 6.5000000000000009 5.5000000000000009 32.500000000000007
decision_type=2 2 2 2 2 2 2 2 2 2 2 2 2 2 2 2 2 2 2 2 2 2 2 2 2 2 2 2 2 2
left_child=1 -1 4 6 7 -6 -3 13 9 -9 11 -10 22 15 -15 -2 17 21 -5 20 -12 -17 23 24 -7 -26 27 -27 -29 -30
right_child=2 3 -4 18 5 12 -8 8 10 -11 19 -13 -14 14 -16 16 -18 -19 -20 -21 -22 -23 -24 -25 25 26 -28 28 29 -31
leaf_value=0.045320627449437323 0.0098121898688655999 -0.038797868633482627 0.042184737011603114 -0.014353161148150452 0.047709270289384431 0.028705923799664513 0.0014450993517766703 -0.042470803554293612 -0.033249394590608682 0.040368404856601203 -0.018141115315555473 0.026578865313441224 0.035737949785878402 0.051301220358411871 -0.074049975616021765 0.0015989608044430456 -0.028518288392553298 0.026424239515289324 0.02733612769838567 -0.07909077999647475 0.050052569250272717 -0.034325229522311568 0.032298624520833055 0.037430347131101042 -0.12874502148190925 0.015243085167088576 -0.1455221790206975 0.00068488895893174221 -0.22250816388554873 -0.04863313665916906
leaf_weight=21.351754210889339 174.41193645633757 361.03962072730064 156.70219826884568 87.961842244490981 83.766200851649046 7.9895011596381655 15.341219441965221 4.7311917524784795 8.1561809070408327 77.086848912760615 42.600121440365911 38.722627334296703 21.516505552455783 1.7846180312335471 6.4716817103326321 38.665837325155735 37.309201054275036 35.716476865112782 13.105912216007708 4.4762600399553767 5.9097077939659348 23.690473761409521 12.653412736952303 6.7102908585220566 2.1615584492683402 11.442582881078129 1.2184397596865881 9.444534569978714 1.3901245221495626 7.308708731085062
leaf_count=871 1116 17313 8384 1877 4268 164 292 44 50 2484 241 246 722 76 55 214 225 517 196 37 84 135 460 193 29 262 19 202 9 172
internal_value=0.00052511 -0.0279109 0.0177797 -0.0311859 0.0120317 0.0284726 -0.0371576 0.00658356 0.0156201 0.0355782 -0.000731319 0.0161697 0.00878208 0.00142153 -0.046955 0.00271081 -0.00643785 0.00196206 -0.00894712 -0.0156843 -0.00983342 -0.0120494 -0.000833372 -0.00962864 -0.017339 -0.0284982 -0.0214638 -0.0163547 -0.0362827 -0.0764194
internal_weight=1320.84 498.8 822.037 477.449 665.335 165.602 376.381 499.733 181.683 81.818 99.8649 46.8788 81.8357 318.05 8.2563 309.794 135.382 98.0728 101.068 52.9861 48.5098 62.3563 60.3192 47.6657 40.9555 32.9659 30.8044 29.586 18.1434 8.69883
internal_count=40957 20549 20408 19678 12024 6500 17605 5524 3186 2528 658 296 2232 2338 131 2207 1091 866 2073 362 325 349 1510 1050 857 693 664 645 383 181
is_linear=0
shrinkage=0.05


Tree=73
num_leaves=31
num_cat=0
split_feature=5 0 0 14 2 0 8 5 14 14 0 8 11 15 2 5 14 0 8 15 7 8 11 0 11 15 0 0 14 14
split_gain=139.455 55.1995 31.6578 23.9011 23.9439 19.4362 22.6344 16.48 15.4339 13.0587 12.4007 11.6941 9.04636 8.74151 9.31107 7.87742 7.5793 11.2002 7.51368 7.36591 14.9233 9.6559 7.30945 6.39257 5.99099 6.27579 6.78886 6.90964 7.48052 6.04194
threshold=3.5000000000000004 39.500000000000007 23.500000000000004 7.5000000000000009 1.5000000000000002 24.500000000000004 2.5000000000000004 4.5000000000000009 3.5000000000000004 4.5000000000000009 18.500000000000004 3.5000000000000004 5.5000000000000009 6.8337484433374849 2.5000000000000004 5.5000000000000009 20.500000000000004 35.500000000000007 7.5000000000000009 5.5777777777777784 1.5000000000000002 2.5000000000000004 1.5000000000000002 23.500000000000004 3.5000000000000004 8.5825892857142865 20.500000000000004 22.500000000000004 5.5000000000000009 5.5000000000000009
decision_type=2 2 2 2 2 2 2 2 2 2 2 2 2 2 2 2 2 2 2 2 2 2 2 2 2 2 2 2 2 2
left_child=2 3 10 4 9 7 8 24 15 -2 -1 12 13 14 16 -7 17 -5 19 20 21 -3 -9 -11 25 26 -6 28 -28 -29
right_child=1 18 -4 11 5 6 -8 22 -10 23 -12 -13 -14 -15 -16 -17 -18 -19 -20 -21 -22 -23 -24 -25 -26 -27 27 29 -30 -31
leaf_value=-0.042078285084978184 0.050206009370762 -0.0059616529055757476 -0.0019133918173605902 -0.0085137034672421608 -0.041378405006989777 -0.036390644627211199 0.038518084746693389 0.036384915613360373 0.033623349127368439 -0.0089214502820812811 -0.021992680369232822 0.029443243699454238 0.037158823930389863 -0.043786550271302072 -0.11647389246247307 0.021559655970737772 -0.052038502767533495 0.029098759584465714 -0.13150994794785173 0.047180160545092151 -0.24167531457727845 0.036513078288300381 -0.027655130758353859 0.03868155478268754 0.063626022199267149 -0.091096213695741099 -0.0091381197843312372 -0.0014213437090740708 0.039827831538621093 -0.045089443819846677
leaf_weight=120.05919975973666 60.721125523559749 16.300224274396896 155.64358675852418 187.93009722791612 21.352417144924402 27.095706744119525 74.332645162008703 25.156522404402498 17.641032234765589 18.022803351283077 213.49516489170492 22.576069554314017 10.555807051248847 17.860244311392307 1.9400618337094773 7.4839918278157702 8.7532009407877904 22.122497385367751 0.65946475230157275 96.697609329596162 0.51244989223778148 74.69955535326153 5.4148412905633441 11.586520047858356 2.243532817810773 2.9283411204814902 25.961277134716511 14.030728759244083 11.149583008140324 18.190971441566944
leaf_count=6494 3288 547 2785 2305 765 369 2566 939 328 318 7937 453 344 441 23 70 75 602 9 5619 27 3200 126 473 18 25 382 260 70 99
internal_value=0.000515362 0.013324 -0.0205337 0.0060637 0.0148328 0.00694246 0.0207946 -0.00692337 -0.00443363 0.0369306 -0.0292223 -0.00501512 -0.00813732 -0.0101412 -0.007419 -0.0238486 -0.00645206 -0.0045524 0.0369672 0.0375575 0.0273897 0.0289048 0.0250421 0.00970624 -0.017118 -0.0190531 -0.0167268 -0.00913477 0.00557321 -0.0260745
internal_weight=1293.12 803.919 489.198 615.05 343.312 252.982 126.553 126.428 52.2207 90.3304 333.554 271.738 249.162 238.606 220.746 34.5797 218.806 210.053 188.869 188.21 91.5122 90.9998 30.5714 29.6093 95.8569 93.6133 90.685 69.3326 37.1109 32.2217
internal_count=40957 23741 17216 14339 10096 6017 3333 2684 767 4079 14431 4243 3790 3446 3005 439 2982 2907 9402 9393 3774 3747 1065 791 1619 1601 1576 811 452 359
is_linear=0
shrinkage=0.05


Tree=74
num_leaves=31
num_cat=0
split_feature=9 4 0 14 4 6 15 0 6 10 8 14 0 9 14 5 0 15 14 8 4 0 14 15 0 8 0 0 14 14
split_gain=229.318 42.5181 36.6174 20.7239 17.6565 15.5435 13.8119 10.5947 10.1794 16.4797 10.3826 11.1985 14.1843 16.3224 9.41432 14.6058 17.1569 8.83551 7.77383 7.40106 7.28735 7.12561 10.6424 14.9723 7.00372 6.96253 10.3204 7.64156 6.83209 6.50525
threshold=1.0000000180025095e-35 4.1986560016835091 26.500000000000004 6.5000000000000009 3.7622890633926835 1.5000000000000002 2.5158227848101271 20.500000000000004 1.0000000180025095e-35 1.0000000180025095e-35 3.5000000000000004 20.500000000000004 33.500000000000007 5.5000000000000009 14.500000000000002 6.5000000000000009 43.500000000000007 14.218667950288816 15.500000000000002 5.5000000000000009 4.0734024171295715 26.500000000000004 9.5000000000000018 10.23411829134721 36.500000000000007 2.5000000000000004 28.500000000000004 35.500000000000007 15.500000000000002 8.5000000000000018
decision_type=2 2 2 2 2 2 2 2 2 2 2 2 2 2 2 2 2 2 2 2 2 2 2 2 2 2 2 2 2 2
left_child=2 3 7 4 -2 -6 19 -1 20 10 11 12 13 21 15 -14 -17 29 -11 -4 -5 -10 23 -23 -16 27 -27 -22 -8 -9
right_child=1 -3 6 8 5 -7 28 17 9 18 -12 -13 14 -15 24 16 -18 -19 -20 -21 25 22 -24 -25 -26 26 -28 -29 -30 -31
leaf_value=-0.041856483503766154 0.0045756663571562472 0.041400791622237559 -0.015090499869525688 0.014297225468758071 0.036332616251008414 -0.031890894530949565 0.05172671083794908 -0.010113841236508827 -0.041725093956074016 0.034550714083921456 0.036298205469281149 -0.11213348516930273 0.040713849054312634 -0.14913075798734124 -0.06226693961449007 -0.2134843781394008 0.051880792711278961 0.023467586948601071 -0.022897672315705601 0.052182641188209734 -0.023212376016872403 0.042977731586453238 -0.024667626913210668 -0.10201615076245481 0.029277105294979417 -0.064534965672699562 0.023021343126528121 -0.15789712077281323 -0.0018047634464652307 -0.032973322963379667
leaf_weight=198.23595210909843 86.208305263891816 145.25367772486061 63.710918049328029 205.98742521926761 152.63185935374349 8.8318467754870635 16.36068075243384 40.554929552599788 28.712813135236502 31.850999100133777 9.9138255808502418 3.0101425983011714 22.914695162326101 2.5806438364088526 6.0460781306028348 1.2869129218161099 1.1564630977809427 8.8817564882338029 7.2243631277233353 4.3687176611274472 2.9796211011707809 13.570154028013347 40.270979853346944 2.0493252277374259 3.1926049776375294 4.6680483967065838 12.062210246920584 1.628848200663924 9.3763010799884778 133.80718892626464
leaf_count=11184 971 8384 1353 1512 6374 79 635 1016 172 904 179 21 716 24 28 25 39 82 67 35 37 176 299 37 39 54 242 29 280 5964
internal_value=0.000505898 0.0169483 -0.0269629 0.0114737 0.022846 0.0326009 0.00102225 -0.0338452 0.00445161 -0.00465854 -0.0129514 -0.016864 -0.0145091 -0.0252585 0.0125794 0.0283227 -0.0878856 -0.0251785 0.0239295 -0.0107735 0.0114159 -0.0214801 -0.0110795 0.0239541 -0.0306321 -0.0163983 -0.00140847 -0.0708163 0.0322245 -0.0276564
internal_weight=1269.33 794.032 475.296 648.778 247.672 161.464 93.8166 381.48 401.106 173.78 134.705 124.791 121.781 87.1839 34.5968 25.3581 2.44338 183.244 39.0754 68.0796 227.326 84.6033 55.8905 15.6195 9.23868 21.3387 16.7303 4.60847 25.737 174.362
internal_count=40957 20408 20549 12024 7424 6453 2303 18246 4600 2726 1755 1576 1555 708 847 780 64 7062 971 1388 1874 684 512 213 67 362 296 66 915 6980
is_linear=0
shrinkage=0.05


Tree=75
num_leaves=31
num_cat=0
split_feature=9 3 4 9 0 0 0 8 0 14 10 2 14 8 14 8 13 5 5 14 4 14 14 6 14 5 4 4 9 0
split_gain=198.516 46.6071 46.0268 26.7656 22.3313 19.8365 13.0396 12.7651 10.5199 23.9216 9.00009 8.38654 13.4138 8.36383 7.68553 7.25443 11.1092 13.8748 8.83847 7.16135 7.08535 7.49683 10.2442 6.19912 7.12274 6.04909 5.85992 9.63795 5.30835 4.95322
threshold=1.0000000180025095e-35 1.0000000180025095e-35 4.1986560016835091 4.5000000000000009 20.500000000000004 26.500000000000004 30.500000000000004 2.5000000000000004 29.500000000000004 11.500000000000002 1.0000000180025095e-35 1.5000000000000002 5.5000000000000009 2.5000000000000004 6.5000000000000009 2.5000000000000004 1.0000000180025095e-35 4.5000000000000009 7.5000000000000009 19.500000000000004 3.9525612543885855 3.5000000000000004 8.5000000000000018 1.0000000180025095e-35 20.500000000000004 5.5000000000000009 4.0167113863760386 3.9760219219180022 9.5000000000000018 36.500000000000007
decision_type=2 2 2 2 2 2 2 2 2 2 2 2 2 2 2 2 2 2 2 2 2 2 2 2 2 2 2 2 2 2
left_child=1 -1 3 7 -3 -5 11 20 -9 -10 15 -6 -13 25 -14 16 17 -7 26 -15 -2 -22 -23 -11 29 -8 27 28 -19 -25
right_child=2 4 -4 5 6 10 13 8 9 23 -12 12 14 19 -16 -17 -18 18 -20 -21 21 22 -24 24 -26 -27 -28 -29 -30 -31
leaf_value=0.047604868694633054 -0.0043642651563731176 -0.042406504475729113 0.04147513144563781 0.047016628671645327 -0.029497984422694419 0.038348205069317937 -0.064558035710408579 0.0029546417260409331 0.047647345509854132 0.019132302188866787 0.039801422068953429 -0.028872298525904116 0.05633202261164752 0.04642937653068685 -0.0030660653000070988 0.013471081640295611 0.025938488177212601 0.0035570212207600262 -0.21678940295630877 -0.0044113341819955127 -0.0773651661923659 0.051795729206404788 -0.040664808919907904 -0.012101157511649141 -0.076080346063613691 0.033630590832705073 -0.010526638799446063 -0.20222813502545642 -0.11627809158358185 0.040088560949238322
leaf_weight=20.668184405192733 90.286604546010494 185.92693669628352 139.93090433906764 72.644364392384887 170.06613780371845 3.208185805007818 5.6363287344574919 261.84193504787982 48.989348110742867 29.701677776873112 20.587314334698021 28.780616452917457 9.6753939874470252 14.04147243127227 12.458006069064139 41.795708395540714 7.3038497772067776 1.9473078511655315 1.0774421785026778 13.669398786500095 7.3010484464466598 4.102194244042038 11.106951765716074 29.841668320819736 3.8145463392138472 2.173452265560627 3.1312080146744847 1.5372102893888948 1.7587847597897051 5.3633892573416224
leaf_count=889 677 11076 8414 4205 6971 86 56 2064 2026 200 737 825 70 355 89 1215 99 30 16 169 58 150 76 172 30 12 90 24 30 76
internal_value=0.000192209 -0.025784 0.0154722 0.00985131 -0.0292124 0.027972 -0.0196486 0.00414692 0.00853585 0.020951 0.0111714 -0.0241684 -0.00636613 0.00847002 0.0228992 0.00162767 -0.0231672 -0.051497 -0.0819923 0.0213503 -0.0106215 -0.0357186 -0.0157265 0.00191995 -0.0111821 -0.0372323 -0.0646497 -0.0969711 -0.0533126 -0.0041502
internal_weight=1250.37 463.096 787.272 647.341 442.428 154.991 256.501 492.349 379.553 117.711 82.347 220.98 50.914 35.5207 22.1334 61.7597 19.964 12.6601 9.45195 27.7109 112.797 22.5102 15.2091 68.7213 39.0196 7.80978 8.37451 5.2433 3.70609 35.2051
internal_count=40987 20512 20475 12061 19623 6532 8547 5529 4568 2504 2327 7955 984 592 159 1590 375 276 190 524 961 284 226 478 278 68 174 84 60 248
is_linear=0
shrinkage=0.05


Tree=76
num_leaves=31
num_cat=0
split_feature=9 4 3 9 0 0 0 11 15 10 15 0 14 14 15 14 14 4 14 14 10 0 6 14 0 6 0 14 9 4
split_gain=184.112 44.3909 43.6118 24.1342 21.8712 19.9334 12.1272 9.922 12.9671 9.86079 9.00368 8.97222 11.5452 10.0601 8.42201 7.60077 11.5728 7.93554 7.29413 7.08888 7.44101 6.8415 6.74443 7.27073 17.9051 13.7706 9.02918 9.78501 7.74643 6.60747
threshold=1.0000000180025095e-35 4.2498354775033391 1.0000000180025095e-35 4.5000000000000009 20.500000000000004 26.500000000000004 30.500000000000004 5.5000000000000009 7.672684458398745 1.0000000180025095e-35 13.764791915968623 34.500000000000007 16.500000000000004 2.5000000000000004 10.741758241758243 8.5000000000000018 5.5000000000000009 3.8455070432369087 6.5000000000000009 6.5000000000000009 1.0000000180025095e-35 24.500000000000004 1.5000000000000002 8.5000000000000018 26.500000000000004 1.0000000180025095e-35 28.500000000000004 11.500000000000002 3.5000000000000004 3.7081389504256572
decision_type=2 2 2 2 2 2 2 2 2 2 2 2 2 2 2 2 2 2 2 2 2 2 2 2 2 2 2 2 2 2
left_child=2 3 -1 7 -4 -5 10 8 11 -7 15 22 13 -13 19 16 -6 -17 -18 -10 -21 -20 23 24 28 -25 29 -28 -2 -27
right_child=1 -3 4 5 6 9 -8 -9 14 -11 -12 12 -14 -15 -16 17 18 -19 21 20 -22 -23 -24 25 -26 26 27 -29 -30 -31
leaf_value=0.047283444100115861 0.004896265951716757 0.043531945779379938 -0.042009471709232422 0.046816352113554893 -0.028850684509978332 0.0013895665961568601 0.0081366067837071766 0.049189229335046131 -0.0062005211058456314 0.039021398751709672 0.022586277856396053 -0.060535768592942622 -0.0046614336112787572 0.049915037417923892 -0.0069565295579018197 -0.042588395835849613 0.054576462349480798 -0.02016897461672015 -0.035677324977529845 -0.11044239578679314 0.0028774684257036752 0.049268004464739723 -0.046371660108426978 0.0063679893411845477 0.039114636679821395 0.013810740685761172 0.033066991525359052 -0.021103280205868498 -0.053279706651955708 -0.056928016628543958
leaf_weight=19.790485637262464 130.43171129375696 115.58066955860704 178.48886832315475 70.131622940301895 28.042112588882446 66.383134131319821 35.120172696188092 12.132738633081315 4.2523672413080922 23.59501192253083 10.081517480313776 2.2057476267218581 20.800912905484438 31.544732463546097 20.48781062476337 76.923071939498186 8.9291110709309596 81.065846424549818 6.974791379645465 6.5565932188183051 1.8594791674986479 3.5905948616564274 6.7937120068818322 144.42973866313696 43.71596643794328 3.9432994574308422 11.15585860237479 32.985143478959799 5.9846357740461817 20.270199820399284
leaf_count=889 991 7467 11076 4244 839 1816 592 338 104 942 96 30 159 1355 257 3683 84 3045 181 66 37 27 69 823 1191 31 232 176 34 113
internal_value=0.000191892 0.0149484 -0.0252863 0.00994022 -0.0286323 0.0268332 -0.0191094 0.00452589 0.00341413 0.0112578 -0.0235475 0.00561741 0.0246386 0.0426966 -0.0267722 -0.0258104 -0.0082811 -0.0310847 0.0213075 -0.0588188 -0.0854051 -0.00680907 0.00302146 0.00387549 0.0112678 -0.0023825 -0.0208719 -0.0074127 0.00234406 -0.0454078
internal_weight=1224.25 775.241 449.007 659.66 429.216 160.11 250.727 499.551 487.418 89.9781 215.607 454.262 54.5514 33.7505 33.1563 205.526 47.5366 157.989 19.4945 12.6684 8.41607 10.5654 399.71 392.917 180.132 212.784 68.3545 44.141 136.416 24.2135
internal_count=40987 20475 20512 13008 19623 7002 8547 6006 5668 2758 7955 5204 1544 1385 464 7859 1131 6728 292 207 103 208 3660 3591 2216 1375 552 408 1025 144
is_linear=0
shrinkage=0.05


Tree=77
num_leaves=31
num_cat=0
split_feature=9 3 0 9 0 0 2 8 8 0 14 10 14 5 9 0 9 14 14 6 5 0 9 14 14 6 14 0 6 2
split_gain=170.694 40.7941 39.1569 26.1424 21.4 20.1342 11.4436 18.3845 7.70238 7.15594 14.6418 7.12127 10.5987 10.9039 39.2579 28.963 11.7546 7.52187 6.38171 7.78732 5.80094 5.78888 5.63463 5.3119 5.2864 6.83598 11.1751 8.47763 5.27302 5.07343
threshold=1.0000000180025095e-35 1.0000000180025095e-35 36.500000000000007 6.5000000000000009 20.500000000000004 27.500000000000004 1.5000000000000002 2.5000000000000004 2.5000000000000004 29.500000000000004 11.500000000000002 1.0000000180025095e-35 8.5000000000000018 6.5000000000000009 18.500000000000004 66.500000000000014 13.500000000000002 20.500000000000004 3.5000000000000004 1.5000000000000002 5.5000000000000009 30.500000000000004 15.500000000000002 19.500000000000004 3.5000000000000004 1.0000000180025095e-35 9.5000000000000018 26.500000000000004 1.0000000180025095e-35 1.5000000000000002
decision_type=2 2 2 2 2 2 2 2 2 2 2 2 2 2 2 2 2 2 2 2 2 2 2 2 2 2 2 2 2 2
left_child=1 -1 3 8 -3 -5 21 20 -2 24 -11 12 18 17 15 16 -15 22 19 -4 -8 -6 -14 -23 -10 -26 27 -27 -19 -12
right_child=2 4 11 5 6 -7 7 -9 9 10 29 -13 13 14 -16 -17 -18 28 -20 -21 -22 23 -24 -25 25 26 -28 -29 -30 -31
leaf_value=0.046958236584926843 -0.0079391838166749489 -0.041602351112926386 0.035335086102445463 0.048436600225013629 -0.028143089488038744 -0.0005682060595366404 -0.02975840872904777 0.029464292122510991 0.03058933013723597 0.041820027602679756 0.018309566961712462 0.04573311291522577 0.043211890307152459 -0.44993460376673167 0.035192864409908459 -0.013078632368859772 -0.20096085037655001 0.029077245890685135 0.044105352605846471 -0.055489457692034429 0.054967936998557988 0.041280379661775078 -0.029404412955546501 -0.015698265445729522 0.0068955331552074022 -0.011447297402895434 -0.043103529946242891 0.028217433404560816 -0.067204686551128698 -0.010858295562214591
leaf_weight=18.952402468770742 115.82676700409502 171.40380547009408 6.2308696499094349 62.825778531841934 161.22708665579557 31.45428276155144 32.953839218243957 28.54950624704361 15.850960713811217 39.735667447559536 27.823641810566187 79.24535237532109 19.850705015473075 0.79339012503623818 6.1845422079786658 1.5651061832904813 1.1778736868873236 2.335055759176611 58.416336813010275 3.7989838933572173 2.1521703898906699 5.664799518883231 3.0867904275655738 14.717530462890862 162.80407969094813 49.811810944229364 20.140307769179344 18.464831365272403 3.6368512669578195 32.117834800854325
leaf_count=889 1065 11076 342 4214 6971 773 862 474 313 1666 185 4661 743 27 314 102 35 22 3639 82 12 66 129 162 968 360 126 447 33 229
internal_value=0.000188208 -0.0247844 0.0144426 0.00800591 -0.0280477 0.0320873 -0.018575 -0.000332453 0.00330117 0.00685109 0.0182834 0.0343705 0.0259613 0.00502214 -0.0407881 -0.173667 -0.301167 0.020426 0.0377791 0.000933689 -0.0245643 -0.0249691 0.0334396 0.000137638 0.00258429 0.000817297 -0.0103747 -0.000720312 -0.0295578 0.00268085
internal_weight=1198.8 435.621 763.178 576.856 416.669 94.2801 245.265 63.6555 482.576 366.749 99.6771 186.322 107.077 38.6303 9.72091 3.53637 1.97126 28.9094 68.4462 10.0299 35.106 181.609 22.9375 20.3823 267.072 251.221 88.417 68.2766 5.97191 59.9415
internal_count=40987 20512 20475 10346 19623 4987 8547 1348 5359 4294 2080 10129 5468 1405 478 164 62 927 4063 424 874 7199 872 228 2214 1901 933 807 55 414
is_linear=0
shrinkage=0.05


Tree=78
num_leaves=31
num_cat=0
split_feature=9 4 3 9 0 0 8 6 8 0 14 7 4 14 14 5 0 15 4 6 8 8 13 6 0 9 14 4 0 4
split_gain=158.211 41.7064 38.1423 21.1941 20.925 19.4504 11.9365 10.5967 16.9253 10.3163 19.1899 7.53929 7.29784 7.17316 8.40736 5.6517 5.47767 7.43557 9.32574 5.44049 6.84911 5.42003 7.54262 8.48517 9.99829 9.25639 10.0294 12.9496 5.70172 10.0986
threshold=1.0000000180025095e-35 4.2498354775033391 1.0000000180025095e-35 4.5000000000000009 20.500000000000004 26.500000000000004 2.5000000000000004 1.0000000180025095e-35 2.5000000000000004 31.500000000000004 11.500000000000002 1.0000000180025095e-35 3.975297397565547 3.5000000000000004 8.5000000000000018 4.5000000000000009 30.500000000000004 10.681686167123063 4.0484281352293268 1.0000000180025095e-35 3.5000000000000004 2.5000000000000004 1.0000000180025095e-35 1.0000000180025095e-35 41.500000000000007 9.5000000000000018 3.5000000000000004 3.9946803684089089 34.500000000000007 3.9790978911348049
decision_type=2 2 2 2 2 2 2 2 2 2 2 2 2 2 2 2 2 2 2 2 2 2 2 2 2 2 2 2 2 2
left_child=2 3 -1 6 -4 -5 12 16 -9 15 -11 21 -2 -14 -15 -8 17 -6 -19 -12 -21 22 23 24 -7 28 -27 -28 29 -25
right_child=1 -3 4 5 7 11 9 8 -10 10 19 -13 13 14 -16 -17 -18 18 -20 20 -22 -23 -24 25 -26 26 27 -29 -30 -31
leaf_value=0.046628746309715363 -0.0043759833646406215 0.042876172736621317 -0.041184934595855732 0.046361152296092563 -0.031090083786972852 0.043840346500988274 0.0018171576169514995 -0.02384741358917903 0.028482010874419372 0.049953760352826976 0.025390136303163186 -0.11468758787036669 -0.081358189035972514 0.051444502839808531 -0.040543141565635654 0.025708884751360107 0.00012028076252194849 0.027250010418961204 -0.060265533934680274 -0.019850557752666469 0.056017231850914007 0.019606239238589902 0.029574162501969922 0.026367628059418474 -0.15488914981920665 -0.19572212170817332 -0.17642140310263432 0.051529987451649287 0.053614729551484511 -0.15426786972623041
leaf_weight=18.152285485528409 93.314780319109559 106.90128730051219 164.65548357367516 64.331860377453268 141.247258964926 5.0273299636319289 270.10276588238776 34.374634221196175 28.069846926257014 38.247193353250623 15.776596594601868 1.1929042953997839 6.4125920422375229 3.3541704202070823 9.5739195663481933 27.250013089738786 20.378630347549915 11.907368604093788 4.0895262062549582 25.720474986359481 3.3638715539127579 62.559423482976854 8.4392673885449767 1.7329918406903728 0.72406368330121029 1.947963912039995 1.0811579544097187 1.4703293256461618 2.0108333276584744 1.3978384900838134
leaf_count=889 712 7467 11076 4244 6824 134 2153 874 474 1985 125 29 65 148 68 486 228 102 45 205 59 2222 136 25 20 32 20 64 55 21
internal_value=0.000190577 0.0139507 -0.0242769 0.00915684 -0.0274571 0.0254859 0.00412631 -0.0180415 -0.000324455 0.00835938 0.023933 0.0101526 -0.0101696 -0.0381228 -0.0166771 0.00400664 -0.0242701 -0.027431 0.0048771 0.00174849 -0.0110758 0.0118764 -0.0084146 -0.0292427 0.0188216 -0.0579154 -0.110287 -0.0450613 -0.0120849 -0.0542817
internal_weight=1174.81 751.934 422.875 645.032 404.723 151.916 493.116 240.067 62.4445 380.461 83.1081 87.5841 112.655 19.3407 12.9281 297.353 177.623 157.244 15.9969 44.8609 29.0843 86.3912 23.8318 15.3925 5.75139 9.64111 4.49945 2.55149 5.14166 3.13083
internal_count=40987 20475 20512 13008 19623 7002 6006 8547 1348 5013 2374 2758 993 281 216 2639 7199 6971 147 389 264 2729 507 371 154 217 116 84 101 46
is_linear=0
shrinkage=0.05


Tree=79
num_leaves=31
num_cat=0
split_feature=9 0 3 9 0 0 0 15 8 15 0 14 8 14 14 8 8 15 7 10 8 0 14 2 14 2 5 14 2 9
split_gain=146.605 36.3731 35.6679 22.6132 20.3914 18.822 9.99328 8.55924 8.33108 8.05391 7.69053 17.4473 7.21268 6.55336 9.89349 8.24479 8.16488 6.2867 12.4248 7.49635 5.99838 10.817 5.94312 5.93132 5.83448 5.62135 5.32094 5.10753 5.09062 4.97119
threshold=1.0000000180025095e-35 38.500000000000007 1.0000000180025095e-35 6.5000000000000009 20.500000000000004 27.500000000000004 30.500000000000004 23.845060412224594 2.5000000000000004 13.764791915968623 29.500000000000004 11.500000000000002 2.5000000000000004 8.5000000000000018 5.5000000000000009 5.5000000000000009 3.5000000000000004 6.0737812911725966 1.5000000000000002 1.0000000180025095e-35 2.5000000000000004 43.500000000000007 19.500000000000004 2.5000000000000004 8.5000000000000018 1.5000000000000002 5.5000000000000009 4.5000000000000009 1.5000000000000002 31.500000000000004
decision_type=2 2 2 2 2 2 2 2 2 2 2 2 2 2 2 2 2 2 2 2 2 2 2 2 2 2 2 2 2 2
left_child=2 3 27 7 -4 -5 9 8 23 13 -10 -12 26 14 -6 -15 -16 18 19 20 21 24 -14 -2 -3 -13 -8 -1 -7 -23
right_child=1 17 4 5 6 28 12 -9 10 -11 11 25 22 15 16 -17 -18 -19 -20 -21 -22 29 -24 -25 -26 -27 -28 -29 -30 -31
leaf_value=-0.083092460539529123 -0.0061295719873763503 -0.039349327441572435 -0.04075703842524158 0.048137312845063514 -0.027151685308146198 0.024004697208767509 -0.06243558120945969 0.053233723161781793 0.0016675290860852525 0.022128480244754788 0.042304061554271896 0.017330551985388614 0.04271028582397017 -0.03087519566807086 0.04514577247925692 0.057781391075109149 -0.024347035873286946 0.046330466686686972 -0.20214460093836495 0.045657059149744911 0.025060810417949317 0.037607945689277188 -0.0041439126499390935 -0.052035308903750216 -0.16375309640551505 -0.012571780876916789 0.030631353650900008 0.051969895183575726 -0.01323553955025137 -0.073488764965171316
leaf_weight=0.73067833948880689 107.95954536087811 3.0857842676341516 158.22835303470492 57.368631793186069 26.156248837709427 15.966877130791543 5.3988194428384295 8.4910404076799733 261.7490653116256 9.9071088433265668 42.762191738002002 28.742315588518977 13.556863261386754 142.98953456431627 11.975697390735151 2.6713856663554898 6.5323657356202594 68.607901192270219 0.59248461574315925 34.387383985333145 38.778872147202492 6.5514195924624801 13.515037396922706 7.5271051935851565 1.35693275462836 34.682055899873376 2.1464020274579525 16.657863612286747 21.578576976433396 1.1897921934723852
leaf_count=21 1036 73 11076 4214 839 573 56 181 2160 96 2031 203 355 6680 90 48 202 5125 32 1954 1787 269 169 62 21 235 12 868 471 48
internal_value=0.000190488 0.0134634 -0.0237829 0.00777985 -0.0268829 0.0301246 -0.0175352 0.00346846 0.00259436 -0.0218238 0.00627173 0.0176211 0.00727042 -0.0241116 -0.00735661 -0.0292493 0.0206185 0.0350439 0.0260338 0.0276178 0.0154456 -0.0151574 0.0193194 -0.00912158 -0.0773458 0.000979198 -0.0359607 0.0462945 0.00260154 0.0205328
internal_weight=1151.84 741.378 410.466 586.827 393.078 94.9141 234.849 491.913 483.422 200.232 367.936 106.187 34.6171 190.325 44.6643 145.661 18.5081 154.551 85.9427 85.3502 50.9628 12.1839 27.0719 115.487 4.44272 63.4244 7.54522 17.3885 37.5455 7.74121
internal_count=40987 20475 20512 11166 19623 5258 8547 5908 5727 7955 4629 2469 592 7859 1131 6728 292 9309 4184 4152 2198 411 524 1098 94 438 68 889 1044 317
is_linear=0
shrinkage=0.05


Tree=80
num_leaves=31
num_cat=0
split_feature=9 0 4 3 9 0 7 15 8 4 0 8 4 2 10 2 0 5 8 0 10 4 4 4 0 0 9 9 15 2
split_gain=146.847 33.1774 32.6767 16.2117 15.0967 20.6164 13.8842 12.7 9.12254 9.69735 9.21256 7.5589 7.82552 9.29609 7.44115 7.38874 9.40517 7.30843 9.56179 6.52845 5.73616 5.1496 4.98657 5.65327 4.80223 4.56706 6.92097 4.31766 4.14452 4.04792
threshold=1.0000000180025095e-35 30.500000000000004 4.2498354775033391 1.0000000180025095e-35 4.5000000000000009 23.500000000000004 1.0000000180025095e-35 10.681686167123063 2.5000000000000004 3.975297397565547 28.500000000000004 2.5000000000000004 3.8496360355649508 1.5000000000000002 1.0000000180025095e-35 1.5000000000000002 29.500000000000004 3.5000000000000004 5.5000000000000009 16.500000000000004 1.0000000180025095e-35 3.3299574648874763 3.8036941975951835 3.6843722670327392 26.500000000000004 19.500000000000004 3.5000000000000004 8.5000000000000018 11.439476553980372 1.5000000000000002
decision_type=2 2 2 2 2 2 2 2 2 2 2 2 2 2 2 2 2 2 2 2 2 2 2 2 2 2 2 2 2 2
left_child=1 3 4 -1 8 -6 14 17 9 24 21 -3 -13 -14 15 22 -17 18 -5 -19 -12 -10 23 -7 25 -2 -27 -25 -9 -23
right_child=2 11 -4 7 5 6 -8 28 10 -11 20 12 13 -15 -16 16 -18 19 -20 -21 -22 29 -24 27 -26 26 -28 -29 -30 -31
leaf_value=0.040732052417946175 0.018613809661354477 -0.027461003158412874 0.040575388165237369 -0.039571851685498656 0.048870504070794123 0.053207828114435612 -0.16263001400586755 0.044046043133237817 0.067407507672632344 -0.035905198344134234 0.012587279008800155 0.097972548758768943 -0.0062115676762149385 0.048137983534040335 0.037417319636057447 -0.086326520514599769 -0.0014929951918893347 0.11102758941625274 0.032677312475121803 -0.022635580363931124 0.034620719920560428 0.0075032983269322619 0.040422912304610654 -0.10570613888413796 0.016952977122729123 -0.0097106640010111503 -0.088480288429107601 0.013415928143347165 -0.0070757366013703485 -0.0060409977910038798
leaf_weight=8.1503857932984811 13.264070466160772 7.6275798268616191 98.064041302539408 226.83126337267458 52.299215727485716 1.8354092314839388 1.1587767899036396 4.7744230236858156 3.0876649543642989 23.02800449449569 93.689695458859205 3.537795045413076 16.597859187051654 14.958194266073408 21.155264401808381 3.5471167098730794 41.396982576698065 0.92312391847371955 4.673811803571879 87.976246344856918 43.140711778774858 146.79346856474876 16.720421620644629 1.8673709873110058 29.626003535464406 46.783281017094851 2.9653789997100821 1.2835425650700925 23.374756975099444 88.375670596957207
leaf_count=232 132 95 7404 15364 3950 44 28 63 21 302 1942 54 181 915 952 68 1230 37 162 2987 1333 854 602 29 227 330 14 36 464 925
internal_value=0.000386213 -0.0239878 0.0137211 -0.0289748 0.00955442 0.0239577 0.00931243 -0.0306048 0.0054084 -0.00686762 0.009194 0.0176517 0.0274568 0.0195512 0.0115816 0.00338117 -0.0081883 -0.0334337 -0.0381132 -0.0212476 0.0195341 0.00325569 0.0273359 -0.0165482 0.000350496 -0.00745531 -0.0144059 -0.0571811 0.0015951 0.0024134
internal_weight=1129.51 399.425 730.082 356.704 632.018 141.264 88.9649 348.554 490.754 115.667 375.087 42.7214 35.0938 31.5561 87.8061 66.6508 44.9441 320.404 231.505 88.8994 136.83 238.257 21.7067 4.98632 92.6387 63.0127 49.7487 3.15091 28.1492 235.169
internal_count=40977 20554 20423 19309 13019 6939 2989 19077 6080 1005 5075 1245 1150 1096 2961 2009 1298 18550 15526 3024 3275 1800 711 109 703 476 344 65 527 1779
is_linear=0
shrinkage=0.05


Tree=81
num_leaves=31
num_cat=0
split_feature=9 4 0 3 9 0 15 7 14 10 2 0 10 14 2 14 14 4 3 2 9 0 0 14 14 4 4 4 14 14
split_gain=135.6 31.4813 30.9013 15.0942 14.2387 20.1669 12.138 11.0077 7.54989 7.05591 6.82565 7.80467 6.54954 7.36341 6.07103 13.4245 11.5469 5.49916 5.92257 5.44347 5.26041 5.0245 4.97244 16.2075 8.14748 5.51193 4.70347 5.02109 4.63803 4.58031
threshold=1.0000000180025095e-35 4.2498354775033391 30.500000000000004 1.0000000180025095e-35 4.5000000000000009 23.500000000000004 10.681686167123063 1.0000000180025095e-35 5.5000000000000009 1.0000000180025095e-35 1.5000000000000002 29.500000000000004 1.0000000180025095e-35 11.500000000000002 1.5000000000000002 4.5000000000000009 9.5000000000000018 3.8496360355649508 1.0000000180025095e-35 2.5000000000000004 3.5000000000000004 26.500000000000004 31.500000000000004 14.500000000000002 2.5000000000000004 4.023139138167485 3.8036941975951835 3.6843722670327392 5.5000000000000009 3.5000000000000004
decision_type=2 2 2 2 2 2 2 2 2 2 2 2 2 2 2 2 2 2 2 2 2 2 2 2 2 2 2 2 2 2
left_child=2 4 3 28 12 8 14 9 -6 10 26 -12 19 -14 -5 -16 -17 -4 -19 20 22 -15 -2 24 -24 -25 27 -7 -1 -21
right_child=1 -3 17 6 5 7 -8 -9 -10 -11 11 -13 13 21 15 16 -18 18 -20 29 -22 -23 23 25 -26 -27 -28 -29 -30 -31
leaf_value=-0.076879097545656014 0.0019184328738800879 0.040136069649540529 0.067643212068622782 -0.035959870961561363 0.05071717515268831 0.053048906980464064 0.0015115880374955155 -0.13346346564414749 -0.14272874874589822 0.036852788038639638 -0.076188745840935573 -0.0014164664173601552 0.029455326797751469 -0.033201168654826335 -0.035643110255271192 0.034757485040332659 -0.070950346178417598 0.050720680982730297 0.00069904649676246194 -0.050991273347234148 -0.024950385913092947 0.0096593789111702431 -0.11602120602104914 0.0062192947930013063 0.047467547302969794 -0.042939485041827541 0.039883629689194823 -0.051685219458996172 0.052766629207121711 0.032581495035442457
leaf_weight=0.76414279453456302 306.76063290797174 94.276877591386437 4.7579639125615349 257.28659896831959 49.368068690411747 1.7509934362024093 28.15570673905313 1.3361177351325739 0.50959038361906905 20.424028820358217 3.8107490791007868 41.450490246526897 52.550726632587612 8.1756384968757612 35.039811017923057 15.389007810503246 3.1045633852481833 7.3721154564991584 29.988947954960167 8.0662405695766193 15.953036042861639 41.786704306490719 0.78265098854899662 15.66705133020878 28.960783888585865 8.9651363603770715 16.114615622907877 3.3030775059014559 7.0958990268409252 2.0577125074341884
leaf_count=22 2532 7404 69 16874 3941 44 527 28 9 952 68 1230 1447 37 1550 110 16 630 546 75 153 349 5 85 1294 54 602 65 210 49
internal_value=0.000374871 0.0131951 -0.0234252 -0.0283364 0.00914938 0.023331 -0.0299247 0.00896005 0.0487408 0.011151 0.00324896 -0.00771188 0.00515117 0.016389 -0.0327724 -0.0174529 0.017012 0.0170167 0.0105694 0.00217599 0.00314737 0.00264585 0.00438857 0.0183239 0.0431656 -0.0116725 0.0266846 -0.0153999 0.0401626 -0.034005
internal_weight=1111.03 722.071 388.955 346.836 627.794 138.068 338.976 88.1901 49.8777 86.854 66.4299 45.2612 489.726 102.513 310.82 53.5334 18.4936 42.119 37.3611 387.213 377.089 49.9623 361.136 54.3756 29.7434 24.6322 21.1687 5.05407 7.86004 10.124
internal_count=40977 20423 20554 19309 13019 6939 19077 2989 3950 2961 2009 1298 6080 1833 18550 1676 126 1245 1176 4247 4123 386 3970 1438 1299 139 711 109 232 124
is_linear=0
shrinkage=0.05


Tree=82
num_leaves=31
num_cat=0
split_feature=9 4 0 9 0 15 7 8 14 14 4 0 14 6 0 8 8 6 14 14 8 10 14 14 10 11 6 4 4 6
split_gain=125.315 30.2483 28.8826 13.3876 19.7237 11.3438 8.97572 7.92027 10.4742 9.23665 8.64953 7.04895 19.397 7.46678 13.4435 6.88748 6.84066 6.72268 12.5857 9.71484 8.7191 6.68619 6.59534 6.25248 6.23302 5.50396 8.1755 6.72688 5.50205 8.78041
threshold=1.0000000180025095e-35 4.2498354775033391 30.500000000000004 4.5000000000000009 23.500000000000004 10.681686167123063 1.0000000180025095e-35 2.5000000000000004 3.5000000000000004 4.5000000000000009 3.975297397565547 28.500000000000004 11.500000000000002 1.0000000180025095e-35 21.500000000000004 2.5000000000000004 5.5000000000000009 1.0000000180025095e-35 4.5000000000000009 9.5000000000000018 2.5000000000000004 1.0000000180025095e-35 5.5000000000000009 12.500000000000002 1.0000000180025095e-35 1.0000000180025095e-35 1.5000000000000002 3.7502323533268509 3.8496360355649508 1.0000000180025095e-35
decision_type=2 2 2 2 2 2 2 2 2 2 2 2 2 2 2 2 2 2 2 2 2 2 2 2 2 2 2 2 2 2
left_child=2 3 5 7 22 16 21 10 -9 -10 -2 13 -13 -11 -15 -4 17 -1 20 -20 -19 25 -5 -18 -14 -6 27 -27 -17 -30
right_child=1 -3 15 4 6 -7 -8 8 9 11 -12 12 24 14 -16 28 23 18 19 -21 -22 -23 -24 -25 -26 26 -28 -29 29 -31
leaf_value=-0.035077911037739919 0.00031005406289541688 0.039685940017536288 -0.026846444598684571 0.050681968253932709 -0.0048347147263819107 0.0018866670549710465 -0.1127127280201366 0.045525148396495914 -0.054417018171511747 0.0086907520522247449 -0.033924382304030047 0.042480785002764275 -0.0069879019635433583 0.09081846983706969 -0.015436708839810213 0.082087576320265199 0.0050092937603456568 -0.039724848924312495 0.031751646322411835 -0.062738999890395455 0.075326370271086171 0.036279796390903445 -0.11951714916691675 0.16808651388018653 0.023259478101338688 -0.13806235963915081 -0.12387277230846648 0.044429482566668288 -0.0060048801946383573 0.047842880734187854
leaf_weight=247.77568384353071 92.632417915388942 90.670639304444194 7.596308132633566 46.992158931680024 50.767815133556724 29.437775989994407 1.4982717484235752 18.141903050243855 6.1010096482932559 147.05415261164308 23.039367419667542 47.094999861903489 56.554933020845056 3.1097737550735465 69.630011850968003 3.8501352509483686 4.6029856149107209 32.608167232014239 16.499299503862861 3.2571825683116904 1.7343428023159493 19.727064901962876 0.57617639005184074 0.67380852065980423 24.371538642793894 0.52373141422867497 0.82513541355729181 14.097517336718736 16.530720964074135 13.96652294136584
leaf_count=16780 703 7404 95 3941 1291 596 28 518 67 845 302 2384 328 13 664 54 168 1546 185 19 9 952 9 6 256 11 13 694 181 915
internal_value=0.000365882 0.0127042 -0.0228877 0.00877561 0.0227097 -0.0277632 0.00861393 0.00491854 0.00847123 0.00657184 -0.00650872 0.00764164 0.0169683 0.00220924 -0.0108941 0.0162372 -0.0306048 -0.0315914 -0.0156229 0.0161733 -0.0339146 0.0107291 0.0486204 0.0258331 0.0021213 0.00311683 0.0292512 0.0378926 0.0257656 0.0186552
internal_weight=1091.94 713.409 378.533 622.738 135.008 336.589 87.4395 487.73 372.058 353.916 115.672 347.815 128.021 219.794 72.7398 41.9437 307.151 301.875 54.099 19.7565 34.3425 85.9413 47.5683 5.27679 80.9265 66.2142 15.4464 14.6212 34.3474 30.4972
internal_count=40977 20423 20554 13019 6939 19309 2989 6080 5075 4557 1005 4490 2968 1522 677 1245 18713 18539 1759 204 1555 2961 3950 174 584 2009 718 705 1150 1096
is_linear=0
shrinkage=0.05


Tree=83
num_leaves=31
num_cat=0
split_feature=5 15 0 2 0 14 3 14 0 15 6 14 14 0 4 8 8 14 5 15 8 15 4 14 10 15 0 2 8 8
split_gain=66.7594 37.4739 18.8114 9.76009 16.1955 11.7349 10.7321 8.60347 16.6129 8.13796 8.08873 16.9315 10.1223 10.3962 8.41465 8.08049 7.95263 13.3145 10.8268 7.5474 8.6046 6.91839 10.9334 6.50795 6.17369 6.15589 6.03736 5.85884 5.54092 5.43471
threshold=3.5000000000000004 1.0000000180025095e-35 18.500000000000004 2.5000000000000004 32.500000000000007 14.500000000000002 1.0000000180025095e-35 6.5000000000000009 26.500000000000004 4.5115332428765269 1.0000000180025095e-35 5.5000000000000009 8.5000000000000018 24.500000000000004 3.880372294402449 5.5000000000000009 2.5000000000000004 3.5000000000000004 4.5000000000000009 10.681686167123063 5.5000000000000009 11.439476553980372 3.6402898623546771 6.5000000000000009 1.0000000180025095e-35 4.3167701863354049 24.500000000000004 3.5000000000000004 2.5000000000000004 4.5000000000000009
decision_type=2 2 2 2 2 2 2 2 2 2 2 2 2 2 2 2 2 2 2 2 2 2 2 2 2 2 2 2 2 2
left_child=2 3 -1 4 6 28 -2 -3 9 -9 11 -8 13 14 23 -10 17 -15 -19 20 25 -21 -23 -12 27 -4 -24 -5 -6 -13
right_child=1 7 19 24 5 -7 10 8 15 -11 12 29 -14 16 -16 -17 -18 18 -20 21 -22 22 26 -25 -26 -27 -28 -29 -30 -31
leaf_value=-0.036814625958711565 0.038428679505139458 0.039074546922884257 -0.012959915133736699 -0.053423548349281973 0.0040830610569199148 -0.00082686019724071856 0.046657730363237886 0.047686653681570164 0.029313904717067754 -0.046799933134177851 -0.013055602182969257 1.0393518274709079e-05 -0.026974088537457676 -0.033522896267832003 0.024079288615307191 -0.092312404609529636 0.028547945265086961 0.06381518023195 -0.051040806941550887 0.066732604317273334 0.033155638780277413 0.054382708346169442 -0.04109923300011159 -0.051938796560899614 0.024660053173864806 -0.054227365661418593 0.018363188623448125 0.019611782835266343 0.039576229579637356 -0.079107856441635496
leaf_weight=84.030380946584046 16.268328660167754 97.652052728459239 267.69619327783585 16.016587730497129 13.569367026910184 40.534148493781686 22.25978768710047 2.7831685133278361 77.362118202261627 12.576144617982207 64.895281203091145 91.012685572728515 57.057532142847776 17.77646449580789 12.913506641983984 1.3901359746232618 36.106141080148518 8.4959783852100355 2.7050729822367421 5.0802768282592323 9.8702590754255635 7.3067504763603237 11.053009564056994 12.90039364248514 4.4097989071160546 9.352535689249633 6.9547355845570555 3.314078082330524 57.980391371063888 2.2235427461564532
leaf_count=6452 246 6993 9899 315 363 543 1552 58 4586 279 1422 1627 419 288 678 40 917 67 28 24 184 42 173 71 109 381 37 60 3089 35
internal_value=0.000357067 0.00999145 -0.0157794 0.00253301 0.00415784 0.0206679 -0.00121195 0.0286776 0.0178896 -0.0296786 -0.003176 0.00747764 -0.00895683 -0.00235819 -0.0132989 0.027167 0.0128902 -0.00661945 0.0360773 -0.0102088 -0.0127187 0.0134833 0.00279689 -0.0195034 -0.028724 -0.014353 -0.0181344 -0.0409023 0.032845 -0.00187646
internal_weight=1073.55 672.203 401.344 480.439 456.699 112.084 344.615 191.764 94.1116 15.3593 328.346 115.496 212.85 155.793 90.7092 78.7523 65.0837 28.9775 11.2011 317.314 286.919 30.3948 25.3145 77.7957 23.7405 277.049 18.0077 19.3307 71.5498 93.2362
internal_count=40977 23785 17192 11829 11345 3995 7350 11956 4963 337 7104 3214 3890 3471 2171 4626 1300 383 95 10740 10464 276 252 1493 484 10280 210 375 3452 1662
is_linear=0
shrinkage=0.05


Tree=84
num_leaves=31
num_cat=0
split_feature=9 11 3 0 14 4 2 13 9 0 15 8 4 0 0 14 2 15 15 2 3 15 4 0 4 0 4 0 8 4
split_gain=111.5 27.6966 27.0827 19.568 15.0488 21.4059 9.33008 10.3688 9.77115 7.99789 6.58036 6.79927 6.08751 13.941 6.96105 10.318 10.2901 9.62192 17.1619 7.73027 7.07983 6.60811 11.5847 5.87548 9.08121 5.75993 5.62106 5.53172 5.52929 5.90664
threshold=1.0000000180025095e-35 5.5000000000000009 1.0000000180025095e-35 23.500000000000004 7.5000000000000009 3.7622890633926835 2.5000000000000004 1.0000000180025095e-35 21.500000000000004 42.500000000000007 18.470422743762498 2.5000000000000004 4.4085276052517797 85.500000000000014 34.500000000000007 14.500000000000002 1.5000000000000002 7.0751765442030932 9.8969492908886867 2.5000000000000004 1.0000000180025095e-35 1.9803921568627452 4.1079885748647094 29.500000000000004 4.0018762822906977 30.500000000000004 4.1479698406581758 49.500000000000007 2.5000000000000004 3.8496360355649508
decision_type=2 2 2 2 2 2 2 2 2 2 2 2 2 2 2 2 2 2 2 2 2 2 2 2 2 2 2 2 2 2
left_child=2 4 -1 -4 5 -2 7 -7 -9 -8 11 -6 14 -14 16 19 -13 23 -19 -16 -17 26 -23 24 -18 -5 -22 -28 -27 -30
right_child=1 -3 3 25 10 6 9 8 -10 -11 -12 12 13 -15 15 20 17 18 -20 -21 21 22 -24 -25 -26 28 27 -29 29 -31
leaf_value=0.044951531677359324 -0.00095908679620208132 0.04498760938127315 -0.033780721452717946 -0.015634877502683164 -0.013294345758736729 0.033152711897056368 -0.029083833669880928 -0.18687048278311993 0.050959195382428629 0.027739353340568446 -0.089247931132583377 0.0098555517762785143 -0.024622294830910718 -0.35110059650246367 0.046705447720126553 -0.12644710968713044 -0.014437396942430701 -0.212046196235258 0.024674920153430067 -0.031582760878300281 0.022175162067608258 -0.26368248568431757 0.0062742896488733229 0.0045622510287595883 -0.092447140862603458 -0.031138552552005719 -0.068098100785994459 0.051472803360700772 0.076792094426927637 0.0092984174837595756
leaf_weight=14.460029087960718 102.15228391718119 58.566317919641733 222.89019840955734 91.833513380028307 56.640786691568792 161.19936714787036 12.576554784551265 1.0411421544849861 0.73799333814531554 12.199094591662286 1.9637364372611035 148.28746620286256 2.6459348127245899 0.37309018522500981 31.847800524905324 1.0971306469291473 29.607215669006109 1.612383006140589 1.4579889290034769 3.4996154736727467 19.310829879716046 0.62305177189409633 1.0973397847265003 36.950611147098243 4.2685169354081145 7.0085796024650326 3.7339078020304433 1.3054515020921824 3.7658297941088703 23.284095129929483
leaf_count=877 1115 4652 15953 3124 602 8640 169 22 44 772 9 925 203 26 1862 23 175 20 24 135 275 10 48 503 27 66 85 57 42 492
internal_value=0.000348288 0.0120845 -0.0221002 -0.0248801 0.00905568 0.0174604 0.027482 0.0318278 -0.0882177 -0.00110509 0.00202006 0.00254052 0.00565781 -0.0649684 0.00640675 0.0211461 0.00225959 -0.0129831 -0.0996374 0.0389544 -0.00202401 0.0032121 -0.0914924 -0.00922659 -0.024267 -0.00912172 0.00990317 -0.0371231 0.00844001 0.0186947
internal_weight=1058.04 694.796 363.242 348.782 636.229 289.906 187.754 162.979 1.77914 24.7756 346.323 344.359 287.718 3.01902 284.699 62.5151 222.184 73.8967 3.07037 35.3474 27.1677 26.0706 1.72039 70.8263 33.8757 125.892 24.3502 5.03936 34.0585 27.0499
internal_count=40977 20423 20554 19677 15771 10762 9647 8706 66 941 5009 5000 4398 229 4169 2495 1674 749 44 1997 498 475 58 705 202 3724 417 142 600 534
is_linear=0
shrinkage=0.05


Tree=85
num_leaves=31
num_cat=0
split_feature=9 3 4 0 10 14 2 14 2 14 0 5 14 4 4 5 15 8 4 5 8 8 0 9 9 0 8 9 7 14
split_gain=114.443 28.3894 24.0899 17.3655 9.98622 10.5051 9.62619 9.63846 9.37824 11.9736 9.00281 10.3071 13.2058 8.144 8.0274 7.68256 7.57 7.34079 7.26962 7.14986 11.2207 7.12674 10.4269 8.85032 13.9567 8.75395 8.25192 7.63749 6.45544 5.92476
threshold=1.0000000180025095e-35 1.0000000180025095e-35 4.2498354775033391 20.500000000000004 1.0000000180025095e-35 11.500000000000002 1.5000000000000002 6.5000000000000009 1.5000000000000002 5.5000000000000009 32.500000000000007 6.5000000000000009 14.500000000000002 4.0167113863760386 4.1923759468600208 5.5000000000000009 15.260706430327341 3.5000000000000004 3.8556271184800082 3.5000000000000004 4.5000000000000009 2.5000000000000004 23.500000000000004 3.5000000000000004 7.5000000000000009 24.500000000000004 6.5000000000000009 4.5000000000000009 1.0000000180025095e-35 7.5000000000000009
decision_type=2 2 2 2 2 2 2 2 2 2 2 2 2 2 2 2 2 2 2 2 2 2 2 2 2 2 2 2 2 2
left_child=1 -1 4 -3 6 28 19 21 -5 15 13 12 -12 17 -13 -10 -15 -9 -14 -2 -21 25 -23 26 -25 27 -24 -8 -6 -4
right_child=2 3 29 8 5 -7 7 10 9 -11 11 14 18 16 -16 -17 -18 -19 -20 20 -22 22 23 24 -26 -27 -28 -29 -30 -31
leaf_value=0.04819439594722727 0.0078547030774493501 -0.039569731849683078 0.04774515210081047 -0.02281330638567635 0.035790826936202176 0.0055131215249699141 -0.00070817077469872893 -0.017534884647180143 -0.028964604509615827 0.023609675790880399 0.03699937347501444 -0.026837317806909174 0.060721968688246114 -0.068724988613409907 -0.17534223106968866 0.076105136797689571 0.051679664004111663 0.04710611406698182 -0.034343697761250687 0.030795846003543948 -0.1326380436970673 -0.0072426791299522722 0.051712903815021444 -0.12673336224296988 0.022754132482462948 -0.020807494818710439 -0.15736355447996098 0.050645634364893943 -0.15034877927022061 0.019640854190784415
leaf_weight=13.687280006706713 153.9831675440073 130.60585849359632 53.551956108771265 153.38626738265157 69.467584285885096 56.213677409105003 22.867474608123302 65.780801938846707 26.623718976974491 28.827217456884682 27.006094336509705 5.2800926808267823 2.3587576188147059 12.012391664087771 1.0994685404002664 1.8614023495465506 1.464576776139437 4.7062743194401255 13.638424927368758 60.839211340993643 1.0686605414375652 21.670331986621022 31.311546842567626 1.9071273496374477 8.6129432721063477 32.765670500695705 0.47915961127728124 10.594443262554703 0.46893209777772327 28.858321786858141
leaf_count=855 977 11139 5097 7187 3163 640 139 476 873 454 1031 116 14 138 40 18 61 76 134 2869 26 102 1289 37 375 383 26 918 10 2372
internal_value=0.000644153 -0.0224132 0.0125411 -0.0252448 0.00908974 0.0216069 0.00579628 -0.000615936 -0.0163652 0.00089192 -0.0100645 0.006876 0.0156742 -0.0200279 -0.052431 -0.0220987 -0.0556403 -0.0132189 -0.0203264 0.0136242 0.0279746 0.00906036 0.0209615 0.0354069 -0.00434566 -0.0024371 0.0485616 0.0155511 0.0345427 0.0379036
internal_weight=1043 354.992 688.007 341.304 605.597 126.15 479.447 263.556 210.699 57.3123 133.347 49.3828 43.0033 83.964 6.37956 28.4851 13.477 70.4871 15.9972 215.891 61.9079 130.209 63.9811 42.3108 10.5201 66.2276 31.7907 33.4619 69.9365 82.4103
internal_count=41035 20526 20509 19671 13040 3813 9227 5355 8532 1345 2086 1335 1179 751 156 891 199 552 148 3872 2895 3269 1829 1727 412 1440 1315 1057 3173 7469
is_linear=0
shrinkage=0.05


Tree=86
num_leaves=31
num_cat=0
split_feature=9 11 3 0 10 2 14 7 0 14 15 11 2 14 15 9 0 4 0 14 9 9 14 14 4 9 0 6 6 0
split_gain=105.694 28.7361 26.5291 16.9258 14.4622 11.5532 17.7699 29.9254 49.7058 11.1353 10.0572 10.044 8.65524 10.9818 8.16631 9.71276 23.8568 37.7535 11.9814 8.48877 8.53741 8.09895 7.47928 9.13554 8.04791 6.84735 6.73906 14.3912 6.35154 7.04563
threshold=1.0000000180025095e-35 5.5000000000000009 1.0000000180025095e-35 20.500000000000004 1.0000000180025095e-35 1.5000000000000002 6.5000000000000009 1.0000000180025095e-35 62.500000000000007 11.500000000000002 7.672684458398745 3.5000000000000004 1.5000000000000002 5.5000000000000009 2.1054964539007095 15.500000000000002 50.500000000000007 4.157882020054954 32.500000000000007 17.500000000000004 9.5000000000000018 1.5000000000000002 5.5000000000000009 6.5000000000000009 3.882046967961911 7.5000000000000009 46.500000000000007 1.5000000000000002 1.0000000180025095e-35 40.500000000000007
decision_type=2 2 2 2 2 2 2 2 2 2 2 2 2 2 2 2 2 2 2 2 2 2 2 2 2 2 2 2 2 2
left_child=2 4 -1 -4 5 21 26 10 25 -6 14 -12 -5 -14 15 18 17 -17 -8 20 -20 -2 -23 24 -24 -9 27 -7 -22 -30
right_child=1 -3 3 12 9 6 7 8 -10 -11 11 -13 13 -15 -16 16 -18 -19 19 -21 28 22 23 -25 -26 -27 -28 -29 29 -31
leaf_value=0.047944114643767764 0.0072974343204064403 0.046637384761543277 -0.039107809140260463 -0.02210577791375791 0.035442925283586807 0.011732291552911818 -0.021491898123610468 0.05192448256199339 -0.56547134438640978 0.0066210657979320769 -0.11979780384546045 0.0025351551579983014 -0.021460518196839005 0.022659639633161532 0.031452565439208963 -0.05515418489302934 0.051632115225001454 -0.43375158330054547 0.040375947180192676 -0.031276195021816527 0.035170778497623532 0.047541517795666427 -0.09374733986538214 0.024139144080986275 0.028497947318934742 -0.15911521604438544 0.044244179284878164 -0.055479852338393636 -0.12486655835093075 0.017547356280353959
leaf_weight=13.086010272614656 152.38186047971249 55.234243495389819 125.66680804640055 150.456663207151 79.747922819107771 114.91267280187458 70.557606659829617 0.84495989792048865 0.64826687611639489 57.800930903293192 4.1460202876478425 2.8185363560914993 27.881778904236853 28.541503248736262 11.573697670362888 2.2759604807943101 2.1170974671840668 0.92654594033956517 22.83073067851365 8.2158723920583707 2.5047854147851458 28.547694425098598 3.3947659488767377 30.151358253322542 2.2312672538682818 0.70508781354874372 13.530448239296673 8.5572335096076113 2.1882986929267649 1.4399406444281337
leaf_count=855 982 4710 11139 7187 4290 3157 542 50 36 766 76 123 891 454 404 50 94 37 684 60 43 2370 46 681 159 25 953 80 44 47
internal_value=0.00062863 0.012068 -0.0218866 -0.0246345 0.00901317 0.00497327 -0.00191248 -0.0148734 -0.19783 0.0233314 -0.0118171 -0.07029 -0.0158429 0.000857496 -0.00854955 -0.0126446 -0.0785978 -0.16469 -0.00938811 0.0135819 0.0263063 0.0135776 0.0284549 0.0132252 -0.0452652 -0.0440735 0.0107451 0.00707407 -0.0260692 -0.0683467
internal_weight=1025.92 680.284 345.633 332.547 625.05 487.501 270.794 133.793 2.19831 137.549 131.595 6.96456 206.88 56.4233 124.631 113.057 5.3196 3.20251 107.737 37.1796 28.9638 216.707 64.3251 35.7774 5.62603 1.55005 137 123.47 6.13302 3.62824
internal_count=41035 20509 20526 19671 15799 10743 6505 2315 111 5056 2204 199 8532 1345 2005 1601 181 87 1420 878 818 4238 3256 886 205 75 4190 3237 134 91
is_linear=0
shrinkage=0.05


Tree=87
num_leaves=31
num_cat=0
split_feature=9 11 3 0 10 14 2 14 4 4 4 15 11 2 8 9 8 8 0 9 14 14 4 4 14 11 8 15 4 9
split_gain=97.5664 27.6487 24.7752 16.5012 13.3661 10.7523 10.4283 15.9336 20.4377 16.7177 23.6917 8.29861 9.70703 8.00016 10.3732 7.73422 7.95045 7.48414 11.3809 9.16098 20.1525 10.0488 8.03196 7.41989 7.9119 7.35579 8.36572 7.18707 6.50298 6.19277
threshold=1.0000000180025095e-35 5.5000000000000009 1.0000000180025095e-35 20.500000000000004 1.0000000180025095e-35 9.5000000000000018 1.5000000000000002 6.5000000000000009 4.3443148506160068 4.6992827592739639 4.6053885422075354 7.672684458398745 3.5000000000000004 1.5000000000000002 2.5000000000000004 1.5000000000000002 4.5000000000000009 2.5000000000000004 23.500000000000004 1.5000000000000002 3.5000000000000004 4.5000000000000009 3.9394709940012875 4.4928415988087567 7.5000000000000009 1.0000000180025095e-35 3.5000000000000004 2.1054964539007095 4.4275831254543956 12.500000000000002
decision_type=2 2 2 2 2 2 2 2 2 2 2 2 2 2 2 2 2 2 2 2 2 2 2 2 2 2 2 2 2 2
left_child=2 4 -1 -4 6 -6 15 17 11 10 23 25 -13 -5 -15 -2 -17 19 -19 20 22 -22 -8 24 -10 26 29 -26 -29 -9
right_child=1 -3 3 13 5 -7 7 8 9 -11 -12 12 -14 14 -16 16 -18 18 -20 -21 21 -23 -24 -25 27 -27 -28 28 -30 -31
leaf_value=0.047690405233374811 0.0069114356541681125 0.046303552317484502 -0.038634926167548912 -0.021407205006374538 0.037920021595255898 0.0096226845026872489 -0.029231019407186466 -0.011993259428686211 0.050723649591978129 0.050800187235483157 -0.53979439462373957 -0.10982008386876907 0.01523265798409316 -0.019125383668545534 0.024141835611173935 0.030429454010122953 -0.091172921760110728 -0.0083138950220495549 0.035674743208186026 0.018857876946671882 0.075588654956313256 -0.0085498246765568116 -0.095805710834224095 0.050862179951757271 -0.32815187458095707 0.030607414225810359 0.03749348902622502 0.050643817260803338 -0.26644695046511291 -0.057978846276888797
leaf_weight=12.51236360426992 152.83568020258099 52.909779496490955 120.96442725975066 147.67028591129929 61.799613581039011 73.490070214495063 16.285506635904316 96.635310937650502 0.3121866071596745 0.920063848607242 0.42260465212166298 4.3127166563644996 2.4240414295345545 30.045454751700163 25.703568028286099 61.334360633045435 1.3742663329467166 21.377948230132461 47.099653498269618 30.285708933137357 6.256768560037016 8.1987408790737373 6.2765456773340693 0.44680234882980574 0.79031576588749863 11.30506964959204 8.0258648162707669 0.3327370984479785 0.31453775148838758 7.9213150283321729
leaf_count=855 982 4710 11139 7187 3808 1248 119 1206 25 71 21 71 90 887 458 3211 45 99 2445 1367 71 51 38 33 42 377 151 28 20 180
internal_value=0.000621306 0.0116076 -0.0213479 -0.0240109 0.00865045 0.0225488 0.00477745 -0.00177071 -0.0139913 -0.132548 -0.196954 -0.010779 -0.0648232 -0.0153147 0.000823341 0.0129783 0.0277645 0.0103043 0.021942 -0.00153639 -0.0182218 0.0278678 -0.0477515 -0.130994 -0.177431 -0.00784021 -0.011701 -0.226977 -0.103444 -0.0154772
internal_weight=1010.58 673.688 336.896 324.384 620.778 135.29 485.489 269.944 134.164 3.53925 2.61918 130.624 6.73676 203.419 55.749 215.544 62.7086 135.781 68.4776 67.3033 37.0176 14.4555 22.5621 2.19658 1.74978 123.888 112.582 1.43759 0.647275 104.557
internal_count=41035 20509 20526 19671 15799 5056 10743 6505 2315 240 169 2075 161 8532 1345 4238 3256 4190 2544 1646 279 122 157 148 115 1914 1537 90 48 1386
is_linear=0
shrinkage=0.05


Tree=88
num_leaves=31
num_cat=0
split_feature=9 11 3 0 14 4 6 9 0 14 0 14 14 9 4 4 5 6 4 4 0 2 8 5 0 11 11 5 11 13
split_gain=90.0059 26.5759 23.1323 16.0619 11.2254 17.3595 11.6271 13.1172 16.4522 19.7251 13.4052 13.7267 11.4511 13.6704 10.2433 9.19478 8.60843 8.50939 8.11544 7.8276 15.9376 7.38763 9.4815 7.14841 6.78083 6.27388 6.23315 6.09151 5.21141 4.99465
threshold=1.0000000180025095e-35 5.5000000000000009 1.0000000180025095e-35 20.500000000000004 7.5000000000000009 3.7409676809694572 1.0000000180025095e-35 12.500000000000002 32.500000000000007 14.500000000000002 50.500000000000007 10.500000000000002 2.5000000000000004 1.5000000000000002 3.7877426501774436 3.9095211952447158 6.5000000000000009 1.5000000000000002 3.8556271184800082 4.5172723438944473 70.500000000000014 1.5000000000000002 2.5000000000000004 5.5000000000000009 41.500000000000007 3.5000000000000004 1.5000000000000002 10.500000000000002 2.5000000000000004 1.0000000180025095e-35
decision_type=2 2 2 2 2 2 2 2 2 2 2 2 2 2 2 2 2 2 2 2 2 2 2 2 2 2 2 2 2 2
left_child=2 4 -1 -4 5 28 25 8 14 -10 11 16 13 15 -8 -7 -9 -15 -11 27 -21 -5 23 -23 -20 -6 -16 -12 -2 -14
right_child=1 -3 3 21 6 12 7 10 9 18 19 -13 29 17 26 -17 -18 -19 24 20 -22 22 -24 -25 -26 -27 -28 -29 -30 -31
leaf_value=0.04743283102471807 2.9848272930270086e-05 0.045959653767680415 -0.038151093974531321 -0.020718281077487771 0.010977891989049162 -0.0057844381726214053 0.0084541732850815805 0.012641494644248769 0.038563518054687704 0.061103826212650141 0.051988249631929787 -0.28594324889192813 0.030621221920219446 0.049273213100524377 -0.028118738046526634 -0.11398997804281263 -0.18136135696629319 -0.075012295969816914 -0.04709970604790166 -0.42819874940411062 0.050968141497730463 -0.024725670334139513 0.02321598315246344 0.076804084364984246 0.022827023905980036 -0.054472128998026961 -0.093327531287771326 -0.13012548579922975 -0.07526551944752477 -0.01400384320921361
leaf_weight=11.965144680347292 89.077403383329511 50.696532200090587 116.48760664276779 145.02024278789759 202.06046033464372 3.7425915747880962 20.763526918366551 1.2662035906687377 34.513053292408586 2.6509788669645813 2.7338568791747102 1.1574981566518543 158.10228955093771 7.6546152979135496 47.468981819227338 4.1295484006404877 1.0426583904772995 1.6793443718925116 15.945312648080291 0.31293464824557293 0.38957046438008547 27.828322044573728 25.400102058425546 1.8488353602588166 4.430048572830855 3.7290532179176799 3.9712580777704707 0.55186773184686888 2.3589014085009685 6.5292326649650922
leaf_count=855 859 4710 11139 7187 1882 27 176 50 1971 15 135 24 9228 331 370 23 21 21 116 21 25 877 458 10 90 64 51 33 24 242
internal_value=0.000609322 0.0111613 -0.0208113 -0.0233905 0.00829865 0.0158588 0.00227516 -0.00899955 -0.00529371 0.0146514 -0.0734978 -0.145418 0.024795 -0.0140171 -0.0211881 -0.0625466 -0.0749682 0.0269121 -0.0211892 -0.0109889 -0.162479 -0.0147976 0.000791843 -0.0184005 -0.0318961 0.00979189 -0.0331529 0.0214006 -0.00191264 0.0288514
internal_weight=995.508 666.958 328.55 316.585 616.261 273.274 342.987 137.198 129.743 57.5394 7.45459 3.46636 181.838 17.2061 72.2038 7.87214 2.30886 9.33396 23.0263 3.98823 0.702505 200.098 55.0773 29.6772 20.3754 205.79 51.4402 3.28572 91.4363 164.632
internal_count=41035 20509 20526 19671 15799 10755 5044 3098 2789 2192 309 95 9872 402 597 50 71 352 221 214 46 8532 1345 887 206 1946 421 168 883 9470
is_linear=0
shrinkage=0.05


Tree=89
num_leaves=31
num_cat=0
split_feature=9 11 3 0 10 14 15 6 14 5 0 14 0 9 9 14 0 9 3 5 15 0 8 0 6 9 14 14 14 5
split_gain=82.9915 25.5272 21.5996 15.5928 12.3169 9.98989 7.85629 6.81355 13.2446 12.8502 11.7431 13.3861 11.538 8.7581 10.9117 9.79278 9.5013 9.78517 7.26595 8.56546 9.90889 10.6402 7.0182 11.7529 10.2016 9.58778 15.7995 9.18243 8.54936 7.63388
threshold=1.0000000180025095e-35 5.5000000000000009 1.0000000180025095e-35 20.500000000000004 1.0000000180025095e-35 9.5000000000000018 10.23411829134721 1.0000000180025095e-35 6.5000000000000009 6.5000000000000009 32.500000000000007 14.500000000000002 85.500000000000014 25.500000000000004 7.5000000000000009 7.5000000000000009 50.500000000000007 16.500000000000004 1.0000000180025095e-35 7.5000000000000009 4.3717152412804596 46.500000000000007 2.5000000000000004 23.500000000000004 1.5000000000000002 1.5000000000000002 3.5000000000000004 4.5000000000000009 3.5000000000000004 5.5000000000000009
decision_type=2 2 2 2 2 2 2 2 2 2 2 2 2 2 2 2 2 2 2 2 2 2 2 2 2 2 2 2 2 2
left_child=2 4 -1 -4 7 -6 -5 18 22 10 -10 -12 13 14 -11 -16 -17 -18 -2 -20 21 -21 24 -24 25 26 -9 -28 -27 -30
right_child=1 -3 3 6 5 -7 -8 8 9 12 11 -13 -14 -15 15 16 17 -19 19 20 -22 -23 23 -25 -26 28 27 -29 29 -31
leaf_value=0.047170959787191907 -0.02027342075738393 0.045605475380876559 -0.037656360689738287 -0.018224726574463831 0.036829624811850127 0.0091271694590035861 0.011138949011636999 -0.045597092573249884 -0.019676001489343151 0.063737650266268792 0.03818218968049638 -0.02256210033896594 -0.28756542592970047 0.051267789590665573 0.012648435779553512 -0.21663351167975722 -0.21554327031978035 0.052938115501694284 0.014379919997368873 -0.23071826566771395 -0.29335605417815208 0.024282735723685885 -0.0090420943263556132 0.036448349965765646 -0.049801549835950518 0.043690667832365498 0.072717906521692091 -0.0083858396673611689 -0.076550743830810231 0.052542425762344962
leaf_weight=11.443203667178748 17.588484874926507 48.589194816537201 112.22573726810515 170.49130173306912 58.815823244862258 72.855089367367327 26.291920675896108 16.518811018206183 79.552561303600669 1.0255786003544916 22.910049373283982 15.012651205994187 0.58744712080806483 1.483933920972049 1.1413649255409835 2.3350054090842609 0.55951462313532807 0.86256896145641804 204.72961743269116 0.52852656412869681 0.4345105905085801 1.8100867476314304 21.11330575030297 43.353705366142094 9.4319767123088223 20.239598851650957 6.0894997762516132 8.1751312296837551 3.1500745723024002 1.7993306824937461
leaf_count=855 157 4710 11139 8163 3808 1248 369 105 667 25 1044 127 19 84 59 34 16 35 4240 14 22 90 97 2391 92 1176 65 51 47 86
internal_value=0.000594927 0.0107224 -0.0202855 -0.0227835 0.00795338 0.0215015 -0.0143015 0.00424028 -0.00135032 -0.0129358 -0.00876131 0.014135 -0.0742706 -0.0573565 -0.0845662 -0.115616 -0.154582 -0.0526951 0.0105822 0.0131976 -0.0740873 -0.0333475 0.00984257 0.02155 -0.00169704 0.0064091 -0.0123102 0.0262369 0.0292859 -0.0296196
internal_weight=981.146 660.693 320.452 309.009 612.104 131.671 196.783 480.433 255.342 125.471 117.475 37.9227 7.99541 7.40797 5.92403 4.89845 3.75709 1.42208 225.091 207.503 2.77312 2.33861 129.871 64.467 65.4044 55.9724 30.7834 14.2646 25.189 4.94941
internal_count=41035 20509 20526 19671 15799 5056 8532 10743 6220 2110 1838 1171 272 253 169 144 85 51 4523 4366 126 104 4110 2488 1622 1530 221 116 1309 133
is_linear=0
shrinkage=0.05


Tree=90
num_leaves=31
num_cat=0
split_feature=9 11 0 7 0 9 0 2 15 15 15 15 9 4 0 0 9 4 4 0 0 4 8 2 4 4 6 0 9 8
split_gain=57.6107 29.037 19.0677 13.912 12.8366 10.6203 21.5886 7.95093 6.76926 6.13549 8.54931 8.50113 6.77521 7.36125 10.119 6.37348 6.02206 5.81942 5.76217 5.57124 5.13177 6.59368 4.81184 9.46835 4.86771 4.60471 19.3631 6.33725 4.497 4.49571
threshold=1.0000000180025095e-35 5.5000000000000009 23.500000000000004 1.5000000000000002 39.500000000000007 6.5000000000000009 27.500000000000004 1.5000000000000002 14.218667950288816 7.672684458398745 9.6438385119425103 9.3095478838653793 5.5000000000000009 4.0575256179842079 22.500000000000004 31.500000000000004 7.5000000000000009 3.7216117239699007 4.0889401542022119 18.500000000000004 18.500000000000004 3.293716890073298 2.5000000000000004 1.5000000000000002 3.46230032901091 4.2089763491570453 1.0000000180025095e-35 32.500000000000007 12.500000000000002 2.5000000000000004
decision_type=2 2 2 2 2 2 2 2 2 2 2 2 2 2 2 2 2 2 2 2 2 2 2 2 2 2 2 2 2 2
left_child=2 3 8 4 5 9 -7 -8 -1 12 11 -11 15 14 -14 18 -6 19 20 -10 -2 -22 -4 24 -24 27 -27 -9 -29 -17
right_child=1 -3 22 -5 16 6 7 25 17 10 -12 -13 13 -15 -16 29 -18 -19 -20 -21 21 -23 23 -25 -26 26 -28 28 -30 -31
leaf_value=-0.030064757491634238 -0.0277744664079701 0.046422710558298851 -0.022364046613557585 -0.20805006765008471 0.040414932066612889 0.046611346801501155 0.022293078888465059 -0.062554059549724747 -0.04685630742518513 -0.047845631241995701 -0.0078444657325782412 -0.20543648727528896 0.051301659516506816 0.052285623589009712 -0.095574255435150593 -0.008446214370670814 0.011689117923168884 -0.036770374803379212 -0.030109545688770757 0.063605515843065841 0.071944601779257544 0.0017893937683692762 0.15039859848905038 0.030095644750191664 -0.0071949044669733803 -0.38115354589953598 0.0051505636332286227 0.020219501951427396 -0.03915021087075099 0.022961613827038676
leaf_weight=178.95661191642284 14.607647117227314 46.302862698212266 24.92498667165637 0.76274397317320008 34.592256107367575 38.233950621448457 13.507886433973907 6.1174491420388284 1.4607936032116393 5.4026503199711469 23.994310388341546 1.0168277332559226 1.4878639569506029 1.671600663103163 5.5356148798018694 14.377315919846295 38.607383517548442 4.0034520095214248 15.340045799501238 5.2220018468797207 3.3844279479235402 322.24666128773242 0.49310656450688739 23.343290213495493 77.555257130414248 0.46142663899809022 1.0921758841723201 8.759310916066168 5.0161254042759529 54.901930994354188
leaf_count=15692 155 4695 713 23 2469 4180 596 79 95 126 449 21 68 84 94 192 2304 137 309 52 22 2624 24 1109 2721 16 78 233 108 1617
internal_value=-0.000185466 0.00824738 -0.0177318 0.00535493 0.00562162 0.00294487 0.0206464 -0.00775472 -0.0277564 0.00015255 -0.0215563 -0.0728076 0.00167543 -0.0420159 -0.0644598 0.00256961 0.0252642 0.0109011 -0.00013354 0.0394596 0.00121796 0.00251855 -0.00268161 0.0021569 -0.00619923 -0.0266801 -0.109583 -0.0202055 -0.00139912 0.0164436
internal_weight=973.38 657.42 315.959 611.118 610.355 537.155 73.1883 34.9544 189.643 463.967 30.4138 6.41948 433.553 8.69508 7.02348 424.858 73.1996 10.6862 355.579 6.6828 340.239 325.631 126.317 101.392 78.0484 21.4465 1.5536 19.8929 13.7754 69.2792
internal_count=41085 20542 20543 15847 15824 11051 5290 1110 15976 5761 596 147 5165 246 162 4919 4773 284 3110 147 2801 2646 4567 3854 2745 514 94 420 341 1809
is_linear=0
shrinkage=0.05


Tree=91
num_leaves=31
num_cat=0
split_feature=9 11 0 10 14 5 3 14 4 5 9 4 9 2 15 11 4 6 0 14 3 15 4 14 14 5 0 3 14 4
split_gain=52.9331 27.7403 17.9257 11.5893 9.05122 9.69934 6.49511 6.42371 19.4964 12.9513 11.9693 14.9878 9.51305 7.19623 7.12403 8.76458 6.83272 6.73944 10.6685 7.97841 7.2558 6.38615 5.80744 5.78323 5.53796 8.38605 19.5228 5.36858 10.2228 6.68363
threshold=1.0000000180025095e-35 5.5000000000000009 23.500000000000004 1.0000000180025095e-35 9.5000000000000018 4.5000000000000009 1.0000000180025095e-35 7.5000000000000009 3.7622890633926835 6.5000000000000009 17.500000000000004 4.212391765431394 9.5000000000000018 1.5000000000000002 4.3167701863354049 1.0000000180025095e-35 3.608884070537635 1.0000000180025095e-35 32.500000000000007 11.500000000000002 1.0000000180025095e-35 14.218667950288816 3.6538767234763556 2.5000000000000004 11.500000000000002 7.5000000000000009 54.500000000000007 1.0000000180025095e-35 5.5000000000000009 3.4199948370071587
decision_type=2 2 2 2 2 2 2 2 2 2 2 2 2 2 2 2 2 2 2 2 2 2 2 2 2 2 2 2 2 2
left_child=2 3 6 7 5 -5 -1 8 -2 14 11 -11 -13 -10 15 17 -16 -9 20 -20 -19 -8 -22 -7 25 -12 -27 28 -4 -29
right_child=1 -3 27 4 -6 23 21 9 13 10 24 12 -14 -15 16 -17 -18 18 19 -21 22 -23 -24 -25 -26 26 -28 29 -30 -31
leaf_value=0.039202259060566333 -0.0099482871525359614 0.046086065973569734 -0.21738210354420176 -0.0090451207144116082 0.0067643811451905001 -0.022222565228107821 -0.030708568549154006 0.0060967435715535458 0.040451244530313325 -0.03342366312283495 0.052245790214986688 -0.07034538217607833 -0.28458220512367344 0.013393693567751289 0.049883929358107759 0.052634995079762027 -0.040758606882793945 0.040257879481305048 0.047066550652322327 -0.0069624787738975643 0.017371625576668635 0.0097990292657917002 -0.035518177203366301 0.048609126593430814 0.052210074963666031 -0.34387533349813315 0.0054963181487558323 0.20039212321599542 0.050885056036309564 -0.005914234597519114
leaf_weight=3.6239127349108449 91.050924536772072 44.358346596825868 0.37321549747139116 10.770557865500448 71.788615926168859 3.0936152702197424 170.87808246072382 134.49025575630367 32.820899427868426 2.5823041461408121 1.14871121942997 0.79815548658371005 1.4771414930000899 97.792099803686142 2.3557235747575787 7.9223618591204277 17.703491908498108 4.0015505515038958 10.65190296713263 19.057815784588456 5.8438897952437392 10.317316818051038 46.396487262099981 42.076905043330044 2.259098301641643 0.63000554777681816 1.0945823425427077 0.39389988034963508 7.3248035651631653 117.09052297379822
leaf_count=79 907 4695 40 69 1238 27 15618 989 2668 28 40 19 43 4305 11 199 304 22 543 178 45 279 350 3697 83 17 65 15 753 3759
internal_value=-0.000171254 0.00791433 -0.0171813 0.00512852 0.0185138 0.0335916 -0.0270765 0.00156724 0.00781202 -0.00378946 -0.0596085 -0.115865 -0.20943 0.0201928 -0.00154478 0.000964678 -0.0301137 -0.000892278 -0.0118281 0.0124087 -0.0246312 -0.0284021 -0.0296016 0.043758 -0.00636431 -0.0524177 -0.122132 -0.00257204 0.0378789 -0.00522253
internal_weight=962.167 652.165 310.002 607.807 127.73 55.9411 184.819 480.077 221.664 258.413 9.99 4.8576 2.2753 130.613 248.423 228.364 20.0592 220.442 85.9516 29.7097 56.2419 181.195 52.2404 45.1705 5.1324 2.8733 1.72459 125.182 7.69802 117.484
internal_count=41085 20542 20543 15847 5031 3793 15976 10816 7880 2936 295 90 62 6973 2641 2326 315 2127 1138 721 417 15897 395 3724 205 122 82 4567 793 3774
is_linear=0
shrinkage=0.05


Tree=92
num_leaves=31
num_cat=0
split_feature=9 11 3 4 10 7 14 14 5 14 14 4 5 9 4 15 11 4 6 3 14 8 6 14 4 8 14 5 15 4
split_gain=48.5948 26.4676 13.4206 11.7188 10.6895 10.8667 9.03148 8.70673 9.335 8.39081 5.9941 18.7192 9.05265 8.66186 11.2914 6.38768 8.10915 6.14377 6.10887 7.19544 5.56491 5.44915 12.2455 6.90748 7.37877 5.3597 4.90192 6.67325 8.5962 4.71642
threshold=1.0000000180025095e-35 5.5000000000000009 1.0000000180025095e-35 3.5944740717404366 1.0000000180025095e-35 1.5000000000000002 5.5000000000000009 9.5000000000000018 4.5000000000000009 3.5000000000000004 7.5000000000000009 3.7622890633926835 6.5000000000000009 17.500000000000004 4.2295680751440381 4.3167701863354049 1.0000000180025095e-35 3.608884070537635 1.0000000180025095e-35 1.0000000180025095e-35 2.5000000000000004 2.5000000000000004 1.0000000180025095e-35 6.5000000000000009 3.9219331703790541 2.5000000000000004 11.500000000000002 7.5000000000000009 2.1054964539007095 4.1079885748647094
decision_type=2 2 2 2 2 2 2 2 2 2 2 2 2 2 2 2 2 2 2 2 2 2 2 2 2 2 2 2 2 2
left_child=2 4 6 -4 5 10 9 8 -6 -1 11 -2 15 14 -14 16 18 -17 -12 -20 -10 -5 -23 -24 -25 -9 27 -15 -29 -21
right_child=1 -3 3 21 7 -7 -8 25 20 -11 12 -13 13 26 -16 17 -18 -19 19 29 -22 22 23 24 -26 -27 -28 28 -30 -31
leaf_value=0.0542498630579233 -0.0094668975985063939 0.045739055757601704 -0.038164015277522841 -0.027349567886479426 -0.0085731042752161361 -0.17580813701378795 0.051416481787372625 -0.022033494681790167 -0.020920771742933025 -0.25179439490925332 0.0057857769278736653 0.02017507421644564 -0.038887419238818464 0.052133940052684513 -0.19829329485384911 0.047952469183413615 0.051233083871875945 -0.038395636948967582 0.0461371104321096 -0.018995521511127406 0.048386970135776114 -0.014646106155144079 0.056453559152157655 -0.035059108142473962 0.03344608295101708 0.013025297748756357 0.052102488824252613 -0.17463198167369337 0.050911236624521863 0.021666441241787002
leaf_weight=0.40843867138028045 90.900749620050192 42.507094461936504 60.933658008463681 54.622846662998199 10.794745732098816 0.86248638294637103 10.030030982568858 13.418415041640399 3.1210797848179928 0.49586356896907091 134.62907331064343 128.62908828351647 2.9370121005922538 1.094973028637469 1.7867408189922569 2.328772276639941 7.7369740214198819 17.849497059360147 5.1227208310738197 72.29088459443301 40.203969079069793 152.73889708518982 9.5422907611355203 7.1446613781154147 8.7382873808965069 58.119383840821683 2.1532460926100612 1.3167808894068 0.62202534824609745 7.9119253437966099
leaf_count=8 907 4695 6241 3279 69 18 822 115 27 42 989 6964 31 40 50 11 199 304 44 790 3697 9678 127 54 292 1123 83 40 42 304
internal_value=-0.000155839 0.00760397 -0.0166186 -0.0186434 0.00491942 0.00150912 0.0377719 0.0178969 0.0330287 -0.113566 0.00182952 0.00790122 -0.00334122 -0.0502 -0.0991821 -0.00146763 0.00092182 -0.0284302 -0.000847895 -0.0113147 0.0433941 -0.0135337 -0.00929793 0.0228306 0.00263024 0.00644929 -0.00559265 -0.0465422 -0.102271 -0.0149843
internal_weight=950.993 646.338 304.655 293.721 603.831 478.173 10.9343 125.658 54.1198 0.904302 477.31 219.53 257.781 9.91078 4.72375 247.87 227.692 20.1783 219.955 85.3255 43.325 232.787 178.164 25.4252 15.8829 71.5378 5.18703 3.03378 1.93881 80.2028
internal_count=41085 20542 20543 19671 15847 10816 872 5031 3793 50 10798 7871 2927 286 81 2641 2326 315 2127 1138 3724 13430 10151 473 346 1238 205 122 82 1094
is_linear=0
shrinkage=0.05


Tree=93
num_leaves=31
num_cat=0
split_feature=9 11 0 10 7 9 8 0 4 15 3 0 2 9 9 3 4 11 4 8 0 4 4 2 0 15 11 15 8 4
split_gain=44.6696 25.2414 16.6119 9.889 8.51311 7.42893 6.46534 8.55395 7.12409 6.04226 5.575 5.47782 6.08953 9.81551 8.70234 7.42852 7.3354 8.29627 5.46429 5.32922 5.31136 8.14868 5.24975 4.83057 6.85267 6.37564 12.8813 7.4801 5.47278 5.08798
threshold=1.0000000180025095e-35 5.5000000000000009 23.500000000000004 1.0000000180025095e-35 1.5000000000000002 3.5000000000000004 2.5000000000000004 28.500000000000004 4.1019328673273643 14.218667950288816 1.0000000180025095e-35 45.500000000000007 1.5000000000000002 18.500000000000004 6.5000000000000009 1.0000000180025095e-35 3.7409676809694572 1.5000000000000002 3.7216117239699007 2.5000000000000004 18.500000000000004 3.3299574648874763 3.46230032901091 2.5000000000000004 36.500000000000007 9.0109422727448507 3.5000000000000004 2.8708791208791213 2.5000000000000004 4.0067235961209002
decision_type=2 2 2 2 2 2 2 2 2 2 2 2 2 2 2 2 2 2 2 2 2 2 2 2 2 2 2 2 2 2
left_child=2 3 9 4 11 6 -5 8 -8 10 -1 12 14 15 20 -14 17 -16 19 -11 -2 -22 -17 24 25 27 28 -24 -27 -25
right_child=1 -3 -4 5 -6 -7 7 -9 -10 18 -12 -13 13 -15 16 22 -18 -19 -20 -21 21 -23 23 29 -26 26 -28 -29 -30 -31
leaf_value=0.037122155887299758 -0.027622721394899442 0.045381483878697504 -0.0019973095835292697 -0.014839730965086251 -0.14509064226701662 0.037874193319389959 0.0052833567252835827 0.03379796466766978 -0.084589786635708222 -0.053283648535628385 -0.029586564757149561 0.023926568365683073 0.03356551757348767 -0.094422507286013632 -0.0041108989825084366 -0.048969191182772438 0.038710514281376465 -0.21606357460823122 -0.036179608299833507 0.060815150001898105 0.079168659727721663 0.0031494674543312974 -0.006945901199341748 -0.010796012135297713 0.02502864456181892 -0.045303361154997356 0.027886253265654866 0.029455483291121843 -0.14588380154056246 -0.073883923785521263
leaf_weight=3.1936512114480129 13.678095094859598 40.744632837362587 122.67628510436043 20.335694270674139 0.98906054068356652 32.431637149769813 31.407483352348208 36.892846662551165 2.3714995393529525 1.2688587736338357 162.19814402796328 26.311803901102394 12.500134831294416 3.0356093216687432 2.659385258331898 6.9042189028114072 28.63861801289022 0.55867334827780712 3.8693693680688739 5.290038688108325 3.6021718457341185 164.92088841088116 154.48326935246587 9.054504379630087 20.074564864393324 2.7184327188879234 3.4878697050735354 15.531642163172362 2.6915019005537033 4.9392855018377295
leaf_count=74 161 4695 4567 243 18 2567 259 1925 37 58 15618 1622 135 116 92 47 2757 28 137 89 23 1124 2588 93 1034 23 132 654 55 114
internal_value=-0.000141664 0.00729863 -0.0161183 0.00471345 0.00144788 0.0173266 0.0100042 0.017153 -0.00102631 -0.025971 -0.0282984 0.0017525 0.000454464 -0.00509499 0.00655776 -0.00392812 0.0306678 -0.0409071 0.0109426 0.038742 0.00234228 0.00477437 -0.00605958 -0.00466857 -0.00267169 -0.00577975 -0.0470382 -0.00362047 -0.0953432 -0.0330637
internal_weight=939.46 640.964 298.496 600.219 476.78 123.439 91.0075 70.6718 33.779 175.82 165.392 475.791 449.479 235.421 214.058 232.385 31.8567 3.21806 10.4283 6.5589 182.201 168.523 219.885 212.981 198.987 178.913 8.8978 170.015 5.40993 13.9938
internal_count=41085 20542 20543 15847 10816 5031 2464 2221 296 15976 15692 10798 9176 4991 4185 4875 2877 120 284 147 1308 1147 4740 4693 4486 3452 210 3242 78 207
is_linear=0
shrinkage=0.05


Tree=94
num_leaves=31
num_cat=0
split_feature=9 11 0 0 7 14 9 4 4 8 4 4 8 4 9 9 9 4 0 14 9 6 2 15 11 4 15 15 4 0
split_gain=40.9513 24.0532 15.7114 8.79315 8.59335 8.36214 17.0218 9.09556 9.47651 10.3529 8.31884 6.71723 6.0191 5.77302 5.64244 5.54621 5.45788 9.76752 5.37806 10.0719 16.6878 13.6194 11.2261 8.5217 8.58745 8.08636 7.50858 15.7781 6.72661 5.79347
threshold=1.0000000180025095e-35 5.5000000000000009 23.500000000000004 39.500000000000007 1.5000000000000002 4.5000000000000009 6.5000000000000009 3.46230032901091 3.9525612543885855 2.5000000000000004 3.293716890073298 3.6836422721317601 3.5000000000000004 3.5071353490160768 2.5000000000000004 7.5000000000000009 9.5000000000000018 4.0273211391993682 26.500000000000004 8.5000000000000018 2.5000000000000004 1.0000000180025095e-35 1.5000000000000002 6.8337484433374849 1.0000000180025095e-35 4.0931444323516901 10.681686167123063 10.741758241758243 4.1523912776298664 29.500000000000004
decision_type=2 2 2 2 2 2 2 2 2 2 2 2 2 2 2 2 2 2 2 2 2 2 2 2 2 2 2 2 2 2
left_child=2 3 13 5 15 6 7 -2 -9 14 -7 -8 18 -1 -10 -5 -14 -18 -12 20 26 28 -22 24 -23 -25 -20 -28 -21 -24
right_child=1 -3 -4 4 -6 10 11 8 9 -11 12 -13 16 -15 -16 -17 17 -19 19 21 22 23 29 25 -26 -27 27 -29 -30 -31
leaf_value=-0.043378818479112499 -0.048322145800824029 0.045013172477270241 -0.0018992916191991273 0.039048499365287918 -0.11312091693956261 0.075842263231850504 -0.074020412919080028 0.01760302326383829 -0.086102860293715888 0.050974507466659283 -0.0095299514538233036 0.047163335782079208 0.021776652410711438 -0.02067409558214444 0.008027695912745228 0.010489901393164407 0.052024422050304435 -0.19465231372077094 0.052790336402305738 0.014693204484272679 0.042280022085215752 -0.018029448871616029 -0.10695411842795875 -0.16811411944668408 0.072232735444498528 -0.027849701038506165 -0.25899172693206335 0.031983201898742646 -0.041960493609159322 -0.02440591337394124
leaf_weight=35.253698906861246 8.4657021816819888 39.066698397044092 122.56000860547647 31.22104211198166 1.1706768739968527 3.5178414098918429 1.1829221434891213 44.459418564103544 6.1691897874698025 2.693812728393822 180.26692882971838 34.324806000571698 35.940629191230983 136.01022965367883 2.1457317369058728 37.324574161786586 0.7952528093010176 0.8100804453715682 27.466544534545395 74.48440913297236 5.6396498223766711 71.284709364175797 2.7476252932101479 1.7976259719580401 2.7362188496626905 2.3985955053940415 0.60829240269958917 1.9901192821562288 5.6358160944655529 9.3875323962420207
leaf_count=4116 80 4695 4567 2469 22 23 60 622 69 206 1336 4048 630 11860 24 2304 24 37 1405 562 349 827 35 14 116 95 6 97 100 287
internal_value=-0.00013002 0.00700463 -0.0155669 0.00451602 0.0212036 0.00230822 0.0153679 -4.85587e-05 0.00731909 -0.0342132 -0.00072956 0.0431262 -0.00136488 -0.0253477 -0.0618117 0.0234977 0.0177477 -0.0724532 -0.00322181 0.00229359 0.0223985 -0.00378087 -0.0160079 -0.0186223 -0.0146929 -0.0879378 0.0451049 -0.0361345 0.0107081 -0.0430964
internal_weight=929.556 635.732 293.824 596.666 69.7163 526.949 99.4416 63.9339 55.4682 11.0087 427.508 35.5077 423.99 171.264 8.31492 68.5456 37.546 1.60533 386.444 206.177 47.8398 158.337 17.7748 78.2171 74.0209 4.19622 30.065 2.59841 80.1202 12.1352
internal_count=41085 20542 20543 15847 4795 11052 5109 1001 921 299 5943 4108 5920 15976 93 4773 691 61 5229 3893 2179 1714 671 1052 943 109 1508 103 662 322
is_linear=0
shrinkage=0.05


Tree=95
num_leaves=31
num_cat=0
split_feature=0 0 14 8 15 14 0 0 4 15 0 0 15 8 4 8 2 14 0 8 4 10 4 0 14 10 10 0 8 14
split_gain=34.0802 24.2215 20.0756 11.8638 10.8896 10.3519 9.35443 8.54993 9.94347 8.35773 7.09637 6.55986 5.86387 8.83717 5.78825 5.53184 17.9386 13.6807 9.20242 7.50036 5.91181 6.96609 5.69081 5.63799 6.06741 5.41923 5.34458 10.7749 5.19661 5.07601
threshold=39.500000000000007 18.500000000000004 6.5000000000000009 3.5000000000000004 10.741758241758243 16.500000000000004 28.500000000000004 26.500000000000004 3.7550080417885447 7.672684458398745 27.500000000000004 24.500000000000004 5.9114735002912058 5.5000000000000009 3.7622890633926835 2.5000000000000004 1.5000000000000002 5.5000000000000009 23.500000000000004 6.5000000000000009 3.969059079770028 1.0000000180025095e-35 3.9861879650463048 22.500000000000004 4.5000000000000009 1.0000000180025095e-35 1.0000000180025095e-35 16.500000000000004 4.5000000000000009 2.5000000000000004
decision_type=2 2 2 2 2 2 2 2 2 2 2 2 2 2 2 2 2 2 2 2 2 2 2 2 2 2 2 2 2 2
left_child=1 26 15 4 10 7 9 8 -6 28 -4 -10 25 -14 -12 16 17 -3 23 -20 21 -18 -22 24 -17 -2 -1 -28 -5 -27
right_child=12 2 3 6 5 -7 -8 -9 11 -11 14 -13 13 -15 -16 18 20 -19 19 -21 22 -23 -24 -25 -26 29 27 -29 -30 -31
leaf_value=-0.035752545261740029 0.0064650248357833416 0.050965657545991409 -0.016223838935183848 0.034102759639443932 0.041487754518130519 -0.071708458099547415 0.045192656210063423 0.056541746712776592 -0.055707059551613258 -0.052235958795890318 0.021350657264234907 0.019917757415422652 0.044343097451773672 -0.13737637794025709 -0.0066216663653764149 -0.026843611355980929 -0.0040887555489144281 -0.088672466353049192 0.039361511734633793 -0.14346062471990723 -0.091560863278999399 0.054565532855825431 -0.018655809753439258 -0.027403270386973655 0.025073894398730881 -0.11027079544549526 0.18063595654653955 -0.020033838105217028 -0.01300755115153078 0.041632804484082075
leaf_weight=65.167676290497184 41.783519675489515 24.187977744266394 266.09002479864284 13.258138681761926 10.324953200295569 3.0461014546453944 18.405798284336925 13.024413698352872 7.1787521820515376 6.1180675523355594 20.925233927555382 4.7747772466391325 39.813673400785774 0.68047186220064659 159.17272665072232 7.0250825276598325 58.96914773248136 1.8911926238797594 44.881694100331515 0.568103545345365 3.1524844383820918 5.5374371195211998 17.735291199758649 10.233352696057407 28.287277997471392 0.56510333623737352 0.86172982677817289 2.9900712138041854 10.481335714459417 20.515040292404592
leaf_count=6853 2091 3184 10754 331 75 30 474 586 138 64 209 43 5458 29 2872 89 1841 49 2453 24 70 76 657 81 314 7 25 134 243 1794
internal_value=-0.000576147 -0.00404933 -0.00139089 -0.00648395 -0.0088387 0.0167292 0.0171564 0.02436 0.00554593 -0.000126619 -0.0110362 -0.0254991 0.0264508 0.0412894 -0.00337162 0.0120116 0.0045445 0.0408395 0.021159 0.0370763 -0.00653987 0.000946303 -0.029659 0.00527528 0.0147454 0.0168924 -0.0323699 0.0248603 0.0133028 0.0375607
internal_weight=907.647 804.289 735.269 532.8 484.537 38.349 48.2633 35.3029 22.2785 29.8575 446.188 11.9535 103.358 40.4941 180.098 202.469 111.474 26.0792 90.9955 45.4498 85.3944 64.5066 20.8878 45.5457 35.3124 62.8637 69.0195 3.8518 23.7395 21.0801
internal_count=41048 31669 24657 15819 14707 872 1112 842 256 638 13835 181 9379 5487 3081 8838 5877 3233 2961 2477 2644 1917 727 484 403 3892 7012 159 574 1801
is_linear=0
shrinkage=0.05


Tree=96
num_leaves=31
num_cat=0
split_feature=0 0 14 8 15 14 0 6 0 4 15 15 0 11 0 4 10 14 4 8 10 5 8 14 4 0 14 5 14 6
split_gain=31.5346 22.6644 18.3354 10.8028 9.91495 9.45996 8.68843 8.21 8.08586 9.1405 7.66047 6.73329 6.66356 6.50294 5.9047 5.32131 4.99911 9.6915 13.6347 4.70147 4.48396 5.99839 5.77617 4.55527 4.27448 4.97138 4.08559 6.87477 5.38103 5.3092
threshold=39.500000000000007 18.500000000000004 6.5000000000000009 3.5000000000000004 10.741758241758243 16.500000000000004 28.500000000000004 1.5000000000000002 26.500000000000004 3.7216117239699007 7.672684458398745 8.3103130755064463 27.500000000000004 5.5000000000000009 24.500000000000004 3.7622890633926835 1.0000000180025095e-35 5.5000000000000009 3.6163485660751649 4.5000000000000009 1.0000000180025095e-35 13.500000000000002 7.5000000000000009 2.5000000000000004 3.882046967961911 28.500000000000004 8.5000000000000018 6.5000000000000009 7.5000000000000009 1.0000000180025095e-35
decision_type=2 2 2 2 2 2 2 2 2 2 2 2 2 2 2 2 2 2 2 2 2 2 2 2 2 2 2 2 2 2
left_child=1 16 7 4 11 8 10 24 9 -6 19 12 -4 20 -11 -14 -1 18 -18 -5 21 -2 23 -22 25 -3 27 -17 -29 -28
right_child=13 2 3 6 5 -7 -8 -9 -10 14 -12 -13 15 -15 -16 26 17 -19 -20 -21 22 -23 -24 -25 -26 -27 29 28 -30 -31
leaf_value=-0.035109027126222221 0.010738811184449052 0.005035386838113629 -0.014628320694219385 0.032474806737749815 0.044304018147812943 -0.068704584797953216 0.043894567728606844 -0.035107179885415056 0.055467340380461874 -0.051085701694421996 -0.050530358131389723 -0.047843951071454421 0.021948295975878433 0.045406316456500312 0.016367547152564017 0.027596982318123922 -0.013058347899581255 -0.050914131152767599 0.2624507794776258 -0.012407344613252378 -0.098783693941478221 -0.12562225590985474 -0.16585608052328504 0.040880463040518102 0.023157137535339767 0.046206221778044509 0.0011047292607117931 -0.0045380858321069674 -0.20692983404091336 -0.018622767485188537
leaf_weight=63.097045241389424 45.140172325074673 108.86189460009336 257.78100332384929 13.22745470795781 8.9423046130687016 3.0209765937179318 18.012777367141098 8.9951742575503868 12.623155972454695 7.327210524119435 6.011121009476482 11.773802502080796 20.511234191246331 29.797088012099266 5.8225095327943563 15.418217353988441 1.0286785513162606 2.0648648981004953 0.79700082540512074 10.440037126652895 0.59834780730307713 0.82115181256085534 0.35424159374087949 24.0570248356089 74.192960290238261 7.8617745777592054 73.824770911596715 0.77530487347394117 0.56975700613111258 63.390748838428408
leaf_count=6853 2495 2825 10434 331 64 30 474 99 586 143 64 434 207 4521 49 624 24 98 37 243 7 24 6 2326 5671 243 1116 37 16 967
internal_value=-0.000549453 -0.003884 -0.00132776 -0.00619895 -0.00844599 0.0161591 0.0165008 0.0115737 0.0235441 0.00530348 -0.000125282 -0.010537 -0.00952086 0.0258036 -0.0212184 -0.00197541 -0.0317173 0.0232898 0.107215 0.0126767 0.0175734 0.00830256 0.0346108 0.037491 0.0137731 0.0078084 -0.00516225 0.0181395 -0.0902695 -0.00800897
internal_weight=897.14 796.372 729.384 529.472 481.781 37.7362 47.6914 199.912 34.7152 22.092 29.6786 444.045 432.271 100.768 13.1497 174.49 66.9876 3.89054 1.82568 23.6675 70.9709 45.9613 25.0096 24.6554 190.917 116.724 153.979 16.7633 1.34506 137.216
internal_count=41048 31669 24657 15819 14707 872 1112 8838 842 256 638 13835 13401 9379 192 2967 7012 159 61 574 4858 2519 2339 2333 8739 3068 2760 677 53 2083
is_linear=0
shrinkage=0.05


Tree=97
num_leaves=31
num_cat=0
split_feature=9 11 0 14 4 7 2 14 14 9 8 9 4 4 0 12 4 8 4 3 8 11 4 14 4 4 4 14 10 4
split_gain=30.038 18.2461 14.4746 10.8037 12.4918 10.7643 10.4862 10.3957 9.31098 9.94911 7.13446 6.12798 5.33224 5.7522 5.21518 4.75863 4.5315 4.4114 4.76758 4.20914 4.29944 5.37013 10.3842 6.5217 5.16578 5.04463 4.62313 8.14557 4.49211 4.31133
threshold=1.0000000180025095e-35 5.5000000000000009 20.500000000000004 7.5000000000000009 3.8556271184800082 1.5000000000000002 1.5000000000000002 4.5000000000000009 2.5000000000000004 1.5000000000000002 5.5000000000000009 18.500000000000004 3.8455070432369087 3.7622890633926835 21.500000000000004 1.0000000180025095e-35 3.5840980449955624 3.5000000000000004 3.6424896731661272 1.0000000180025095e-35 3.5000000000000004 2.5000000000000004 4.0484281352293268 18.500000000000004 4.0018762822906977 3.647091011626145 4.1293760432004829 14.500000000000002 1.0000000180025095e-35 3.788832339775448
decision_type=2 2 2 2 2 2 2 2 2 2 2 2 2 2 2 2 2 2 2 2 2 2 2 2 2 2 2 2 2 2
left_child=2 3 16 4 10 8 19 -8 9 -6 12 -11 13 17 -3 -10 -1 -2 -19 -4 21 23 24 26 25 -23 -21 -28 29 -22
right_child=1 14 6 -5 5 -7 7 -9 15 11 -12 -13 -14 -15 -16 -17 -18 18 -20 20 28 22 -24 -25 -26 -27 27 -29 -30 -31
leaf_value=-0.042855685042485533 -0.0039523713101017694 -0.12284769297613288 0.052122925370429576 -0.0023420744479741205 -0.067603233505582158 -0.27159266109450531 -0.013755435872337421 0.030030257165762748 -0.12787183404100361 0.039950422095136273 -0.11686951296738207 -0.14036387386286955 -0.040342127179060369 0.024702126356405438 0.04327368085226585 0.030400176259853629 -0.020526461048389108 0.0023434928443925545 0.087130595555846596 -0.029729753258225446 -0.021131531052382677 0.05592101574468189 -0.060363079148236271 0.010407236254749805 0.089206342629604252 -0.01884733096413941 0.11562918538560772 -0.051230512645365323 -0.038886184353471659 0.047413827724365698
leaf_weight=40.304884527809918 90.539487264119089 0.47908350359648366 2.3786981655284754 328.03395970538259 5.3657683506607992 0.30738426465541024 23.017057942226529 32.97913827560842 0.47719883546233077 5.749099868349731 1.2669921629130829 0.51325753796845663 6.9317496484145513 27.948643432930112 34.133613494224846 99.143647108227015 52.081965217366815 3.9695333093404761 2.8471717033535242 83.188927036710083 3.2916084639728052 3.9472019076347369 4.102339766919612 13.023377347737549 2.9505803659558287 5.2652665674686432 1.4987801043316715 1.4285298530012367 3.4452993441373101 7.5691260099411011
leaf_count=5259 1039 4 67 4940 34 9 868 1259 3 290 11 15 123 912 4720 8257 5941 30 35 6293 206 20 44 201 20 64 78 62 44 200
internal_value=-0.00052599 0.00572075 -0.0140609 0.00359156 0.0115343 0.0238837 -0.00610018 0.0120323 0.0247001 -0.0176389 0.00121502 0.025172 0.00234642 0.00470791 0.0409744 0.029642 -0.0302679 -0.00103196 0.037757 -0.013787 -0.0149957 -0.0182007 0.00842746 -0.0225695 0.0316291 0.0131881 -0.0275566 0.0342015 0.0108591 0.0266395
internal_weight=888.179 607.707 280.473 573.094 245.06 111.556 188.086 55.9962 111.249 11.6281 133.504 6.26236 132.237 125.305 34.6127 99.6208 92.3868 97.3562 6.81671 132.09 129.711 115.405 16.2654 99.1396 12.163 9.21247 86.1162 2.92731 14.306 10.8607
internal_count=41048 20422 20626 15698 10758 8608 9426 2127 8599 339 2150 305 2139 2016 4724 8260 11200 1104 65 7299 7232 6782 148 6634 104 84 6433 140 450 406
is_linear=0
shrinkage=0.05


Tree=98
num_leaves=31
num_cat=0
split_feature=9 11 0 2 10 8 9 0 8 0 4 4 9 0 0 3 8 11 4 0 4 4 4 4 10 4 4 8 4 4
split_gain=27.6492 17.323 13.5753 9.65145 7.05756 6.78744 6.71036 4.75594 4.63049 6.76362 8.87426 4.47399 4.41845 5.05176 3.94735 3.94576 3.97755 4.96582 9.63468 5.12373 5.00031 4.6654 4.43946 4.67367 4.06036 3.76997 8.13153 4.29039 3.67621 3.64332
threshold=1.0000000180025095e-35 5.5000000000000009 20.500000000000004 1.5000000000000002 1.0000000180025095e-35 2.5000000000000004 3.5000000000000004 21.500000000000004 2.5000000000000004 28.500000000000004 3.882046967961911 3.5840980449955624 12.500000000000002 39.500000000000007 23.500000000000004 1.0000000180025095e-35 3.5000000000000004 2.5000000000000004 4.0484281352293268 30.500000000000004 3.9264220126588913 3.9021748142117278 4.0018762822906977 3.647091011626145 1.0000000180025095e-35 3.788832339775448 3.8634651896016474 5.5000000000000009 3.8936885934434464 3.9021748142117278
decision_type=2 2 2 2 2 2 2 2 2 2 2 2 2 2 2 2 2 2 2 2 2 2 2 2 2 2 2 2 2 2
left_child=2 4 11 15 -2 -5 8 -3 29 10 14 -1 -8 -14 -10 -4 17 19 22 21 -21 -17 23 -19 25 -18 27 -27 -25 -6
right_child=1 7 3 5 6 -7 12 -9 9 -11 -12 -13 13 -15 -16 16 24 18 -20 20 -22 -23 -24 28 -26 26 -28 -29 -30 -31
leaf_value=-0.042421317178777507 0.00060353588385988165 -0.11412330510938853 0.052015635841115675 -0.0072001782072403583 0.0086536158450540614 0.027932270248346665 0.043622720127741273 0.042868239224532478 -0.0015380356936703981 0.029211574864400465 -0.030661411673822799 -0.019887607521936645 -0.17175002231013559 0.0067549184594931401 0.044577049414318254 -0.035507926663768868 -0.020490668658722615 0.054574146399788227 -0.059796103861173538 0.047311229269686693 -0.017030773550192144 -0.011178490521386326 0.082770296547237707 -0.061730467516361909 -0.037756920459388166 0.05184380299728425 0.013635070046312123 0.19838172373536261 0.022324210624320995 -0.033535390147431308
leaf_weight=38.721969514153898 453.00648339325562 0.48962670844048162 2.2672369536012402 25.705786403734237 9.8795776031911391 29.552734160330147 24.18791721761227 32.768307143356651 9.5027910657227057 35.158538554795086 15.067985987290738 51.092862228862941 0.44854326173663084 3.4064441351220012 9.0691346246749145 52.746386015787721 3.2265119813382608 3.8449961543083209 3.9383278843015423 4.8856385424733144 7.905782476067543 31.455217712558806 3.0191300064325324 2.5058577880263329 3.3727957829833022 0.93128133378922973 5.7705483986064792 1.0773485256358979 2.70503319054842 10.615977374371139
leaf_count=5259 10703 4 67 912 53 1215 2220 4720 69 1929 156 5941 27 280 64 4436 206 20 44 66 123 2009 20 39 44 37 147 16 25 197
internal_value=-0.000505237 0.00547967 -0.0136547 -0.00590852 0.00343424 0.011589 0.0143628 0.040557 0.00766203 0.0138766 -0.0021506 -0.0296026 0.0356994 -0.0140148 0.0209811 -0.0133661 -0.0145297 -0.0176813 0.00811417 -0.0219401 0.00754443 -0.0264192 0.0302634 0.0127583 0.0102396 0.0249485 0.043795 0.130441 -0.0180967 -0.0131988
internal_weight=878.327 603.601 274.725 184.911 570.343 55.2585 117.337 33.2579 89.294 68.7985 33.6399 89.8148 28.0429 3.85499 18.5719 129.652 127.385 113.006 16.0133 96.993 12.7914 84.2016 12.075 9.05589 14.3785 11.0057 7.77918 2.00863 5.21089 20.4956
internal_count=41048 20422 20626 9426 15698 2127 4995 4724 2468 2218 289 11200 2527 307 133 7299 7232 6782 148 6634 189 6445 104 84 450 406 200 53 64 250
is_linear=0
shrinkage=0.05


Tree=99
num_leaves=31
num_cat=0
split_feature=9 4 3 6 14 4 11 14 4 6 14 14 4 14 8 14 7 4 9 9 14 5 14 14 4 8 11 8 14 4
split_gain=25.4191 16.4969 12.1024 8.70762 12.6138 8.44188 6.9289 6.55653 8.30431 10.3927 7.1042 6.2867 6.83949 5.89404 5.85821 5.48187 4.83596 16.9618 10.9184 13.5943 6.589 4.50988 4.42473 4.07155 3.68135 3.53044 5.05715 4.02958 12.0062 4.01665
threshold=1.0000000180025095e-35 4.2498354775033391 1.0000000180025095e-35 1.0000000180025095e-35 4.5000000000000009 3.788832339775448 2.5000000000000004 7.5000000000000009 3.7622890633926835 1.5000000000000002 3.5000000000000004 6.5000000000000009 3.8868634103185031 6.5000000000000009 2.5000000000000004 15.500000000000002 1.0000000180025095e-35 4.7814094910137923 5.5000000000000009 8.5000000000000018 7.5000000000000009 4.5000000000000009 11.500000000000002 5.5000000000000009 3.7216117239699007 3.5000000000000004 1.5000000000000002 4.5000000000000009 10.500000000000002 3.8136606896881857
decision_type=2 2 2 2 2 2 2 2 2 2 2 2 2 2 2 2 2 2 2 2 2 2 2 2 2 2 2 2 2 2
left_child=2 7 23 5 14 6 15 8 -2 -10 -11 -6 -13 -3 21 -4 -15 18 -18 -20 -21 -5 -14 -1 -8 -9 27 29 -29 -27
right_child=1 13 3 4 11 -7 24 25 9 10 -12 12 22 16 -16 -17 17 -19 19 20 -22 -23 -24 -25 -26 26 -28 28 -30 -31
leaf_value=-0.060997392270774664 -0.0017990092896446514 0.048456697165721374 -0.035751160453522897 -0.035902524272241568 0.059606178717993646 -0.0094122074069025209 0.031354938183982911 -0.0034569687821433617 0.021653784225356257 -0.052183059208469211 0.052976485669496448 -0.029090765794962965 0.05693469125894951 0.029847014775110026 0.06520984856499383 0.02577753507381475 0.02194410267601922 0.050349706479679283 -0.47136954052527991 -0.28188391794836037 -0.069961825589093404 0.01788438669878599 -0.01054540232917976 0.05140456376657257 -0.05908970298875308 0.088578030569644209 -0.043704516503570441 -0.09740751612528592 0.037610552624629097 0.025380550564168037
leaf_weight=0.88559080753475328 98.494755445513874 26.374748141504824 95.119680187199265 22.627571115270264 9.3911261018365639 96.326217983383685 6.435350506566464 296.52167517552152 118.28387449402362 8.0683541465550643 2.0051882164552799 7.0869254115968969 7.1699836617335659 19.011770960409198 1.8537738472223271 3.7632611580193034 1.498557498678563 4.7606542222201824 0.28699018433690104 0.44694082438945804 2.0450449148193002 4.7080731419846407 3.6740914825350046 8.92643373319879 1.363440867513418 3.5901521593332353 2.9947292637079945 2.318053135648368 5.6833125753328204 8.389503142796455
leaf_count=49 1120 4154 11762 1500 128 5598 128 3823 7477 62 69 54 187 2275 10 104 105 773 23 34 118 93 130 835 48 51 62 20 82 174
internal_value=-0.000485544 0.00523652 -0.0132492 -0.0153101 0.00204878 -0.0201424 -0.0298309 0.00262148 0.00912179 0.0175018 -0.0312505 0.026465 0.0091078 0.0314879 -0.0208055 -0.0334095 0.0155326 -0.0145778 -0.0868385 -0.145499 -0.10797 -0.0266387 0.0340717 0.0412597 0.0155428 -0.00199392 0.0168879 0.0259694 -0.00150515 0.04432
internal_weight=870.106 600.774 269.332 259.519 56.5115 203.008 106.682 546.35 226.852 128.357 10.0735 27.3221 17.931 54.4247 29.1894 98.8829 28.05 9.03819 4.27753 2.77898 2.49199 27.3356 10.8441 9.81202 7.79879 319.497 22.9758 19.981 8.00137 11.9797
internal_count=41048 20422 20626 19742 2102 17640 12042 12940 8728 7608 131 499 371 7482 1603 11866 3328 1053 280 175 152 1593 317 884 176 4212 389 327 102 225
is_linear=0
shrinkage=0.05


Tree=100
num_leaves=31
num_cat=0
split_feature=11 5 14 7 4 14 4 15 15 14 15 14 6 3 4 8 11 15 15 2 14 4 13 2 4 8 4 8 4 14
split_gain=19.7989 11.0245 13.186 11.1421 9.2951 11.5043 9.28077 6.78787 12.6898 9.61317 8.51599 6.49809 6.02996 5.1988 4.85323 4.88905 4.89911 8.93575 8.89984 4.83174 4.6222 5.17047 4.52171 7.01862 14.8783 4.43378 4.31027 4.10376 3.98526 3.95106
threshold=5.5000000000000009 3.5000000000000004 4.5000000000000009 1.5000000000000002 4.1131893947952252 13.500000000000002 4.1523912776298664 7.672684458398745 2.4540800963565199 5.5000000000000009 12.77832756061356 2.5000000000000004 1.0000000180025095e-35 1.0000000180025095e-35 4.1171236652383758 5.5000000000000009 2.5000000000000004 16.532179345350432 3.7268518518518521 2.5000000000000004 10.500000000000002 3.7952067930466749 1.0000000180025095e-35 2.5000000000000004 4.1923759468600208 3.5000000000000004 4.0114570089332817 2.5000000000000004 3.7486617319453353 9.5000000000000018
decision_type=2 2 2 2 2 2 2 2 2 2 2 2 2 2 2 2 2 2 2 2 2 2 2 2 2 2 2 2 2 2
left_child=1 2 -1 4 7 22 -7 8 13 11 28 -9 -2 -3 15 16 18 -18 -4 25 21 -17 -6 24 -24 29 -21 -8 -11 -15
right_child=12 3 14 -5 5 6 27 9 -10 10 -12 -13 -14 19 -16 20 17 -19 -20 26 -22 -23 23 -25 -26 -27 -28 -29 -30 -31
leaf_value=-0.048769541366329688 -0.0042852191872774434 0.026941422576035275 -0.0061125943815744542 -0.12912444794607955 0.033332682266684607 0.045305870580045135 -0.089537358328171557 -0.061320180477692866 0.03489944566909816 -0.14185746274970612 0.018922147827621336 0.035824037007663741 0.045006575437390561 0.0027876795153269724 -0.04560169976303069 -0.061305927612194992 0.031603752768478509 -0.047063629656411289 -0.05246492859291834 -0.010600827796037776 0.079241404249237368 0.050701749871151884 0.051672850565481487 0.027525208805365589 -0.20774361270521868 0.02165546167800754 -0.068246625800767055 -0.020977459923769232 -0.052969665286635985 -0.0086825160904001036
leaf_weight=19.239399837795645 7.7501159552484742 16.88986149430275 250.45421803090721 1.5859418381005514 58.693838948849589 5.1029190253466394 2.6052095564082292 2.1657002642750767 27.769759732764214 1.389982489869001 4.2570396908558896 8.3917589117772859 31.110480262432247 190.27294667810202 7.5658567938953629 1.8850547438487399 18.341161234304312 4.4943311084061852 10.802345131523905 9.8889557616785151 3.2891610548831522 2.2723178109154105 1.0651910174638026 4.1033717901445925 1.148816962726414 21.649526464287192 4.8248501531779757 13.456301735248415 13.58818843308836 124.00948308128864
leaf_count=2454 453 353 13390 24 5561 92 39 110 1726 15 83 698 4796 6217 166 69 202 115 668 119 27 52 54 266 42 505 80 358 339 1832
internal_value=0.000293153 -0.0013377 -0.00864653 0.00319905 0.00360951 0.018583 -0.0134353 0.000574098 0.00230862 -0.0224405 -0.0434822 0.0158964 0.0351761 -0.000153829 -0.00606568 -0.00503966 -0.00608795 0.016121 -0.00802915 -0.00145895 0.0349536 -8.52799e-05 0.0290066 -0.0111869 -0.0829346 -0.000230594 -0.0295036 -0.032098 -0.0612185 -0.00173823
internal_weight=870.064 831.203 318.344 512.86 511.274 86.1756 21.1644 425.098 395.305 29.7927 19.2352 10.5575 38.8606 367.536 299.104 291.539 284.092 22.8355 261.257 350.646 7.44653 4.15737 65.0112 6.31738 2.21401 335.932 14.7138 16.0615 14.9782 314.282
internal_count=40905 35656 17143 18513 18489 6412 489 12077 10832 1245 437 808 5249 9106 14689 14523 14375 317 14058 8753 148 121 5923 362 96 8554 199 397 354 8049
is_linear=0
shrinkage=0.05


Tree=101
num_leaves=31
num_cat=0
split_feature=9 0 0 8 14 0 10 4 8 14 6 14 9 13 0 8 15 14 4 9 0 9 9 2 8 9 9 7 9 4
split_gain=31.894 13.5108 10.6569 7.00643 7.57791 8.81254 6.16195 5.79697 5.60668 5.713 8.05117 9.52467 7.95612 12.8828 8.80526 13.5376 7.4248 6.97746 13.8014 8.72359 6.7071 8.74294 8.46106 5.41203 5.30629 5.30548 11.549 6.4107 10.6408 8.31997
threshold=1.0000000180025095e-35 39.500000000000007 20.500000000000004 2.5000000000000004 6.5000000000000009 30.500000000000004 1.0000000180025095e-35 3.9021748142117278 6.5000000000000009 7.5000000000000009 1.0000000180025095e-35 16.500000000000004 6.5000000000000009 1.0000000180025095e-35 24.500000000000004 2.5000000000000004 2.6491228070175441 3.5000000000000004 3.9525612543885855 3.5000000000000004 33.500000000000007 5.5000000000000009 7.5000000000000009 2.5000000000000004 5.5000000000000009 21.500000000000004 14.500000000000002 1.0000000180025095e-35 5.5000000000000009 4.7814094910137923
decision_type=2 2 2 2 2 2 2 2 2 2 2 2 2 2 2 2 2 2 2 2 2 2 2 2 2 2 2 2 2 2
left_child=2 8 -1 -4 -5 7 25 24 9 12 -11 20 14 -14 -2 17 -15 18 -16 -19 21 -12 -22 -24 -6 26 27 -3 -29 -30
right_child=1 6 3 4 5 -7 -8 -9 -10 10 11 -13 13 16 15 -17 -18 19 -20 -21 22 -23 23 -25 -26 -27 -28 28 29 -31
leaf_value=-0.029078503039739662 -0.0032658811385127963 0.037504680087012431 -0.02633461243400469 0.038820838636790034 -0.024871138779469264 0.021310122099515806 0.043054356428294735 0.0023625952962855494 -0.073918672286543405 0.005653691010296738 -0.0094862764680445077 -0.052783597426248732 0.03838953656749991 -0.098893219679638641 0.011525418932352753 0.040271984835729357 0.052127537691354947 0.048840181561327425 -0.077515307954897389 -0.069489430901065366 0.038813183082464578 -0.11131781355953674 0.0027528789178658288 -0.12620105138103885 0.0503442258902706 0.035652413510397281 -0.040628809905007106 0.037943859953485343 -0.15087027607764092 0.050277164126057906
leaf_weight=83.591331752948463 109.38125129882246 17.653586437460039 38.206108927726746 10.439002974890171 58.16912319464609 24.705016704276204 30.611990629229695 41.810355031397194 2.3238926972262552 191.57356339227408 77.727466663345695 12.303509233053772 38.481817782390863 2.8599419174715872 10.726537380367523 36.226676932070404 1.1375909401103852 8.4137911093421263 7.3230718802660695 1.911416302435099 14.1882485980168 2.1665711235254994 2.0199176436290136 1.3624367355369034 2.4433611016720524 19.608386284671724 10.491242949850855 3.2345739197917274 1.9343871781602504 0.70015540858730663
leaf_count=11137 904 1209 1873 255 4061 1022 4202 2109 44 1517 826 79 4706 39 81 2189 34 215 57 39 713 15 79 36 70 2378 509 297 79 131
internal_value=0.000284996 0.00657923 -0.0143816 -0.00739231 -0.00213151 -0.00549427 0.0251561 -0.0119597 0.00357073 0.0039185 -0.000532741 -0.0113297 0.0101152 0.0295148 0.00537858 0.0200151 -0.0559168 -0.00584724 -0.0246001 0.0269348 -0.00609669 -0.0122477 0.0218724 -0.0491907 -0.0218391 0.0149383 0.00299694 0.0224542 -0.0228156 -0.0974134
internal_weight=863.726 604.362 259.364 175.773 137.567 127.128 84.2343 102.423 520.128 517.804 301.342 109.768 216.462 42.4794 173.983 64.6015 3.99753 28.3748 18.0496 10.3252 97.4646 79.894 17.5706 3.38235 60.6125 53.6223 34.0139 23.5227 5.86912 2.63454
internal_count=40905 20378 20527 9390 7517 7262 8805 6240 11573 11529 3265 1748 8264 4779 3485 2581 73 392 138 254 1669 841 828 115 4131 4603 2225 1716 507 210
is_linear=0
shrinkage=0.05


Tree=102
num_leaves=31
num_cat=0
split_feature=9 11 10 0 14 3 14 0 14 4 4 4 6 5 9 0 4 9 0 9 0 2 13 9 9 0 0 4 14 4
split_gain=29.2393 13.713 10.5249 10.0571 7.75197 5.69112 9.04073 5.51221 5.06869 10.3106 7.55154 4.74753 8.2139 4.942 8.405 8.05511 5.84466 5.08736 5.06583 9.85943 4.21794 4.43944 5.19993 7.44853 5.50498 10.5577 7.64012 8.15765 6.6385 7.93194
threshold=1.0000000180025095e-35 5.5000000000000009 1.0000000180025095e-35 20.500000000000004 11.500000000000002 1.0000000180025095e-35 4.5000000000000009 20.500000000000004 7.5000000000000009 4.0167113863760386 4.0323172913475043 4.0323172913475043 1.0000000180025095e-35 6.5000000000000009 17.500000000000004 36.500000000000007 4.2737066026336752 11.500000000000002 54.500000000000007 22.500000000000004 16.500000000000004 2.5000000000000004 1.0000000180025095e-35 6.5000000000000009 3.5000000000000004 20.500000000000004 24.500000000000004 3.8443087154995537 3.5000000000000004 3.9525612543885855
decision_type=2 2 2 2 2 2 2 2 2 2 2 2 2 2 2 2 2 2 2 2 2 2 2 2 2 2 2 2 2 2
left_child=3 2 8 -1 7 6 -5 -4 10 -10 20 12 -11 15 16 -13 -15 -18 19 -16 -2 22 23 24 26 -26 27 -22 29 -28
right_child=1 -3 4 5 -6 -7 -8 -9 9 11 -12 13 -14 14 18 -17 17 -19 -20 -21 21 -23 -24 -25 25 -27 28 -29 -30 -31
leaf_value=-0.028398124096516864 -0.054322847369146998 0.039819381948427428 -0.021074284732940058 -0.18993281504414034 0.0043015739910658548 -0.0089664227855177914 0.050829320565071036 0.03497372437585114 0.0019861707792613453 -0.0043482062892108968 0.026830710240542534 -0.023452511447731025 -0.10648666963838699 -0.036548372940153159 0.0530606349620934 0.025341208856225962 -0.076479671957407735 -0.21229376621764701 0.051383427569803332 -0.18315797762533914 0.003517389372061783 -0.029661807262348322 -0.11531707626488097 0.035437117615974921 0.044058958460409442 -0.060261891758296542 0.019638004038534131 -0.040992514738109498 0.044173982918929218 -0.070295798729628975
leaf_weight=81.3714634985663 3.2126319073140612 29.05962587101385 4.7637744583189479 0.41409469209611316 52.891868300270289 166.86719123600051 6.6767998221330345 55.431390579324216 193.40974877867848 3.7379419431090346 39.059397471137345 27.927988802082837 4.1579485358670354 2.6322466507554036 0.9241101676598189 12.13289276557043 1.4598271176218989 1.306702487170696 2.4259956940077245 0.84626043401658535 77.340937756001949 9.494123822078107 0.88460144400596519 19.147876385133713 3.3978257980197659 8.4737512711435539 10.724097231402991 11.874726744368671 19.758897989988327 3.1783708818256846
leaf_count=11137 41 4644 26 18 739 8555 817 4239 1496 33 3996 413 51 34 24 661 21 25 138 33 524 120 16 1960 104 123 213 75 580 49
internal_value=0.000281168 0.00631473 0.00460839 -0.013889 0.0182671 -0.00710214 0.0367693 0.0305382 0.00123224 -0.00354221 0.00703336 -0.022121 -0.058134 -0.0163945 -0.0486252 -0.00867478 -0.0898826 -0.140628 0.00445397 -0.059855 0.00241648 0.00352609 0.00556181 0.00625662 0.00211005 -0.0304037 0.00525132 -0.00240694 0.0255487 -0.000922588
internal_weight=854.985 599.656 570.596 255.33 113.087 173.958 7.09089 60.1952 457.509 250.962 206.547 57.5519 7.89589 49.656 9.59514 40.0609 5.39878 2.76653 4.19637 1.77037 167.488 164.275 154.781 153.896 134.749 11.8716 122.877 89.2157 33.6614 13.9025
internal_count=40905 20378 15734 20527 5004 9390 835 4265 10730 2929 7801 1433 84 1349 275 1074 80 46 195 57 3805 3764 3644 3628 1668 227 1441 599 842 262
is_linear=0
shrinkage=0.05


Tree=103
num_leaves=31
num_cat=0
split_feature=9 11 10 0 5 8 0 4 7 15 9 5 15 15 5 5 4 2 0 9 0 0 9 9 4 0 0 4 4 0
split_gain=26.7256 12.9759 9.65616 9.51575 7.60637 6.48491 6.13065 5.4415 5.212 4.8699 9.01379 10.8917 6.32172 5.53835 5.58999 7.03253 4.90711 6.32941 9.11351 6.26572 7.88828 4.68337 4.65524 4.6317 4.28851 7.50265 6.52534 4.11943 3.94414 3.85155
threshold=1.0000000180025095e-35 5.5000000000000009 1.0000000180025095e-35 20.500000000000004 4.5000000000000009 2.5000000000000004 30.500000000000004 4.0965037564256042 1.5000000000000002 7.672684458398745 4.5000000000000009 8.5000000000000018 9.3969872975397859 2.9631255487269539 4.5000000000000009 8.5000000000000018 4.167960672279321 1.5000000000000002 50.500000000000007 14.500000000000002 36.500000000000007 42.500000000000007 6.5000000000000009 31.500000000000004 3.7224177946046209 23.500000000000004 29.500000000000004 3.547173126177551 4.7814094910137923 16.500000000000004
decision_type=2 2 2 2 2 2 2 2 2 2 2 2 2 2 2 2 2 2 2 2 2 2 2 2 2 2 2 2 2 2
left_child=3 2 8 -1 7 -5 -7 -4 9 13 12 -12 -11 14 22 16 21 -18 19 20 -19 24 29 -23 27 -26 -27 -16 -8 -2
right_child=1 -3 4 5 -6 6 28 -9 -10 10 11 -13 -14 -15 15 -17 17 18 -20 -21 -22 23 -24 -25 25 26 -28 -29 -30 -31
leaf_value=-0.027713883890826043 -0.05334853502865311 0.039267636671297519 0.0061343759754225839 -0.025281999245076455 0.027290706517519386 -0.0068861636998868159 0.023036890615899884 -0.056060149281768216 -0.087555958824287058 -0.07609639735246107 0.035208465835025203 -0.2676950821639672 -0.017844219980646555 0.023335124361522838 -0.03007060150325257 0.052125699510385065 0.050803660646522586 -0.14659454490717883 0.015412569306954471 -0.14696455751233103 0.0079894193718999945 0.034899006970491774 0.037014802100298894 -0.10646347875659062 0.039983084670572759 -0.07659846620366581 -0.019934105918586967 0.038442980952481949 -0.11151922998139696 0.0037794609406691148
leaf_weight=79.265658129006624 2.9798623025417319 28.021030124742538 35.775256674736738 37.201929233502597 71.92556068347767 109.64416050584987 25.372478375211362 3.9002638682723036 1.648547988384961 5.9207468964159515 9.4193165157921577 0.30642926227301437 21.828945491928607 31.166877209208906 3.3405713373795134 4.1738623594865194 1.4640307594090689 1.3007755521684869 2.7416289057582617 2.9615925755351782 2.2575445361435413 8.0982897137291694 10.543315843679009 0.62409999687224704 4.3575148242525747 6.1052222508005789 30.276240599341691 6.3917197156697512 0.55655624531209369 298.16142492881045
leaf_count=11137 40 4644 225 1873 4751 6381 1119 28 17 113 1093 7 307 2192 26 248 118 27 202 89 144 299 1007 21 534 82 607 78 17 3479
internal_value=0.000277905 0.0060526 0.00441306 -0.0133704 0.0175958 -0.00678993 -0.00171561 2.0403e-05 0.00118721 0.00150916 -0.0157559 0.0256649 -0.0302731 0.00306095 0.00142301 -0.0109216 -0.0146852 -0.0458032 -0.0610745 -0.0932373 -0.0485201 -0.00904677 0.00435754 0.0247843 -0.0148934 -0.0220171 -0.029443 0.014926 0.0201487 0.00321417
internal_weight=847.731 595.691 567.67 252.041 111.601 172.775 135.573 39.6755 456.069 454.42 37.4754 9.72575 27.7497 416.945 385.778 74.0931 69.9192 10.7256 9.26154 6.51991 3.55832 59.1937 311.685 8.72239 50.4713 40.739 36.3815 9.73229 25.929 301.141
internal_count=40905 20378 15734 20527 5004 9390 7517 253 10730 10713 1520 1100 420 9193 7001 2475 2227 580 462 260 171 1647 4526 320 1327 1223 689 104 1136 3519
is_linear=0
shrinkage=0.05


Tree=104
num_leaves=31
num_cat=0
split_feature=0 0 3 10 8 15 4 2 15 13 5 0 4 4 0 2 11 8 8 0 7 0 4 15 0 0 4 15 15 4
split_gain=20.7678 14.0265 5.61912 5.39136 6.23682 5.3855 5.10729 5.28187 5.05483 4.96361 4.71203 10.5088 6.78082 11.7405 11.1447 6.33003 4.24318 3.90156 4.53769 3.80703 3.40425 3.81024 5.14431 3.39253 3.95298 3.34975 4.63956 3.26035 4.52071 6.00689
threshold=39.500000000000007 19.500000000000004 1.0000000180025095e-35 1.0000000180025095e-35 7.5000000000000009 13.060200668896323 3.6424896731661272 1.5000000000000002 12.352614787071717 1.0000000180025095e-35 7.5000000000000009 43.500000000000007 4.7986392040129813 4.6053885422075354 57.500000000000007 4.5000000000000009 5.5000000000000009 8.5000000000000018 3.5000000000000004 16.500000000000004 1.5000000000000002 57.500000000000007 4.440520185197097 18.933143669985782 29.500000000000004 28.500000000000004 4.0167113863760386 4.8980407836865263 4.5115332428765269 4.167960672279321
decision_type=2 2 2 2 2 2 2 2 2 2 2 2 2 2 2 2 2 2 2 2 2 2 2 2 2 2 2 2 2 2
left_child=1 19 9 10 -5 8 -7 -8 17 23 27 -12 13 20 -15 16 -16 18 -4 -1 21 22 -13 -3 -25 -20 -27 28 -2 -30
right_child=3 2 5 4 -6 6 7 -9 -10 -11 11 12 -14 14 15 -17 -18 -19 25 -21 -22 -23 -24 24 -26 26 -28 -29 29 -31
leaf_value=-0.040646456232501293 0.018907018814631922 0.029540407079900056 -0.0025820397376781932 0.042501217997761048 -0.12118629912745263 0.057714625716954897 -0.013059838593283208 0.035687919871490344 -0.05075478065707309 -0.085464168913736177 -0.13117104948045535 0.001532121490061012 0.050308669360292858 -0.49220490603864325 -0.11018937422586139 -0.3145188964247379 0.050262133113585551 -0.096734828097888803 0.0044939149433710279 -0.015611512690698215 -0.11179520861926456 0.051574095815345139 -0.17802413829667874 -0.080751148897385175 0.051215287259455566 0.053284449659096116 -0.0071834150667850916 0.050864199144076264 -0.2741587761798196 0.050456052876602424
leaf_weight=19.544339679181576 25.420921368058774 27.66372860735283 555.88987992890179 31.994591626804322 0.59271241445094247 6.8671626597642925 12.586630852892995 9.9489735793322325 5.2586994925513855 1.0612493827939022 1.5453665852546716 4.8032089439220726 5.5901124854572108 0.18422047561034505 1.1457087150774898 0.26455777883529652 0.6434577191248535 1.0739669548347581 30.208701268304139 68.092289772350341 0.56528417021036226 3.9681108305230737 0.43503083009272803 1.5363009022548788 0.89983542263507832 9.8101367461495084 4.6882703830488017 8.8833670485764724 0.30631225556135078 0.26650458015501499
leaf_count=2880 1305 676 19001 4582 8 42 380 662 110 18 32 284 1138 22 21 12 128 20 785 6407 6 309 38 46 137 244 175 1389 16 32
internal_value=0.000271848 -0.00238795 8.12325e-05 0.023462 0.039524 -0.000933952 0.0199646 0.00846122 -0.00194638 0.020812 0.0137731 -0.00615791 0.00481906 -0.016355 -0.119657 -0.0862393 -0.0524844 -0.00151979 -0.00134953 -0.0211947 0.00730367 0.0146165 -0.0133799 0.0245591 -0.0320067 0.0139755 0.0337313 0.0247139 0.015777 -0.123131
internal_weight=841.74 755.13 667.494 86.6095 32.5873 636.332 29.4028 22.5356 606.93 31.1611 54.0222 19.1451 17.5997 12.0096 2.23794 2.05372 1.78917 601.671 600.597 87.6366 9.77163 9.20635 5.23824 30.0999 2.43614 44.7071 14.4984 34.8771 25.9937 0.572817
internal_count=40905 31583 22296 9322 4590 21419 1084 1042 20335 877 4732 1990 1958 820 183 161 149 20225 20205 9287 637 631 322 859 183 1204 419 2742 1353 48
is_linear=0
shrinkage=0.05


Tree=105
num_leaves=31
num_cat=0
split_feature=9 11 3 15 5 0 0 0 9 9 0 2 0 4 4 4 9 4 7 15 10 10 9 2 0 15 9 4 7 4
split_gain=18.5836 13.1021 9.28696 7.03144 5.73309 7.71791 5.48175 5.08745 6.91553 6.02286 14.8845 8.84489 5.37046 5.77757 5.77756 5.29826 5.59673 8.04769 5.17299 4.97943 4.96052 4.54684 4.49147 4.38454 4.25886 4.1649 4.07461 3.97013 3.60761 24.1112
threshold=1.0000000180025095e-35 4.5000000000000009 1.0000000180025095e-35 10.23411829134721 3.5000000000000004 16.500000000000004 25.500000000000004 38.500000000000007 7.5000000000000009 1.5000000000000002 24.500000000000004 1.5000000000000002 28.500000000000004 3.8367752889555722 3.8556271184800082 3.8367752889555722 3.5000000000000004 3.7952067930466749 1.0000000180025095e-35 4.3167701863354049 1.0000000180025095e-35 1.0000000180025095e-35 8.5000000000000018 1.5000000000000002 24.500000000000004 17.365401458995873 6.5000000000000009 4.5788209942448264 1.0000000180025095e-35 4.6689222239005828
decision_type=2 2 2 2 2 2 2 2 2 2 2 2 2 2 2 2 2 2 2 2 2 2 2 2 2 2 2 2 2 2
left_child=2 7 27 4 6 -6 -4 9 -9 19 25 15 -13 -14 -15 16 -12 -18 -10 -2 -21 24 -20 -23 -5 26 -11 -1 -3 -30
right_child=1 28 3 21 5 -7 -8 8 18 10 11 12 13 14 -16 -17 17 -19 22 20 -22 23 -24 -25 -26 -27 -28 -29 29 -31
leaf_value=0.040799947186787082 -0.0013841233444112102 0.043345282503375562 -0.029524214159733567 0.0018789724823144666 0.15541289938380337 -0.0084324309779988758 -0.0054765859855985238 0.032738791521268309 0.0068522359556490373 0.017407361920748241 0.049617618734588309 -0.064713147900478857 0.023970586547229319 -0.12620127559987157 -0.017761981153250957 0.034768025264745525 -0.0023357659364432143 -0.11995971795434697 -0.22144994680783192 -0.029469462840024264 0.027124977395252298 -0.063880598056679616 -0.036549016626139755 0.017228776893010344 0.050242684381116169 -0.18634388614646394 0.050321884986238352 -0.17230079709222601 -0.20946221986503155 0.042162953549548451
leaf_weight=9.1590047017671132 350.37346977228299 24.971220452338457 105.29413847764954 10.608195618260657 0.72584174480289121 73.458924212958664 30.580876621417701 29.193570113740861 30.794091310817748 16.381578073836863 2.8446118533611315 5.4681465625762931 8.6727221477776748 1.2913717487826968 25.156994289252907 17.487218137830496 5.6553173400461674 1.9575377465225754 0.35940337553620239 28.363187265582383 4.483963454142212 3.5172679414972654 3.8117764759808779 3.1659232638776302 7.9731477843597522 0.21120470436289807 22.070879906881601 0.22390540316701013 1.1254109609872092 6.1796428211964667
leaf_count=855 4013 3691 14376 475 39 3237 1139 2597 2073 225 19 63 139 20 625 841 101 37 5 413 211 33 168 120 111 33 3786 27 95 1334
internal_value=-0.00149079 0.00333586 -0.013066 -0.015011 -0.0180084 -0.00682933 -0.0241119 0.00153352 0.0147737 -0.00019862 0.010278 -0.00371608 -0.0186202 -0.0114439 -0.0230567 0.017932 -0.0102216 -0.0325811 -0.000225886 -0.00312922 -0.0217438 0.00991052 -0.0524807 -0.0254579 0.0226316 0.0350834 0.0362996 0.0357147 0.034304 0.00339777
internal_weight=831.561 586.853 244.707 235.324 210.06 74.1848 135.875 554.577 64.1588 490.418 107.198 68.5339 40.5892 35.1211 26.4484 27.9447 10.4575 7.61286 34.9653 383.221 32.8472 25.2645 4.17118 6.68319 18.5813 38.6637 38.4525 9.38291 32.2763 7.30505
internal_count=40901 20489 20412 19530 18791 3276 15515 15369 4843 10526 5889 1845 847 784 645 998 157 138 2246 4637 624 739 173 153 586 4044 4011 882 5120 1429
is_linear=0
shrinkage=0.05


Tree=106
num_leaves=31
num_cat=0
split_feature=0 14 7 4 3 11 0 0 0 0 14 8 2 14 8 13 4 4 4 11 0 13 14 5 2 5 14 2 0 14
split_gain=16.8736 11.2699 12.2075 15.1924 15.2178 15.1278 23.6121 7.34613 5.97907 5.48649 10.9267 7.62189 7.60477 7.84463 5.18559 6.59187 5.05202 5.05999 4.98479 4.7426 4.69546 4.64245 4.95894 5.15716 6.17328 5.60493 4.50143 5.69273 4.70061 4.50139
threshold=32.500000000000007 14.500000000000002 1.0000000180025095e-35 4.7986392040129813 1.0000000180025095e-35 5.5000000000000009 55.500000000000007 111.50000000000001 34.500000000000007 19.500000000000004 7.5000000000000009 3.5000000000000004 1.5000000000000002 5.5000000000000009 2.5000000000000004 1.0000000180025095e-35 3.7081389504256572 3.9095211952447158 3.7339845216307208 1.5000000000000002 49.500000000000007 1.0000000180025095e-35 3.5000000000000004 6.5000000000000009 3.5000000000000004 4.5000000000000009 3.5000000000000004 1.5000000000000002 41.500000000000007 7.5000000000000009
decision_type=2 2 2 2 2 2 2 2 2 2 2 2 2 2 2 2 2 2 2 2 2 2 2 2 2 2 2 2 2 2
left_child=9 2 14 4 -4 8 -7 -8 -6 -1 12 -12 13 -11 21 -16 -3 -18 -15 -17 -19 22 23 25 -25 -2 -10 -28 -29 -24
right_child=1 16 3 -5 5 6 7 -9 26 10 11 -13 -14 18 15 19 17 20 -20 -21 -22 -23 29 24 -26 -27 27 28 -30 -31
leaf_value=-0.016981604869105601 -0.077329405685444788 -0.098142230559193702 -0.39333854017015057 0.050298729707268543 -0.22795054713762553 -0.6006826417674429 0.050301890487383927 -0.41407788087986425 0.051876619970726248 0.046763764772810024 -0.010322717795986952 0.017124230333565672 0.00081357068384301737 -0.019825633128417963 0.039898540121456758 -0.023928456730196074 0.027926393378238618 -0.016526688024475825 0.025776874768762194 0.039932807872271998 0.026408878527909942 0.048061378374527119 0.044715557745310969 -0.16765623502716054 -0.0052867233411348965 0.01803023338221393 0.051851552775017996 -0.20043581084842652 -0.047271979989449847 -0.024726776568113812
leaf_weight=85.277950804680586 2.1356274844147318 1.427762247622012 0.33655419340357084 4.4457829361781469 0.35325022507458737 0.30695535754784931 0.40760953072458506 0.1076561575755477 1.7649318273179231 20.929187367204577 346.59394733607769 27.285038054920733 143.35854728426784 11.033894831314685 65.185859468532726 7.724201488774268 10.837136895395814 41.012091513257474 13.115613707341252 4.6618888564407825 7.5381245934404424 5.5999017702415577 6.8106045527383667 1.274635306093842 1.0825802851468322 5.5335782840847969 1.2595891840755937 0.58985651656985316 3.3229420566931367 3.5501190889626741
leaf_count=9294 18 10 25 970 13 32 74 18 160 3257 10249 578 3990 160 7738 268 94 774 442 778 736 200 527 44 14 70 72 25 147 124
internal_value=-0.00142225 0.0122462 0.0213566 -0.0245196 -0.0638867 -0.0502196 -0.253529 -0.0467225 -0.0272905 -0.00516377 -0.00337154 -0.00831969 0.0064461 0.0243586 0.0270691 0.033545 -0.0051994 -0.00296492 0.00494112 0.000107709 -0.00986032 0.00773836 -0.00333749 -0.0284048 -0.093086 -0.00852436 -0.0170729 -0.0406 -0.0703615 0.020921
internal_weight=824.863 177.269 116.454 12.8951 8.44935 8.11279 0.822221 0.515266 7.29057 647.594 562.316 373.879 188.437 45.0787 103.559 77.5719 60.8151 59.3874 24.1495 12.3861 48.5502 25.987 20.3871 10.0264 2.35722 7.66921 6.93732 5.17239 3.9128 10.3607
internal_count=40901 12931 11317 1536 566 541 124 92 417 27970 18676 10827 7849 3859 9781 8784 1614 1604 602 1046 1510 997 797 146 58 88 404 244 172 651
is_linear=0
shrinkage=0.05


Tree=107
num_leaves=31
num_cat=0
split_feature=9 11 15 14 4 15 14 9 4 14 4 10 5 0 0 15 14 14 4 15 15 4 14 0 4 6 0 4 14 9
split_gain=16.2398 11.9529 7.71008 7.66811 8.79983 6.86517 6.36814 10.9589 7.05122 6.10495 6.06382 5.83966 5.08171 6.10987 4.84178 4.83771 4.72811 9.88433 6.69807 4.90411 14.0042 10.1047 25.5577 7.56168 7.08931 3.7651 6.4723 12.8149 10.2597 9.97766
threshold=1.0000000180025095e-35 4.5000000000000009 10.23411829134721 7.5000000000000009 3.7409676809694572 4.5115332428765269 2.5000000000000004 1.5000000000000002 3.8731406795131327 3.5000000000000004 3.5944740717404366 1.0000000180025095e-35 3.5000000000000004 16.500000000000004 25.500000000000004 15.67446255610678 4.5000000000000009 9.5000000000000018 4.3232519287427245 8.5825892857142865 5.8608844997853167 3.975297397565547 8.5000000000000018 21.500000000000004 3.4199948370071587 1.0000000180025095e-35 29.500000000000004 4.0114570089332817 14.500000000000002 6.5000000000000009
decision_type=2 2 2 2 2 2 2 2 2 2 2 2 2 2 2 2 2 2 2 2 2 2 2 2 2 2 2 2 2 2
left_child=2 3 12 4 5 -2 7 8 -6 -7 -11 -8 14 -14 -1 -13 18 19 -15 20 21 23 -23 24 -18 -5 27 -27 29 -28
right_child=1 -3 -4 25 6 9 11 -9 -10 10 -12 15 13 16 -16 -17 17 -19 -20 -21 -22 22 -24 -25 -26 26 28 -29 -30 -31
leaf_value=-0.02660967444345402 0.00040982054992401407 0.033432008658609534 0.012364416160933873 0.00085295602846304657 0.0056111453478037455 0.018221622060140129 0.015345061072316278 0.029065040558620615 -0.093133719725597294 -0.020427911359865748 -0.130064755440741 0.046602914900785247 0.12980663351681757 -0.021390273670994456 -0.0040174466982123526 -0.21391565998102294 0.16540799259656516 -0.017427175952164208 -0.24913052684899306 -0.03495771675633718 0.26759405357402777 0.054971732427243063 0.49421016060940914 0.040602828368347547 -0.044931566758209467 -0.015683728941913857 0.023882349318804504 -0.098798968145819885 -0.024795446978616974 -0.027303176455164637
leaf_weight=103.67371690925211 77.50650502089411 30.89460584637709 27.943956010742113 202.0834625614807 2.9030293710529786 2.2612541737034908 100.0500153619796 7.4934925273992121 4.7925090231001377 2.3015223415568471 2.7900249687954783 20.781819029245529 0.8276626942679276 25.198221476282928 30.748976151458919 0.17973897745832701 0.43071773089469445 28.290570401819423 0.32704731449484725 2.7676546815782777 0.63252139952964981 2.3218482078518714 0.3862737186718731 9.7141934214159829 5.7274021096527576 37.890206066891551 39.54214870557189 5.2843973804265252 30.936034779064357 12.540212291292844
leaf_count=14429 756 5120 1277 1934 23 69 6425 337 29 24 28 2753 39 1552 1155 2 21 1065 7 125 37 132 27 157 389 252 1834 38 300 565
internal_value=-0.00134704 0.003171 -0.0123161 0.00146913 0.00866792 -0.00397047 0.0165422 -0.0139743 -0.0558837 -0.0501435 -0.0805058 0.0203726 -0.015584 -0.00530762 -0.0214417 0.044369 -0.00678301 0.00211546 -0.0243082 0.0272682 0.0362319 0.0283558 0.117623 0.0131252 -0.0302198 -0.00337851 -0.0101547 -0.0258567 -0.00198873 0.0115581
internal_weight=819.222 580.231 238.991 549.336 221.06 84.8593 136.201 15.189 7.69554 7.3528 5.09155 121.012 211.047 76.6241 134.423 20.9616 75.7965 50.2712 25.5253 21.9806 19.213 18.5804 2.70812 15.8723 6.15812 328.276 126.193 43.1746 83.0184 52.0824
internal_count=40901 20489 20412 15369 10446 877 9569 389 52 121 52 9180 19135 3551 15584 2755 3512 1953 1559 888 763 726 159 567 410 4923 2989 290 2699 2399
is_linear=0
shrinkage=0.05


Tree=108
num_leaves=31
num_cat=0
split_feature=9 11 3 15 8 4 10 4 4 0 10 3 4 0 4 4 2 4 4 0 0 9 8 0 4 8 15 0 4 15
split_gain=14.8982 11.1634 8.43245 5.95024 5.11622 6.30587 4.79357 4.51528 4.39485 4.36206 4.23718 4.12042 6.29676 4.54818 6.25781 11.6792 4.00255 3.84005 6.322 15.2087 3.80231 3.79159 5.06338 3.55882 3.47049 8.57587 3.40392 3.10008 3.02391 2.83785
threshold=1.0000000180025095e-35 5.5000000000000009 1.0000000180025095e-35 10.23411829134721 5.5000000000000009 3.8634651896016474 1.0000000180025095e-35 3.608884070537635 4.7649912627557685 39.500000000000007 1.0000000180025095e-35 1.0000000180025095e-35 3.6819433087818081 24.500000000000004 3.9760219219180022 4.0273211391993682 1.5000000000000002 3.3929372919485519 3.4199948370071587 21.500000000000004 24.500000000000004 6.5000000000000009 3.5000000000000004 26.500000000000004 3.6843722670327392 6.5000000000000009 30.794451450189161 31.500000000000004 4.1019328673273643 6.6946778711484605
decision_type=2 2 2 2 2 2 2 2 2 2 2 2 2 2 2 2 2 2 2 2 2 2 2 2 2 2 2 2 2 2
left_child=2 6 8 4 17 7 -2 -6 26 11 20 12 -8 -14 -15 -16 -12 -4 19 -19 -5 22 -13 -18 -9 -26 -1 -28 -20 -30
right_child=1 -3 3 10 5 -7 9 24 -10 -11 16 21 13 14 15 -17 23 18 28 -21 -22 -23 -24 -25 25 -27 27 -29 29 -31
leaf_value=0.045965436474563963 -0.0007473323841280181 0.036278962637815888 -0.047174055353728102 0.0017194230858588668 -0.050807806548792779 -0.016480218034733925 0.063864915722275581 0.21597690671434544 -0.196607582905166 0.033918428365694385 -0.063199687096506016 0.0016623725976100086 -0.1632902133502917 0.057637130477109111 -0.26122886452647581 0.052141633140715543 -0.05707584249178959 0.027189842986501497 -0.019038676191464515 0.5304105020614881 0.047418025701367966 0.039837474699665518 0.047064165512210182 0.054925434137222867 -0.014885159754279606 0.19198882154873503 -0.28957571722891107 0.050228137586438584 0.014200188390179764 -0.065876806786840311
leaf_weight=8.6338539225980586 442.54501943103969 24.192127880873159 10.791420646477489 10.607001864351338 0.56207743985578362 4.0703958664089441 1.0663766199722875 0.55803127586841617 0.19982701167464334 17.341696298215538 3.385565308853983 73.314483674708754 1.0245263297110798 0.98610467975959215 0.62693795654922702 0.56554295914247632 1.0960870385169985 1.1789032802917052 169.31039828248322 0.17206052783876646 7.9734061136841765 8.9173118630424124 6.7023339616134754 2.0096415593288839 1.1498758308589461 0.88771053869277228 0.14676814107224423 0.12368465308099985 11.337213851511477 1.2260549841448654
leaf_count=835 10694 4714 1943 475 45 57 11 32 6 2288 33 1264 7 40 13 34 11 159 16057 15 111 1225 199 109 32 20 13 28 384 47
internal_value=-0.00128985 0.00303328 -0.0118908 -0.0137887 -0.0166503 0.0246534 0.00157911 0.0776764 0.0352898 0.0108926 0.00918066 0.00660831 -0.0413728 -0.0764085 -0.0355505 -0.112611 -0.0255953 -0.0181891 -0.016482 0.0912807 0.0213301 0.00891175 0.0054653 0.0153975 0.105499 0.0752431 0.040494 -0.134175 -0.0172825 0.00638544
internal_weight=812.702 577.282 235.42 226.316 201.244 7.22809 553.09 3.1577 9.10413 110.545 25.0717 93.2036 4.26949 3.20311 2.17859 1.19248 6.49129 194.016 183.225 1.35096 18.5804 88.9341 80.0168 3.10573 2.59562 2.03759 8.90431 0.270453 181.874 12.5633
internal_count=40901 20489 20412 19530 18791 186 15775 129 882 5081 739 2793 105 94 87 47 153 18605 16662 174 586 2688 1463 120 84 52 876 41 16488 431
is_linear=0
shrinkage=0.05


Tree=109
num_leaves=31
num_cat=0
split_feature=0 9 9 0 5 2 3 10 4 15 10 5 8 4 0 15 0 4 7 9 15 9 4 4 9 4 9 4 4 9
split_gain=13.9341 9.34551 6.36049 14.3265 7.55261 5.85362 5.75988 5.64686 5.38182 5.26495 5.51716 5.15269 6.88684 6.63162 5.34008 23.1214 14.4565 5.0859 14.7914 9.55054 9.25091 23.2102 9.30128 6.91576 5.06712 5.68829 18.3633 4.90759 6.26322 9.28687
threshold=32.500000000000007 1.0000000180025095e-35 6.5000000000000009 24.500000000000004 4.5000000000000009 2.5000000000000004 1.0000000180025095e-35 1.0000000180025095e-35 3.7409676809694572 10.681686167123063 1.0000000180025095e-35 3.5000000000000004 5.5000000000000009 3.8634651896016474 17.500000000000004 5.8608844997853167 15.500000000000002 4.7986392040129813 1.0000000180025095e-35 5.5000000000000009 11.051177667926725 8.5000000000000018 4.0535592632620254 4.2911620786261571 12.500000000000002 4.2737066026336752 17.500000000000004 3.788832339775448 3.8455070432369087 3.5000000000000004
decision_type=2 2 2 2 2 2 2 2 2 2 2 2 2 2 2 2 2 2 2 2 2 2 2 2 2 2 2 2 2 2
left_child=1 6 27 -4 8 7 -1 -6 -5 11 -11 12 -8 -14 15 16 -13 18 23 -20 22 -22 -21 24 -2 -26 -27 -3 29 -29
right_child=17 2 3 4 5 -7 9 -9 -10 10 -12 14 13 -15 -16 -17 -18 -19 19 20 21 -23 -24 -25 25 26 -28 28 -30 -31
leaf_value=0.035346994066717902 0.013457424724640472 0.0034575964886824602 0.047796585455711083 -0.064087750471275046 -0.080433744230606813 0.064782849951864979 -0.02577903597829357 0.022321838902780895 0.051072494122999128 0.020679940778543439 -0.04679192619575611 0.39620646489666805 0.083722167130205971 -0.035194092406282691 -0.0087345726192604861 0.50163520724312938 -0.026983947277587652 0.048362289755551895 0.015316620492807057 -0.28053758224861797 -0.5745168818562314 -0.039539569911258239 -0.04291884912649431 0.03718747688775835 -0.0076884083780400965 -0.45614519012315102 0.05096037606727765 -0.017436140923806 -0.0034367882803174941 -0.097189095462508146
leaf_weight=5.9281157546211025 102.66917295451276 192.59710822626948 20.018216711934656 1.2855026870965947 6.4969096886925382 1.0756773566827167 116.77561736339703 1.6834591990336774 4.8129054270684719 17.479529512580488 3.6650448199361554 0.22320798039436329 2.863516761455684 1.9851981876417992 59.900931408628821 0.27093413192778815 2.1045120391063392 8.8313883338123542 3.8694473966024798 0.44513380900025357 0.31931764492765058 0.5553558545652777 5.5050542997196317 25.442519282689318 23.263922284590084 0.29346161754801769 0.45580272586084902 33.463195718824863 159.18902568146586 4.0971098905429235
leaf_count=295 4571 1522 3826 39 156 9 15315 96 426 498 44 7 122 45 2843 10 209 2083 326 5 19 82 225 4514 1046 14 46 276 2180 52
internal_value=-0.00123385 -0.00464612 -0.000371827 0.0199283 -0.0164047 -0.0448688 -0.0132418 -0.0592874 0.0267975 -0.014645 0.00898486 -0.0173586 -0.0233546 0.0350346 -0.00569045 0.064479 0.0135963 0.0114076 0.00940318 -0.0474357 -0.083014 -0.234844 -0.0606951 0.0133989 0.0086213 -0.0120557 -0.147656 -0.00221612 -0.0077701 -0.0261357
internal_weight=807.566 635.916 424.719 35.3727 15.3545 9.25605 211.197 8.18037 6.09841 205.268 21.1446 184.124 121.624 4.84871 62.4996 2.59865 2.32772 171.651 162.819 10.6943 6.82486 0.874673 5.95019 152.125 126.682 24.0132 0.749264 389.346 196.749 37.5603
internal_count=40901 27970 8582 4552 726 261 19388 252 465 19093 542 18551 15482 167 3069 226 216 12931 10848 657 331 101 230 10191 5677 1106 60 4030 2508 328
is_linear=0
shrinkage=0.05


Tree=110
num_leaves=31
num_cat=0
split_feature=0 11 10 10 5 14 6 15 14 6 11 8 8 6 14 0 8 15 15 15 5 2 0 0 15 3 11 14 3 15
split_gain=13.7617 9.91323 5.2533 4.64752 7.04051 8.15156 6.1837 5.46524 4.64782 4.57367 3.86681 3.57389 3.65303 9.00735 7.57933 9.24185 7.10369 9.33232 8.30131 6.91135 6.16614 5.25488 5.53722 4.64675 5.02814 5.26632 4.3868 9.49874 4.25021 3.96101
threshold=18.500000000000004 4.5000000000000009 1.0000000180025095e-35 1.0000000180025095e-35 4.5000000000000009 14.500000000000002 1.0000000180025095e-35 8.3103130755064463 29.500000000000004 1.0000000180025095e-35 3.5000000000000004 9.5000000000000018 2.5000000000000004 1.5000000000000002 6.5000000000000009 23.500000000000004 3.5000000000000004 4.3167701863354049 10.741758241758243 8.3103130755064463 4.5000000000000009 3.5000000000000004 37.500000000000007 26.500000000000004 9.0109422727448507 1.0000000180025095e-35 1.0000000180025095e-35 4.5000000000000009 1.0000000180025095e-35 4.0956108470785582
decision_type=2 2 2 2 2 2 2 2 2 2 2 2 2 2 2 2 2 2 2 2 2 2 2 2 2 2 2 2 2 2
left_child=2 3 -1 8 -5 7 -7 -6 11 -3 -9 12 13 26 15 -14 18 -18 19 -16 -17 22 -15 -22 25 -25 28 -28 -2 -29
right_child=1 9 -4 4 5 6 -8 10 -10 -11 -12 -13 14 21 16 20 17 -19 -20 -21 23 -23 -24 24 -26 -27 27 29 -30 -31
leaf_value=-0.029328560070263739 0.033609850298330878 -0.0014210743718536692 0.034180745552030656 -0.003775596213967516 0.034118746510552786 0.01470066504161356 -0.036918403711676782 -0.036074583218953189 -0.10548165039770981 0.038237916923380307 0.052189700049420064 -0.11274681257198434 -0.00073170253757241256 -0.04972974670732936 -0.0049745376284902375 0.047922630598145666 0.029107650558821807 -0.071886958171546972 0.026249541658553612 -0.058049342365390291 -0.079679540514443148 0.013410173194691092 -0.15008365515550884 -0.13037796078280714 -0.13723419815716864 0.029689482636021749 0.038201923732494925 0.050852460100726797 -0.010339141291827919 -0.046689952833756369
leaf_weight=46.748229399789125 5.7801681458950034 9.9846056743990612 3.4998710723593822 62.738617684692144 51.468952275346965 14.512972819618881 9.6660936842672527 4.9830454499460748 1.0657196342945088 26.736814600415528 1.6523119884077457 0.71422506030648847 43.031640108209103 5.3095976021140796 289.8663535322994 24.762201153673232 28.729416573420171 2.4852188120130441 21.257956390269101 6.2663488946855059 1.4097785581834603 2.1505970456637442 1.85470784176141 0.53781049419194005 0.51322225714102465 11.53641057992354 15.362378831952812 1.2487268368713547 113.9599339957349 6.2499077310785651
leaf_count=6861 74 540 151 1440 4188 326 141 246 9 5271 257 11 453 66 10201 1624 696 89 274 236 14 24 23 16 33 969 1892 48 4744 182
internal_value=0.000443184 0.00210633 -0.024905 0.000829684 0.00884105 0.0184609 -0.00593515 0.0286128 -0.00115943 0.0274546 -0.0140953 -0.000968735 -0.000831635 -0.00749742 0.00152117 0.0152194 -0.00169276 0.0210668 -0.00393111 -0.00609763 0.0329287 -0.0551338 -0.0757095 0.00640336 0.0160445 0.0225598 -0.00438574 0.0156846 -0.00821761 -0.0304465
internal_weight=816.084 765.836 50.2481 729.114 145.022 82.2834 24.1791 58.1043 584.092 36.7214 6.63536 583.027 582.312 151.916 430.396 81.7911 348.605 31.2146 317.391 296.133 38.7594 9.3149 7.16431 13.9972 12.5874 12.0742 142.601 22.861 119.74 7.49863
internal_count=41099 34087 7012 28276 6598 5158 467 4691 21678 5811 503 21669 21658 7053 14605 3109 11496 785 10711 10437 2656 113 89 1032 1018 985 6940 2122 4818 230
is_linear=0
shrinkage=0.05


Tree=111
num_leaves=31
num_cat=0
split_feature=9 4 4 6 4 15 14 4 7 4 14 15 15 14 14 9 4 4 8 15 4 11 14 2 14 10 4 2 4 8
split_gain=13.2473 11.3389 10.1966 6.94558 15.0414 6.90622 5.93961 6.03603 5.15259 7.30443 6.35232 8.55659 18.4122 5.29392 4.91894 11.8435 7.58407 7.57229 4.50697 4.62084 4.95856 3.94089 3.92813 8.63946 4.28331 3.81616 4.61097 3.72285 3.72248 10.9365
threshold=1.0000000180025095e-35 3.8210577281331055 4.2911620786261571 1.5000000000000002 4.1923759468600208 14.218667950288816 3.5000000000000004 4.0067235961209002 1.0000000180025095e-35 4.7814094910137923 6.5000000000000009 12.909177478871564 20.052219321148829 8.5000000000000018 4.5000000000000009 1.5000000000000002 3.4324466276812697 3.293716890073298 3.5000000000000004 7.672684458398745 4.1062197917419176 1.5000000000000002 4.5000000000000009 1.5000000000000002 3.5000000000000004 1.0000000180025095e-35 3.9707065544568345 1.5000000000000002 3.9484068639697156 2.5000000000000004
decision_type=2 2 2 2 2 2 2 2 2 2 2 2 2 2 2 2 2 2 2 2 2 2 2 2 2 2 2 2 2 2
left_child=1 5 3 14 6 -1 7 -5 -4 10 -10 27 -13 -14 15 28 -17 -16 -19 -20 -21 -6 24 -24 25 -3 -27 -12 -2 -30
right_child=2 22 8 4 21 -7 -8 -9 9 -11 11 12 13 -15 17 16 -18 18 19 20 -22 -23 23 -25 -26 26 -28 -29 29 -31
leaf_value=-0.023742920021335268 0.0037653925890416325 -0.028809562573255759 0.044073870384978245 -0.0047526669161628947 -0.11664119221449805 0.026786677639607966 0.043069840011566073 -0.089905960606570495 0.050513120862497443 0.050265930078318012 0.05132968895165449 -0.57472429704527872 -0.30943411849825198 0.051136634637015822 0.076868329936858756 -0.1141758167504968 0.039674284023942234 -0.00038342996985730256 0.024692562611379993 -0.064677458677461455 0.058435380950938587 -0.29112636796474028 -0.001808276068150179 0.036641675472768601 -0.10834613980150756 0.11895270226019346 -0.011735877708767887 -0.055850118008946938 -0.082954328236645281 0.050831591599622597
leaf_weight=109.7572936178185 36.383679496590048 10.072253667749459 23.46706673828885 5.6204257365316135 0.73502155346795806 7.2061853790655723 3.2050220067612818 3.3047198429703712 1.870840604417024 4.9967389474622905 1.060889604501426 0.2395176296122371 0.13881000434048474 0.381773775909096 3.3214760646224013 0.8195360004901876 35.466709413100034 411.54250307730399 31.47644146066159 3.029408022761344 1.1203508393373338 0.57814428210258484 82.729482309427112 17.742751739919186 1.3336609015241272 1.0663988050073396 1.8385566622018812 3.4285718156024814 4.4147001623641691 2.3357877514790744
leaf_count=13480 482 471 4922 58 22 202 81 25 259 1286 61 16 16 57 27 10 4295 7584 663 70 130 30 5193 1121 28 20 44 114 72 260
internal_value=0.000428702 -0.00967351 0.00447258 0.00277445 -0.0327176 -0.0206298 -0.015316 -0.0362824 0.0304021 0.00392421 -0.0285961 -0.056789 -0.211928 -0.045007 0.00367485 0.015148 0.0361995 0.00165217 0.00109348 0.0181543 -0.0314395 -0.193461 0.00149087 0.00498174 -0.0230175 -0.0142483 0.0362394 -0.0305228 -0.00256149 -0.036662
internal_weight=810.685 231.747 578.938 543.354 13.4433 116.963 12.1302 8.92515 35.5842 12.1171 7.1204 5.24956 0.760101 0.520584 529.911 79.4204 36.2862 450.49 447.169 35.6262 4.14976 1.31317 114.783 100.472 14.3109 12.9772 2.90496 4.48946 43.1342 6.75049
internal_count=41099 20559 20540 13809 216 13682 164 83 6731 1809 523 264 89 73 13593 5119 4305 8474 8447 863 200 52 6877 6314 563 535 64 175 814 332
is_linear=0
shrinkage=0.05


Tree=112
num_leaves=31
num_cat=0
split_feature=0 4 14 4 15 9 5 14 15 0 9 4 15 4 6 4 14 9 4 0 4 8 0 14 14 3 9 14 14 14
split_gain=12.1334 9.57027 5.10806 4.69784 4.62686 5.84625 5.15655 11.0289 4.1306 5.16329 4.08808 6.58989 8.58984 6.0334 5.16368 9.11853 5.63345 9.26484 6.68257 5.84212 11.1972 9.36819 5.3917 5.00392 6.26991 5.97223 4.74206 4.67891 4.64345 4.51912
threshold=18.500000000000004 4.2498354775033391 12.500000000000002 3.6306988403295679 18.933143669985782 15.500000000000002 7.5000000000000009 16.500000000000004 2.8708791208791213 30.500000000000004 1.0000000180025095e-35 3.8210577281331055 14.218667950288816 3.3240471932074898 1.5000000000000002 4.167960672279321 4.5000000000000009 1.5000000000000002 3.4324466276812697 21.500000000000004 3.8273472064897107 2.5000000000000004 47.500000000000007 6.5000000000000009 5.5000000000000009 1.0000000180025095e-35 17.500000000000004 3.5000000000000004 23.500000000000004 3.5000000000000004
decision_type=2 2 2 2 2 2 2 2 2 2 2 2 2 2 2 2 2 2 2 2 2 2 2 2 2 2 2 2 2 2
left_child=3 10 8 -1 5 6 -4 -8 9 -3 11 12 23 -12 16 29 17 19 -19 -15 27 -22 26 24 -2 -25 -18 -21 -13 -16
right_child=1 2 4 -5 -6 -7 7 -9 -10 -11 13 28 -14 14 15 -17 22 18 -20 20 21 -23 -24 25 -26 -27 -28 -29 -30 -31
leaf_value=-0.033654814335007992 -0.02202864359861777 0.22656488787634743 -0.020355349411576986 0.00084359902441490792 0.04459924647801225 0.05099519841074044 -0.21647439079835223 0.05790847606175286 0.044011677688334944 -0.00015845819139150184 0.064234152650750401 0.0044196728208391496 0.041676989675524391 -0.031545771865300325 -0.02999732186908385 -0.12872289296015446 0.00072901222699262524 -0.16693524072353724 0.03793070599338997 0.026481921704328233 -0.045876138722235352 0.037633669385223049 0.037391328153304225 0.052117924960836351 0.040645184939327006 -0.031009114633022958 -0.043401296051376895 0.092483873980898329 -0.055310578291337634 0.0418208440581593
leaf_weight=34.670632384251803 9.9022927596233803 0.25790461432188649 5.8349319875705969 13.794586557894943 3.6969451135955742 2.1708473016042262 1.0555571594741193 0.56080823740921903 25.471854852279648 9.5396548742428404 3.9607734186574808 100.27645740308799 5.8839190518483511 10.895818784832953 8.4506193697452527 1.9367318055592466 417.42887856625021 0.4029453843832006 32.801737469621003 9.7425956274382788 10.076886877417563 5.0369740924797943 9.9118761850986612 2.2460361877456299 6.6841516017448148 56.859377793036401 6.1775054773315778 3.7068010950461021 3.3629276040010145 2.9568211310543111
leaf_count=5208 740 21 312 1804 656 288 24 40 5657 1118 33 5800 82 65 79 45 6806 2 4234 160 102 383 631 73 143 6200 261 26 36 70
internal_value=0.000418015 0.0019702 0.0234369 -0.0238356 -0.00294419 -0.021211 -0.0422474 -0.121276 0.0333995 0.00580966 0.000498444 -0.00588585 -0.0165163 0.00275727 0.00228858 -0.0284125 0.00309794 0.0159819 0.0354446 -0.000395951 0.0114865 -0.0180449 0.000938409 -0.02104 0.00322821 -0.0278502 8.54544e-05 0.0446728 0.00248152 -0.011382
internal_weight=805.756 757.291 48.5885 48.4652 13.3191 9.62214 7.4513 1.61637 35.2694 9.79756 708.702 185.215 81.5758 523.487 519.526 13.3442 506.182 72.6638 33.2047 39.4591 28.5633 15.1139 433.518 75.6919 16.5864 59.1054 423.606 13.4494 103.639 11.4074
internal_count=41099 34087 8116 7012 1320 664 376 64 6796 1139 25971 13074 7238 12897 12864 194 12670 4972 4236 736 671 485 7698 7156 883 6273 7067 186 5836 149
is_linear=0
shrinkage=0.05


Tree=113
num_leaves=31
num_cat=0
split_feature=9 4 4 6 4 0 14 4 14 7 4 14 11 0 0 3 5 0 11 14 9 4 4 0 14 8 4 5 8 0
split_gain=11.2029 9.75014 9.1376 5.62578 9.80566 5.78096 4.97109 5.07559 4.92695 4.89888 6.48154 5.29179 6.04599 13.7233 5.33212 4.57922 5.11209 6.68733 5.02261 4.57171 10.2421 6.46936 6.41581 6.20098 10.3092 14.4381 7.9018 4.00601 4.00351 3.98433
threshold=1.0000000180025095e-35 3.8210577281331055 4.2911620786261571 1.5000000000000002 4.1923759468600208 47.500000000000007 3.5000000000000004 4.0067235961209002 3.5000000000000004 1.0000000180025095e-35 4.7814094910137923 6.5000000000000009 6.5000000000000009 52.500000000000007 111.50000000000001 1.0000000180025095e-35 3.5000000000000004 15.500000000000002 1.5000000000000002 4.5000000000000009 1.5000000000000002 3.4324466276812697 3.293716890073298 21.500000000000004 3.5000000000000004 2.5000000000000004 3.9394709940012875 6.5000000000000009 3.5000000000000004 62.500000000000007
decision_type=2 2 2 2 2 2 2 2 2 2 2 2 2 2 2 2 2 2 2 2 2 2 2 2 2 2 2 2 2 2
left_child=1 15 3 5 6 19 7 -5 -6 -4 11 -11 29 -14 -15 -1 18 -18 -17 20 23 -22 -21 -2 25 26 -25 -23 -24 -13
right_child=2 -3 9 4 8 -7 -8 -9 -10 10 -12 12 13 14 -16 16 17 -19 -20 22 21 27 28 24 -26 -27 -28 -29 -30 -31
leaf_value=0.037921651956867523 -0.029182812234222227 0.0012679045842161857 0.043539453331165656 -0.0030485386283645678 -0.21375070037139496 0.038873413335834064 0.041584329372942007 -0.080514051424301972 -0.031902404079944505 0.050474665999449136 0.05024675429462723 0.026928387428161289 -0.44237360923728908 0.050910127926744833 -0.29806531930031327 -0.032541046539542581 0.20014215331227039 -0.006755533122899714 0.0083853786808846236 0.070061095406066129 -0.10099990566766655 0.043376868032146056 -0.0012955087807909355 -0.010539305270636743 0.073692342400819413 0.043469497116436245 -0.092681117415288228 -0.021081176442664749 0.01648090770855145 -0.06673356548129937
leaf_weight=3.3693533132318398 14.293081082403658 114.20837828435469 21.719096605665982 5.572572907432912 0.99705384857952484 11.219010402448474 3.0340439015999427 3.4074745699763298 0.59460970014333725 1.7351679629646222 4.5692852635402232 1.9948116815648971 0.3027747138403355 0.46803775662556291 0.14287158893421292 69.329441265203059 0.39559092931449669 30.675698318518698 8.4054335672408325 3.3024335708469144 0.85673041362315316 29.965885786805302 401.63682661671191 9.2046738192439097 5.3547884852159759 9.6313190434593707 4.2933903355151424 2.6213033176027229 34.384836516575888 2.6357058282010257
leaf_count=99 123 6877 4922 58 10 783 81 25 42 259 1286 120 11 71 12 11451 9 1752 371 23 9 4163 6903 50 102 509 30 86 812 50
internal_value=0.000403298 -0.00901588 0.00411859 0.00254617 -0.0291979 0.00336609 -0.0137479 -0.0324428 -0.145816 0.0294313 0.00357037 -0.0257286 -0.0495779 -0.167122 -0.0307037 -0.019486 -0.0212637 -0.00412137 -0.0281157 0.0025934 0.0138974 0.0346262 0.000632202 -0.00230879 0.0111763 -0.00329704 -0.0366665 0.0381919 0.000106346 -0.0263843
internal_weight=800.322 226.384 573.938 540.37 13.6058 526.764 12.0141 8.98005 1.59166 33.5678 11.8487 7.27937 5.5442 0.913684 0.610909 112.176 108.806 31.0713 77.7349 515.545 76.2212 33.4439 439.324 42.7773 28.4842 23.1294 13.4981 32.5872 436.022 4.63052
internal_count=41099 20559 20540 13809 216 13593 164 83 52 6731 1809 523 264 94 83 13682 13583 1761 11822 12810 5072 4258 7738 814 691 589 80 4249 7715 170
is_linear=0
shrinkage=0.05


Tree=114
num_leaves=31
num_cat=0
split_feature=0 4 14 10 4 4 4 11 5 14 14 15 3 0 4 14 4 15 15 15 14 4 4 0 4 0 15 10 5 14
split_gain=10.5987 8.33253 4.74343 4.74148 8.22695 15.1101 6.02637 4.46787 4.85494 5.30301 5.15415 4.2156 3.71553 3.92582 3.37112 3.88688 5.52024 3.33726 3.97273 6.08681 10.4487 7.77642 6.29317 4.87378 4.47479 8.64696 4.73468 4.32448 6.89053 7.4613
threshold=18.500000000000004 4.2498354775033391 12.500000000000002 1.0000000180025095e-35 3.6819433087818081 3.6163485660751649 3.6402898623546771 1.5000000000000002 6.5000000000000009 10.500000000000002 11.500000000000002 18.933143669985782 1.0000000180025095e-35 35.500000000000007 3.8332696895151082 5.5000000000000009 3.7339845216307208 13.060200668896323 7.672684458398745 10.741758241758243 5.5000000000000009 3.8936885934434464 4.1629877792404031 24.500000000000004 4.167960672279321 31.500000000000004 9.0109422727448507 1.0000000180025095e-35 4.5000000000000009 14.500000000000002
decision_type=2 2 2 2 2 2 2 2 2 2 2 2 2 2 2 2 2 2 2 2 2 2 2 2 2 2 2 2 2 2
left_child=3 17 7 6 5 -5 -1 8 10 12 -3 -4 -10 -14 15 -8 -17 18 27 20 -20 -21 23 -23 25 -22 -27 -2 -29 -30
right_child=1 2 11 4 -6 -7 14 -9 9 -11 -12 -13 13 -15 -16 16 -18 -19 19 21 24 22 -24 -25 -26 26 -28 28 29 -31
leaf_value=-0.038412424770808105 -0.0013089511162311994 0.035077502776516632 -0.020364397346380049 0.018565921772821618 -0.055491319382158989 0.32985496378139595 -0.012614878566293487 0.043925107521098475 -0.14109484978845807 -0.20518513662173887 0.32342476496179662 0.043701081764507904 -0.23551906749485121 0.0094150234293634075 -0.050337302603833206 0.028372619934089457 0.18602035403826009 0.0174163634092569 0.02785789895277932 -0.042930178906023853 -0.042650299625358122 -0.02929466134189165 -0.05660761466007546 0.062968204365038416 0.035704532014334676 -0.059463141302408956 -0.19556350656639673 -0.0033638073758488632 0.032154840925158572 -0.0035709828447112501
leaf_weight=31.870130203198642 510.66393752372824 3.5914379199966775 9.5633082939311844 1.529297064989805 1.5219876635819671 0.52320644259452809 4.78671981487423 23.829608801286668 0.51001935033127654 0.38375833351165045 0.16196524444967497 3.5102324564941219 0.16955174691975106 4.6570012012962252 2.257130362559109 3.4753833296708763 0.66088912310078729 27.917807555757463 5.3986374626401838 5.2943286700174239 12.980750292539598 1.7481393348425607 1.7580913165584195 7.8992677840869874 1.3398642993997771 1.0604450483806425 1.6079654265195129 58.672946548555046 43.724040952278301 21.952186891343445
leaf_count=5283 18495 513 664 60 73 18 535 5647 43 19 11 656 3 560 383 550 110 1164 618 54 468 48 72 117 105 33 34 1292 3082 389
internal_value=0.000391484 0.00183243 0.022359 -0.0227379 0.0325971 0.097917 -0.0273324 0.0323779 0.00333266 -0.025661 0.0475201 -0.00316288 -0.0127513 0.000810746 0.00425244 0.0180613 0.0535614 0.000476405 -0.000225162 -0.0156964 -0.0327375 0.0071488 0.030395 0.0462499 -0.051993 -0.0595016 -0.141476 0.00072715 0.0090888 0.0202135
internal_weight=795.02 748.395 46.3769 46.6247 3.57449 2.0525 43.0503 33.3033 9.47373 5.72033 3.7534 13.0735 5.33657 4.82655 11.1801 8.92299 4.13627 702.018 674.101 39.0875 22.3877 16.6998 11.4055 9.64741 16.989 15.6492 2.66841 635.013 124.349 65.6762
internal_count=41099 34087 8116 7012 151 78 6861 6796 1149 625 524 1320 606 563 1578 1195 660 25971 24807 1549 1258 291 237 165 640 535 67 23258 4763 3471
is_linear=0
shrinkage=0.05


Tree=115
num_leaves=31
num_cat=0
split_feature=9 11 14 2 8 3 14 9 9 8 4 5 14 4 9 9 15 9 8 13 2 8 14 10 15 2 4 4 4 14
split_gain=10.6401 7.69566 6.91298 12.2121 6.80568 5.65081 5.03309 6.79247 5.83322 5.05243 7.85385 5.68141 8.60762 6.77811 5.82212 4.88332 4.59152 5.00864 6.28841 9.33444 15.2056 4.47011 4.40269 4.21688 4.41499 4.21361 6.24309 4.37835 3.79174 3.67915
threshold=1.0000000180025095e-35 5.5000000000000009 4.5000000000000009 1.5000000000000002 3.5000000000000004 1.0000000180025095e-35 6.5000000000000009 12.500000000000002 6.5000000000000009 2.5000000000000004 3.8936885934434464 3.5000000000000004 5.5000000000000009 3.9394709940012875 1.5000000000000002 25.500000000000004 18.075692600912127 8.5000000000000018 2.5000000000000004 1.0000000180025095e-35 2.5000000000000004 2.5000000000000004 15.500000000000002 1.0000000180025095e-35 23.354978354978353 1.5000000000000002 4.0484281352293268 3.958462069116361 3.3299574648874763 3.5000000000000004
decision_type=2 2 2 2 2 2 2 2 2 2 2 2 2 2 2 2 2 2 2 2 2 2 2 2 2 2 2 2 2 2
left_child=2 4 23 5 6 -4 8 -8 9 11 28 -2 13 -13 -15 22 17 -10 19 20 25 -7 -9 24 -1 -19 27 -27 -11 -30
right_child=1 -3 3 -5 -6 21 7 15 16 10 -12 12 -14 14 -16 -17 -18 18 -20 -21 -22 -23 -24 -25 -26 26 -28 -29 29 -31
leaf_value=-0.03570867378922337 0.045273565578454307 0.033977867628300733 0.052412430167715511 0.025363445433196505 0.023094959403003778 -0.032053182814011601 -0.00063680630990001837 -0.056408044106870385 0.045369821087292761 0.059090568816354938 0.04198414610585062 0.0060119023170245563 -0.074263531537354502 -0.056833014686239393 0.023135469608914213 0.022100443160133793 -0.22570414761403829 0.050677333829283501 0.040010010156077802 0.056127886777628304 -0.15903434368228642 -0.0085121965214992983 0.015314922143455074 0.010405823466865209 -0.29906991447389664 -0.029323276280588836 0.050698343888426894 -0.17769465655079714 0.027895068934004254 -0.008245133522963799
leaf_weight=29.276446364820007 4.55209807306528 20.310446775052696 3.4629191956482819 27.513421740499325 37.760337420273572 23.881482797442004 324.86291751079261 12.45326009579003 18.435802428517491 2.759516615420579 16.713709166971967 32.36407021805644 5.1543722180649629 9.3968017923179996 3.0035725957714012 3.4210094143636516 0.18114347453229029 2.2320661118719727 8.9925140221603215 3.1289564738981426 2.1525430507026613 129.59800830087624 2.583527870476245 5.5412702532485119 0.16000497993081708 1.1746487068012363 1.2254251572303472 0.86217432236298908 8.7234296961687487 36.538884327746928
leaf_count=3875 81 4658 99 1236 1057 3424 4973 499 3769 24 2191 320 56 119 164 260 34 293 993 88 29 11784 83 113 9 23 137 21 224 343
internal_value=0.000102101 0.00376469 -0.00922794 -0.00536338 0.00262551 -0.0107501 0.00108246 -0.00231319 0.00848005 0.00302134 0.0124637 -0.00820038 -0.0130767 -0.00603135 -0.0374633 -0.0318181 0.0254322 0.026623 0.00913977 -0.0166217 -0.0463896 -0.0121752 -0.044085 -0.0296078 -0.0371402 -0.00225799 -0.0384769 -0.0921279 0.0021893 -0.00127981
internal_weight=778.417 558.983 219.434 184.456 538.673 156.942 500.912 343.321 157.592 119.206 64.7355 54.4709 49.9188 44.7644 12.4004 18.4578 38.3853 38.2041 19.7683 10.7758 7.64686 153.479 15.0368 34.9777 29.4365 5.49431 3.26225 2.03682 48.0218 45.2623
internal_count=40979 20439 20540 16543 15781 15307 14724 5815 8909 3522 2782 740 659 603 283 842 5387 5353 1584 591 503 15208 582 3997 3884 474 181 44 591 567
is_linear=0
shrinkage=0.05


Tree=116
num_leaves=31
num_cat=0
split_feature=0 8 8 0 8 4 5 0 6 5 8 4 7 0 4 10 14 4 4 8 14 4 14 4 5 4 11 10 13 4
split_gain=9.16208 6.48145 7.24605 5.129 5.01677 5.12235 4.45238 10.2369 5.58048 3.82587 3.72571 3.64866 6.38501 6.9243 3.678 4.96217 3.59124 5.3152 6.42354 5.21693 5.61387 3.59735 3.50397 4.40469 3.64407 3.43651 3.12426 3.08833 5.39301 4.80718
threshold=39.500000000000007 3.5000000000000004 7.5000000000000009 15.500000000000002 2.5000000000000004 4.2846983172058195 7.5000000000000009 43.500000000000007 1.0000000180025095e-35 7.5000000000000009 5.5000000000000009 4.7986392040129813 1.0000000180025095e-35 52.500000000000007 4.7649912627557685 1.0000000180025095e-35 7.5000000000000009 3.6978458230844127 3.6897977004747777 2.5000000000000004 23.500000000000004 3.6843722670327392 2.5000000000000004 3.7722117838879714 5.5000000000000009 3.943465189601647 1.0000000180025095e-35 1.0000000180025095e-35 1.0000000180025095e-35 4.1867336549731773
decision_type=2 2 2 2 2 2 2 2 2 2 2 2 2 2 2 2 2 2 2 2 2 2 2 2 2 2 2 2 2 2
left_child=1 3 -3 -1 5 25 10 8 -8 16 -6 12 -9 -14 -15 -16 17 18 21 20 -18 -5 23 -19 -25 -2 -24 28 -27 -29
right_child=4 2 -4 9 6 -7 7 11 -10 -11 -12 -13 13 14 15 -17 19 22 -20 -21 -22 -23 26 24 -26 27 -28 29 -30 -31
leaf_value=-0.044220394185080038 0.055358637655143289 0.0188120765078576 -0.079195146935927163 -0.0059629986827202898 0.036321295390202096 0.04017480564234225 -0.23359422548788442 0.024080397546355783 -0.022109142217874869 -0.1122569907541017 -0.032756920529982775 0.050198697411285603 -0.21802100418119852 -0.0061718491877329369 -0.28274387158548214 0.050276146601511196 -0.016094235645780452 0.042157622888978015 -0.079631559842044022 -0.0028065910600366412 -0.11754677094147446 0.049795981588466702 0.0071319489495432764 -0.036183587458074311 0.022098326569209351 -0.079829471393121826 0.025731413197558187 0.039304054313447516 0.011828598968332209 -0.12354974897868046
leaf_weight=7.4756848833058021 1.1918562431819726 50.831939104245976 1.9585946053266514 95.002866304945201 38.288386569591239 4.0504497110377988 0.66843576775864011 8.102677331655288 0.58484437316656113 0.79390469356439908 2.0567991975694886 4.7781001708935937 0.54944919655099456 2.9637867806013678 0.29411913570947934 0.18051076494157314 64.219970886595547 3.135005732066932 2.9112216536886981 328.75476910336874 1.3931478895246971 2.9834756334312251 94.76923763891682 11.780559759587048 3.4725804994814089 5.1668898332864028 29.639363825321198 2.421157007105649 2.3278667442500591 0.55747953942045558
leaf_count=1650 30 1850 42 5442 5036 625 9 1392 78 24 74 1574 16 184 11 43 2257 102 110 10178 11 66 5987 413 39 142 3398 81 66 49
internal_value=0.000103395 -0.00166943 0.0151759 -0.00304531 0.0168111 -0.00826844 0.0235524 0.00296483 -0.134905 -0.00256349 0.0327997 0.013208 -0.00141043 -0.0532035 -0.0268662 -0.15609 -0.00242701 0.00234486 -0.00643982 -0.00537572 -0.0182484 -0.00426526 0.00855196 -0.0118207 -0.0229149 -0.0250891 0.0115631 -0.0342439 -0.0513605 0.00882445
internal_weight=773.305 699.122 52.7905 646.332 74.1828 15.7157 58.4671 18.1219 1.25328 638.856 40.3452 16.8686 12.0905 3.98787 3.43842 0.47463 638.062 243.694 100.898 394.368 65.6131 97.9863 142.797 18.3881 15.2531 11.6652 124.409 10.4734 7.49476 2.97864
internal_count=40979 31569 1892 29677 9410 993 8417 3307 87 28027 5110 3220 1646 254 238 54 28003 15557 5618 12446 2268 5508 9939 554 452 368 9385 338 208 130
is_linear=0
shrinkage=0.05


Tree=117
num_leaves=31
num_cat=0
split_feature=11 4 14 14 8 0 10 8 6 14 2 8 11 2 8 14 4 0 6 4 4 4 14 0 4 3 4 0 4 0
split_gain=8.47285 6.89447 5.52007 5.1903 6.56407 5.14214 4.81238 5.26515 6.64858 5.34601 4.72152 5.84908 5.30568 4.49885 4.4227 5.28843 4.57157 5.34589 5.89959 5.12176 4.53795 4.32446 3.96632 12.1006 7.51648 6.59438 6.59139 6.06725 4.75013 4.22533
threshold=5.5000000000000009 3.5770760040037612 4.5000000000000009 7.5000000000000009 2.5000000000000004 19.500000000000004 1.0000000180025095e-35 2.5000000000000004 1.5000000000000002 6.5000000000000009 1.5000000000000002 3.5000000000000004 1.0000000180025095e-35 3.5000000000000004 3.5000000000000004 24.500000000000004 3.6306988403295679 22.500000000000004 1.0000000180025095e-35 4.1523912776298664 3.6635327548042551 3.9264220126588913 11.500000000000002 32.500000000000007 4.440520185197097 1.0000000180025095e-35 3.8136606896881857 63.500000000000007 4.6053885422075354 27.500000000000004
decision_type=2 2 2 2 2 2 2 2 2 2 2 2 2 2 2 2 2 2 2 2 2 2 2 2 2 2 2 2 2 2
left_child=1 2 -1 5 -5 -3 7 8 -7 -9 -11 12 21 -10 15 16 -6 -18 19 -19 -16 -12 23 26 -25 -24 29 28 -26 -20
right_child=-2 3 -4 4 14 6 -8 9 13 10 11 -13 -14 -15 20 -17 17 18 22 -21 -22 -23 25 24 27 -27 -28 -29 -30 -31
leaf_value=-0.033848904870064256 0.029088070212120617 -0.010897457176650121 -0.0060825914529441137 -0.017130701657674326 0.026070819365831652 0.0022695896638430385 0.028646865278466965 0.02392834189410217 -0.067191436580204891 0.023254588697319781 -0.031729993824680787 0.055624855357742468 0.017901805988753954 0.022402239410570426 -0.065311260984830935 0.053192188621647464 -0.019775146002827176 0.0074930713127991863 -0.0086395084654600877 -0.025640949228891333 0.021574961509612717 -0.10736219993302686 0.046882660639588153 0.036415273588307408 -0.38962121242935793 -0.025777682115437392 -0.034244678866273956 0.051834319532187846 -0.092414841536350489 0.054003796031644562
leaf_weight=25.05438643717207 24.413676947820932 34.092157206498086 62.68262315983884 63.748743077274412 13.681696926709263 70.111719346605241 29.790727589046583 58.298336938256398 6.007531462237238 10.734482562635096 8.2405375540256518 2.2713883288670322 4.0868017459288231 1.8273600507527588 1.5765214529819775 4.3626711876131585 43.266214889939874 154.14767991472036 8.8015137668699008 12.617688800906761 32.132340434938669 2.4524608885403714 3.3567699084524056 19.312881203833971 0.22673302167095144 44.766083460533991 23.400827499572188 0.3518088017590344 0.33027547458186746 3.8778538014739743
leaf_count=2409 5254 3958 4056 1950 471 4656 3158 2972 73 364 60 38 251 17 49 72 3241 3788 53 386 787 88 71 1900 28 492 236 28 22 51
internal_value=0.000103164 -0.000845897 -0.0140116 0.000909946 -0.00232351 0.00700986 0.0101597 0.00680208 -0.00261195 0.0153262 -0.0027223 -0.0190759 -0.0305561 -0.0462952 0.000254081 -0.00149546 -0.00222255 -0.00345357 -0.000849588 0.00498611 0.0175114 -0.0490764 -0.0101691 -0.00116015 0.0298025 -0.0207093 -0.0185136 -0.110723 -0.213394 0.0105193
internal_weight=770.022 745.609 87.737 657.872 429.958 227.914 193.821 164.031 77.9466 86.084 27.7857 17.0512 14.7798 7.83489 366.21 332.501 328.138 314.456 271.19 166.765 33.7089 10.693 104.425 56.3019 20.2217 48.1229 36.0802 0.908817 0.557008 12.6794
internal_count=40979 35725 6465 29260 13625 15635 11677 8519 4746 3773 801 437 399 90 11675 10839 10767 10296 7055 4174 836 148 2881 2318 1978 563 340 78 50 104
is_linear=0
shrinkage=0.05


Tree=118
num_leaves=31
num_cat=0
split_feature=9 11 14 6 8 14 9 0 6 14 0 9 4 15 15 5 0 9 0 8 4 4 5 0 9 0 0 14 9 0
split_gain=9.34615 6.49491 6.26629 10.6999 5.31295 4.13077 6.06054 8.0634 7.22962 6.06701 11.0562 7.18049 7.03467 6.64057 7.08807 5.45402 5.3001 5.28689 6.39847 12.1994 8.60338 7.23117 6.11727 5.79333 5.25816 5.23872 5.1363 7.73406 6.35494 5.40575
threshold=1.0000000180025095e-35 5.5000000000000009 4.5000000000000009 1.0000000180025095e-35 3.5000000000000004 6.5000000000000009 12.500000000000002 39.500000000000007 1.0000000180025095e-35 16.500000000000004 33.500000000000007 5.5000000000000009 3.9264220126588913 9.0109422727448507 9.6438385119425103 8.5000000000000018 50.500000000000007 6.5000000000000009 25.500000000000004 2.5000000000000004 3.9394709940012875 3.8367752889555722 4.5000000000000009 25.500000000000004 7.5000000000000009 41.500000000000007 24.500000000000004 8.5000000000000018 2.5000000000000004 25.500000000000004
decision_type=2 2 2 2 2 2 2 2 2 2 2 2 2 2 2 2 2 2 2 2 2 2 2 2 2 2 2 2 2 2
left_child=2 4 -1 -4 5 17 7 8 -7 10 11 13 -11 26 -15 -9 -8 18 21 20 -20 -2 -22 -19 -12 -24 -10 28 29 -28
right_child=1 -3 3 -5 -6 6 16 15 9 12 24 -13 -14 14 -16 -17 -18 23 19 -21 22 -23 25 -25 -26 -27 27 -29 -30 -31
leaf_value=-0.028623904674238383 -2.6044269066807294e-05 0.032426116067821045 -0.010155681961199065 0.023995917038922 0.020899892051167424 0.0039746110753537192 -0.047241223625777574 0.041725135215224321 -0.041566811471580332 0.020565715998333491 0.043569741335504716 -0.088954937634406539 -0.066669189507967005 -0.15641541403825479 -0.030030014062476958 -0.039520068126513895 0.0099339154774098857 0.04714379426458052 0.027554744430696526 0.048156680758739884 -0.085692945697105338 -0.047145097925121719 -0.034005962023893464 0.0070374497971731655 -0.030283319573150252 0.058893064905808236 -0.0057420753034500465 -0.013004113621430325 -0.077357392439994899 0.055326165302799192
leaf_weight=33.47547234268859 67.135462867561728 18.805980822071433 154.23388001648709 26.941040017292835 36.645695209968835 184.49528901744634 13.000912940129639 16.427224257960919 10.30429897457361 3.0766037106513968 13.234003213467078 3.1450900863856068 9.287096990272401 1.5356304785236705 3.9965049331076443 2.362783611752092 5.8894679760560384 15.995558680966495 9.9872293975204247 18.94085504184477 4.0074621322564763 9.2663096189498884 5.82879284536466 20.600414848187938 2.9467594416346392 2.0517230229452252 5.5480299144983318 55.188452878966928 1.3887793514877547 10.448375062551348
leaf_count=3997 611 4658 15307 1236 1057 1495 437 1614 62 15 729 24 55 15 60 80 405 3833 92 2380 58 145 71 1554 106 165 28 439 14 237
internal_value=0.000102533 0.00354758 -0.00874946 -0.00507728 0.00252814 0.00117104 -0.00188751 -0.000279468 -0.00224044 -0.0117879 -0.00798093 -0.0147146 -0.0449615 -0.0120736 -0.0651125 0.0315088 -0.0294157 0.0079771 0.00279754 0.0187801 -0.00665581 -0.00574083 -0.0353965 0.0245673 0.03012 -0.00981934 -0.00853321 -0.00384296 0.0252387 0.0341459
internal_weight=766.191 551.541 214.65 181.175 532.735 496.089 342.275 323.385 304.595 120.1 107.736 91.5552 12.3637 88.4101 5.53214 18.79 18.8904 153.814 117.218 40.8161 21.8752 76.4018 11.888 36.596 16.1808 7.88052 82.8779 72.5736 17.3852 15.9964
internal_count=40979 20439 20540 16543 15781 14724 5815 4973 3279 1784 1714 879 70 855 75 1694 842 8909 3522 2766 386 756 294 5387 835 236 780 718 279 265
is_linear=0
shrinkage=0.05


Tree=119
num_leaves=31
num_cat=0
split_feature=9 11 8 2 10 4 8 4 3 4 4 2 9 15 11 15 4 4 4 4 4 4 3 6 10 11 9 9 6 8
split_gain=8.53653 6.06988 5.80044 7.40831 5.63059 5.84141 4.83963 4.82789 4.4641 4.5428 4.29178 4.1579 6.8507 4.79423 10.3132 5.18477 5.3865 4.77478 5.80049 4.6647 4.65422 5.21889 4.04748 15.0447 4.19436 4.82031 3.35098 5.13828 3.59234 3.31499
threshold=1.0000000180025095e-35 5.5000000000000009 2.5000000000000004 1.5000000000000002 1.0000000180025095e-35 3.6402898623546771 3.5000000000000004 3.5724503550461284 1.0000000180025095e-35 3.6143694458867568 3.6163485660751649 1.5000000000000002 1.5000000000000002 9.0109422727448507 3.5000000000000004 9.6438385119425103 3.9677201004745002 3.5770760040037612 3.6226966422445046 4.1523912776298664 3.8441697217888646 3.7952067930466749 1.0000000180025095e-35 1.0000000180025095e-35 1.0000000180025095e-35 1.0000000180025095e-35 20.500000000000004 12.500000000000002 1.0000000180025095e-35 6.5000000000000009
decision_type=2 2 2 2 2 2 2 2 2 2 2 2 2 2 2 2 2 2 2 2 2 2 2 2 2 2 2 2 2 2
left_child=2 6 4 8 -1 7 11 -6 -4 -10 -11 12 19 17 15 -15 -17 -13 -19 -2 21 -14 23 -20 25 26 27 -24 -29 -8
right_child=1 -3 3 -5 5 -7 29 -9 9 10 -12 13 20 14 -16 16 -18 18 22 -21 -22 -23 24 -25 -26 -27 -28 28 -30 -31
leaf_value=-0.030756208079055603 0.0029104457819820648 0.031739775941590491 0.052296752618190626 0.022445950457331491 0.025059239298656923 -0.0038166959238314711 0.024649556454773288 0.220702494392188 -0.031402399793890749 0.135282311394293 -0.0062306475151226014 -0.024887469013990592 0.017478887774041336 -0.1438346716809546 0.019133333849339251 -0.07878486371631041 0.029109020794955476 0.052251869877026805 -0.13439275557262631 -0.048854227470263384 0.037289298892032745 -0.045557621525177762 -0.0076274169853645414 0.043566432461781462 0.012855894049441631 0.015495146344747563 0.028219237030697449 0.0040119306066432256 -0.061961596970268457 -0.029485415141844763
leaf_weight=42.747905853902921 170.86776316910982 18.265868251444772 2.9928460633382192 23.265341347781941 0.72634764900430926 9.266184712527318 33.222134309820831 0.55725431768223643 20.018107847543433 0.53834997024387021 112.16517435386777 20.196943879127502 18.154659885913137 1.8454462573863546 5.5026515105273575 3.9470794461667538 1.63636057684198 5.2810796359553924 1.3177729598246486 4.4658219164703032 25.905770285520703 4.0084529682062557 141.13512471504509 12.025739274919033 37.462350580375642 23.709399867337197 5.919198603834956 2.8345140316523594 7.5844596144743264 3.0910271487664422
leaf_count=5693 1134 4658 90 1187 48 397 960 21 3638 90 9376 136 539 29 461 34 52 50 32 43 3510 73 3116 481 2679 1831 309 44 171 97
internal_value=0.000105288 0.00340084 -0.00840815 -0.0036226 -0.0226828 0.0100308 0.00242437 0.109994 -0.00809149 -0.00945324 -0.00555468 0.00112884 0.00617649 -0.00304151 -0.0327488 -0.0711784 -0.047164 -0.00154943 0.000437156 0.00159198 0.0228987 0.00607801 -0.000742375 0.0259916 -0.0023739 -0.0055229 -0.00868741 -0.0101289 -0.0440133 0.0200415
internal_weight=760.657 548.38 212.278 158.98 53.2977 10.5498 530.114 1.2836 135.714 132.722 112.704 493.801 223.402 270.398 12.9315 7.42889 5.58344 257.467 237.27 175.334 48.0689 22.1631 231.989 13.3435 218.645 181.183 157.473 151.554 10.419 36.3132
internal_count=40979 20439 20540 14381 6159 466 15781 69 13194 13104 9466 14724 5299 9425 576 115 86 8849 8713 1177 4122 612 8663 513 8150 5471 3640 3331 215 1057
is_linear=0
shrinkage=0.05


Tree=120
num_leaves=31
num_cat=0
split_feature=0 9 14 4 9 7 4 14 0 15 14 0 8 15 15 0 6 11 0 14 5 9 15 4 14 4 5 9 5 4
split_gain=8.37834 5.42661 10.3555 7.49624 7.40208 6.63138 6.52417 6.36842 6.89108 5.82497 5.59537 5.15995 4.71058 4.53926 11.5624 26.0727 4.26855 5.46952 5.0806 4.1072 4.04207 3.45718 4.20159 7.79012 3.26173 3.19438 2.80487 2.74361 7.89381 6.13478
threshold=34.500000000000007 7.5000000000000009 17.500000000000004 3.8843921912357744 21.500000000000004 1.0000000180025095e-35 4.6992827592739639 4.5000000000000009 179.50000000000003 4.5628036086051358 9.5000000000000018 16.500000000000004 7.5000000000000009 5.5777777777777784 4.7847985347985356 40.500000000000007 1.0000000180025095e-35 1.0000000180025095e-35 44.500000000000007 16.500000000000004 3.5000000000000004 1.5000000000000002 2.4540800963565199 4.0575256179842079 20.500000000000004 3.916126946588284 5.5000000000000009 9.5000000000000018 4.5000000000000009 3.8868634103185031
decision_type=2 2 2 2 2 2 2 2 2 2 2 2 2 2 2 2 2 2 2 2 2 2 2 2 2 2 2 2 2 2
left_child=11 2 7 -4 5 13 9 21 -9 10 -7 20 24 14 19 -16 17 -5 26 -3 -1 22 23 -2 27 -26 -18 -13 -29 -30
right_child=1 4 3 16 -6 6 -8 8 -10 -11 -12 12 -14 -15 15 -17 18 -19 -20 -21 -22 -23 -24 -25 25 -27 -28 28 29 -31
leaf_value=-0.042286599583571463 0.028204212747681652 -0.011650758180518993 0.067272920964515523 0.022744160537462366 0.029150005844483295 -0.089251201129191382 0.050347124411878545 0.048468280834063175 -0.30309750147284725 -0.13778009482559136 0.055568869705564121 -7.6380147321149417e-05 -0.076491954189094102 0.042040286970292357 0.051305848848476998 -0.52484868373405413 -0.06370316086328108 -0.063897583243877773 0.032823799651251248 0.051406218801002879 0.04768719670271037 0.057849043678766615 0.039309052021494539 -0.09389773261924092 -0.099089400081006251 -0.014652225713803327 0.006192225671021818 0.05088141287058489 -0.11714246465072282 -0.020800728215458333
leaf_weight=11.751166522037236 2.3629856333136541 22.819571139058109 3.3879207358695593 10.582862899638711 15.788769326871259 1.6936218317132437 1.1404787306673823 33.554941265494563 0.13996580615639587 2.4552915536332875 1.1002902826294301 614.40093639306724 2.064105534926056 4.9008246297016731 0.45470634545199473 0.34559928183443844 7.5516862967051548 2.2002277369610974 2.2815797280054548 2.9118991876021019 1.3966388059779991 2.1320916218683124 2.5064349842723459 2.9211235784459859 1.5896566025912751 3.7921094801276922 1.772176092257723 2.4875381730962527 2.4354217466898263 5.1392382453195751
leaf_count=2812 53 1003 30 121 3011 47 316 4964 17 68 23 25793 46 996 35 16 96 52 204 142 38 194 376 65 21 56 21 293 47 168
internal_value=0.000569168 0.0124165 0.021444 -0.00241852 0.000394594 -0.0116092 -0.0580446 0.0366401 0.0470079 -0.0815945 -0.0322186 -0.00172672 -0.00108167 -0.00216978 -0.0103361 -0.197497 -0.0120997 0.00783137 -0.0340532 -0.00451492 -0.032729 0.00143352 -0.0140061 -0.0392953 -0.00083454 -0.0395931 -0.0504182 -0.00050051 -0.026398 -0.0517767
internal_weight=770.062 125.005 71.394 27.7765 53.6111 37.8223 6.38968 43.6175 33.6949 5.2492 2.79391 645.057 631.909 31.4326 26.5318 0.800306 24.3885 12.7831 11.6054 25.7315 13.1478 9.92264 7.79054 5.28411 629.845 5.38177 9.32386 624.463 10.0622 7.57466
internal_count=41124 11850 6193 524 5657 2646 454 5669 4981 138 70 29274 26424 2192 1196 51 494 173 321 1145 2850 688 494 118 26378 77 117 26301 508 215
is_linear=0
shrinkage=0.05


Tree=121
num_leaves=31
num_cat=0
split_feature=0 9 14 4 9 14 0 14 0 8 10 9 14 9 15 4 10 2 0 11 14 2 4 9 4 9 11 0 0 0
split_gain=7.725 5.05173 9.87068 6.83768 6.7757 6.15321 6.97452 6.08124 4.84351 4.48501 4.29091 3.30989 4.94786 3.24776 3.81396 6.92817 3.0965 3.06626 5.42622 5.15452 3.03399 2.89718 3.66624 4.73426 5.21111 5.13153 4.34145 3.25928 6.44817 2.9478
threshold=34.500000000000007 7.5000000000000009 17.500000000000004 3.8843921912357744 21.500000000000004 4.5000000000000009 282.50000000000006 16.500000000000004 16.500000000000004 7.5000000000000009 1.0000000180025095e-35 8.5000000000000018 12.500000000000002 1.5000000000000002 2.4540800963565199 4.0575256179842079 1.0000000180025095e-35 1.5000000000000002 44.500000000000007 1.0000000180025095e-35 21.500000000000004 1.5000000000000002 4.2737066026336752 17.500000000000004 4.6992827592739639 14.500000000000002 1.0000000180025095e-35 47.500000000000007 44.500000000000007 39.500000000000007
decision_type=2 2 2 2 2 2 2 2 2 2 2 2 2 2 2 2 2 2 2 2 2 2 2 2 2 2 2 2 2 2
left_child=8 2 5 -4 7 13 -7 10 16 20 21 12 -12 14 15 -2 -1 19 -19 -5 -10 29 26 24 25 -24 -23 28 -27 -3
right_child=1 4 3 17 -6 6 -8 -9 9 -11 11 -13 -14 -15 -16 -17 -18 18 -20 -21 -22 22 23 -25 -26 27 -28 -29 -30 -31
leaf_value=-0.039805972557906383 0.026870926562462063 0.051525056995850894 0.064718928456784466 0.020544698963662324 0.02849415366141991 0.048179795497800618 -0.31080766593388032 0.051608061408020267 -0.00058221530379307432 -0.076466029323566914 0.050825681059113864 0.039809682882385886 -0.19343150462728845 0.057597450420067135 0.038465774332901922 -0.088039672102845135 0.047826798095246655 -0.046920052558546768 0.035804703902829527 -0.065167384298104009 -0.058233324161351886 -0.032532222302363349 -0.065174355641794982 0.05084737621182666 0.050453402406418095 -0.08316131858362702 0.026375936665453334 -0.092387456426384962 -0.36564464575931838 -0.036692092147400622
leaf_weight=11.60990516771562 2.3563937745057029 2.2978452336974473 3.3466151910834041 10.281421266961841 15.355697485385461 32.150857963366434 0.13587124645709892 3.5357663221657267 627.60563844442368 1.964085861109196 0.42401275597512622 4.6439633881673217 0.40571273351088166 2.0367448970209807 2.4351419962476939 2.9587063854560256 1.1038856692612178 9.4496199428103846 2.5085091537330308 2.1148647016379991 2.29045028053224 15.302481085993355 3.0949723280500612 0.76310105132870365 0.64479169761762012 0.35390137881040551 3.9311892068944863 0.61587519664317369 0.47072063363157213 1.6107734385877845
leaf_count=2826 53 164 30 116 3011 4976 5 198 26344 46 57 935 13 194 376 65 24 121 233 24 34 371 135 131 178 39 321 10 9 85
internal_value=0.000550967 0.0120214 0.0208821 -0.00229459 0.000454676 0.0361415 0.0466691 -0.0108477 -0.00164188 -0.00102708 -0.0172376 0.0233751 -0.0686093 0.00141166 -0.0133538 -0.0370953 -0.0321972 -0.0115031 -0.0295665 0.00592181 -0.000791848 -0.0248805 -0.0310982 -0.0654218 -0.0825494 -0.101458 -0.0204919 -0.179415 -0.244412 0.0151701
internal_weight=767.8 123.226 69.7747 27.701 53.4508 42.0737 32.2867 38.0951 644.574 631.86 34.5593 5.47369 0.829725 9.78699 7.75024 5.3151 12.7138 24.3544 11.9581 12.3963 629.896 29.0857 25.177 5.94336 5.18026 4.53547 19.2337 1.4405 0.824622 3.90862
internal_count=41124 11850 6193 524 5657 5669 4981 2646 29274 26424 2448 1005 70 688 494 118 2850 494 354 140 26378 1443 1194 502 371 193 692 58 48 249
is_linear=0
shrinkage=0.05


Tree=122
num_leaves=31
num_cat=0
split_feature=0 9 9 14 4 4 7 14 2 9 4 4 0 2 4 13 14 14 0 9 0 4 2 14 9 3 0 6 0 3
split_gain=7.11668 4.70153 4.69948 9.41014 6.23175 6.2185 10.2454 5.94532 5.41271 5.05094 4.65408 5.06243 13.0995 4.35953 5.21916 4.68251 5.62928 4.84069 4.3349 4.29289 7.97606 4.05485 3.48189 7.76086 5.87918 4.76955 3.50775 3.47811 4.04928 3.38046
threshold=34.500000000000007 1.0000000180025095e-35 7.5000000000000009 17.500000000000004 3.8843921912357744 4.6992827592739639 1.0000000180025095e-35 4.5000000000000009 6.5000000000000009 8.5000000000000018 3.3929372919485519 3.4199948370071587 22.500000000000004 2.5000000000000004 4.2846983172058195 1.0000000180025095e-35 10.500000000000002 3.5000000000000004 35.500000000000007 16.500000000000004 39.500000000000007 4.6053885422075354 1.5000000000000002 4.5000000000000009 3.5000000000000004 1.0000000180025095e-35 28.500000000000004 1.0000000180025095e-35 44.500000000000007 1.0000000180025095e-35
decision_type=2 2 2 2 2 2 2 2 2 2 2 2 2 2 2 2 2 2 2 2 2 2 2 2 2 2 2 2 2 2
left_child=1 10 3 7 -5 6 13 -2 -9 -8 -1 12 -12 -4 15 17 18 -15 -17 20 -18 -11 23 24 -3 26 -24 -6 -29 -13
right_child=2 22 5 4 27 -7 9 8 -10 21 11 29 -14 14 -16 16 19 -19 -20 -21 -22 -23 25 -25 -26 -27 -28 28 -30 -31
leaf_value=-0.046458351179970381 0.0013880891737576401 -0.018520987004195428 0.01547008793431478 0.062218492100422157 0.0071674592616761974 0.050197999629414417 -0.17899510390220671 0.047882457092587739 -0.23563853195981729 -0.020170417056634214 0.028051460742169389 0.032560603213849924 0.47256752696759136 -0.16077690635967662 0.035623960999527679 -0.11750897973351747 -0.17606964856326976 -0.031251293430967421 0.033119001914175349 -0.14193180500017891 0.053336291323583487 -0.11567252765094012 0.0058369063882420611 0.0028552563600453972 0.052392132337149955 -0.0054035436599895034 0.059419111888615497 -0.044697256924401269 0.03126358108644664 -0.0083188144738900634
leaf_weight=7.5663045265246174 9.6548417208250594 3.7058384194970158 27.056387986522168 3.3080614968203035 12.709083275170997 5.6272592577151945 0.83820771938189764 30.768546021776277 0.16926502110436459 3.927102871472016 1.2566159153357137 5.2013273739721617 0.19091753009706725 1.3172688409686073 3.3695151677820823 0.53541124984621991 0.55622808309271965 1.5944518765900282 4.4273731610737741 1.2245171410031614 1.1884561118204144 1.5501787865068761 8.1992897698655707 221.15934482216835 13.833243651315568 195.51545897568576 4.8677628089208147 9.4932801243849081 2.1521830612327912 182.44313696445897
leaf_count=1950 688 56 2211 30 173 2064 14 4977 4 134 179 374 11 11 812 7 7 41 228 28 58 42 67 2024 3153 4146 149 117 204 17165
internal_value=0.000531408 -0.00156256 0.0116322 0.0203159 -0.00217348 0.000493726 -0.00538414 0.0356417 0.0463313 -0.0646917 -0.00800576 -0.00646712 0.0866794 0.00369169 -0.0187297 -0.0356193 -0.0157124 -0.089849 0.0168685 -0.0701687 -0.0198013 -0.0471994 0.00127035 0.00539419 0.0374089 -0.0034489 0.0257974 -0.0109198 -0.030659 -0.00718568
internal_weight=765.407 643.939 121.468 68.2553 27.6626 53.2124 47.5851 40.5927 30.9378 6.31549 196.658 189.092 1.44753 41.2696 14.2132 10.8437 7.93199 2.91172 4.96278 2.9692 1.74468 5.47728 447.281 238.698 17.5391 208.583 13.0671 24.3545 11.6455 187.644
internal_count=41124 29274 11850 6193 524 5657 3593 5669 4981 190 19679 17729 190 3403 1192 380 328 52 235 93 65 176 9595 5233 3209 4362 216 494 321 17539
is_linear=0
shrinkage=0.05


Tree=123
num_leaves=31
num_cat=0
split_feature=8 10 14 9 5 8 14 4 9 14 5 14 5 8 15 4 4 9 9 4 14 15 4 14 4 14 14 4 8 4
split_gain=6.9157 6.34532 4.48431 4.37699 6.68711 5.75763 5.97489 4.54875 4.27519 8.2278 6.18495 5.35475 4.74506 4.09471 4.00084 19.1405 3.93443 3.56235 3.41636 4.23775 11.9847 7.73569 6.04925 11.8056 11.0925 6.94599 5.78456 3.30549 3.55917 3.29861
threshold=7.5000000000000009 1.0000000180025095e-35 6.5000000000000009 21.500000000000004 6.5000000000000009 5.5000000000000009 7.5000000000000009 4.2498354775033391 1.0000000180025095e-35 5.5000000000000009 3.5000000000000004 8.5000000000000018 5.5000000000000009 2.5000000000000004 2.4540800963565199 3.6306988403295679 4.0965037564256042 19.500000000000004 1.0000000180025095e-35 3.9219331703790541 13.500000000000002 3.9344685242518063 4.0114570089332817 9.5000000000000018 4.167960672279321 11.500000000000002 12.500000000000002 4.0273211391993682 3.5000000000000004 3.6538767234763556
decision_type=2 2 2 2 2 2 2 2 2 2 2 2 2 2 2 2 2 2 2 2 2 2 2 2 2 2 2 2 2 2
left_child=1 3 14 4 5 7 -7 8 9 12 13 -12 -1 16 -3 -16 -11 -10 19 29 21 22 23 -21 -24 -25 -27 28 -20 -4
right_child=-2 2 18 -5 -6 6 -8 -9 17 10 11 -13 -14 -15 15 -17 -18 -19 27 20 -22 -23 24 25 -26 26 -28 -29 -30 -31
leaf_value=-0.033000629735500671 -0.087320394798931347 0.015402679686393823 0.034936555836864884 0.027714884387343715 -0.029696967349121313 -0.026816339390328982 0.066290696074643954 0.034098717989628831 0.00071695137354886368 -0.035273735025339779 0.046976399057428092 -0.011542836302945768 0.21339147839397113 -0.0038528391354903224 0.44958045507731415 0.04259472498409745 0.18141490518220135 -0.092052523300861458 -0.00054018181150438467 0.37950426141973981 -0.020868387686651346 -0.0072058359975729043 -0.023605265310876665 -0.0097155014498169334 0.2207307835658685 0.34046373255285201 0.073848448101018191 0.023866618165059524 0.043954058361515884 -0.035194540196018968
leaf_weight=32.589191305451095 2.2345224986784151 18.254634705604989 1.9109535482712079 12.58128235558979 21.152538193855435 2.4067963401321304 6.0655020249541849 8.7457838195841742 403.1233736211434 14.60094594256952 10.40083161997609 6.2631498815026125 0.19658026844262977 92.619036597432569 0.29942993586882849 8.2085699578747136 0.21253261156380254 1.0374856675043691 47.881602175766602 0.48465934791602494 12.526641206350176 2.6079732935177162 1.6404418722959238 0.773787493817508 0.64799851935822506 0.38436889741569757 0.43220033124089241 32.678846400463954 4.9600791581906369 13.676385514670981
leaf_count=5426 54 1519 160 2406 922 140 106 1543 8607 2538 196 179 2 9531 6 2309 9 42 528 28 532 288 98 38 40 26 25 2980 126 720
internal_value=0.000512595 0.000771055 0.0100852 -0.0014718 -0.0020844 -0.00107435 0.039841 -0.00168273 -0.0022405 -0.00924601 -0.00336045 0.024982 -0.0315233 -0.00775668 0.0286007 0.0569182 -0.0321648 0.000478811 0.00597659 -0.00716171 0.0083752 0.0609217 0.10164 0.163466 0.0455813 0.0976279 0.199347 0.0113667 0.00363635 -0.0265967
internal_weight=761.598 759.364 147.369 611.995 599.414 578.261 8.4723 569.789 561.043 156.882 124.096 16.664 32.7858 107.433 26.7626 8.508 14.8135 404.161 120.606 35.0854 19.4981 6.97143 4.36346 2.07502 2.28844 1.59036 0.816569 85.5205 52.8417 15.5873
internal_count=41124 41070 9423 31647 29241 28319 246 28073 26530 17881 12453 375 5428 12078 3834 2315 2547 8649 5589 1955 1075 543 255 117 138 89 51 3634 654 880
is_linear=0
shrinkage=0.05


Tree=124
num_leaves=31
num_cat=0
split_feature=8 0 2 14 0 0 14 14 9 5 9 14 4 8 0 8 0 15 3 15 14 14 5 9 4 11 4 8 5 4
split_gain=6.53261 6.82054 4.92742 4.34672 4.30405 4.11779 4.14906 3.50794 3.41154 7.59787 5.00457 11.404 4.52103 7.62551 4.35497 3.77401 4.41551 6.49983 3.84511 4.16137 14.364 3.70348 3.3106 3.01062 2.90291 7.73024 4.43403 4.42719 5.27252 9.33258
threshold=7.5000000000000009 36.500000000000007 2.5000000000000004 8.5000000000000018 16.500000000000004 41.500000000000007 2.5000000000000004 16.500000000000004 9.5000000000000018 4.5000000000000009 6.5000000000000009 4.5000000000000009 3.8868634103185031 3.5000000000000004 23.500000000000004 3.5000000000000004 28.500000000000004 7.672684458398745 1.0000000180025095e-35 20.72734124740909 8.5000000000000018 15.500000000000002 3.5000000000000004 15.500000000000002 3.788832339775448 1.0000000180025095e-35 3.975297397565547 2.5000000000000004 3.5000000000000004 4.0216725492034993
decision_type=2 2 2 2 2 2 2 2 2 2 2 2 2 2 2 2 2 2 2 2 2 2 2 2 2 2 2 2 2 2
left_child=1 4 -3 5 22 6 -4 23 10 -10 14 -12 -11 -14 24 18 17 -17 19 21 -21 -16 -1 -5 -6 26 -26 -28 -29 -30
right_child=-2 2 3 7 8 -7 -8 -9 9 12 11 -13 13 -15 15 16 -18 -19 -20 20 -22 -23 -24 -25 25 -27 27 28 29 -31
leaf_value=-0.041056683930612792 -0.086787075823223328 0.020448818337409566 -0.10775283762472875 -0.017626740976700514 -0.0028962614895875131 0.023753749454243727 0.00061021074905884655 0.051996796453151709 0.050937251394095953 -0.089617539794491358 0.050950890319993683 -0.014361220620834456 -0.00831576858766459 -0.19169033777867062 0.049264560570193398 0.01814479909498095 0.04405891226633412 -0.061676554572563928 8.7959312932714934e-06 -0.45094245063541261 0.051692147590713645 -0.018949058716289643 0.038060357700492334 -0.080299460974621095 -0.01280568702287108 -0.048965819201710011 -0.052307748776563995 0.017051678695237483 0.27213122447385135 0.035928094013141378
leaf_weight=10.32458901312202 2.1382901649922124 67.714044786873274 1.3009423557668984 4.3359041021903959 182.47301711025648 12.622589279082602 2.7518285850528628 1.0512120395433155 2.7163086086511603 3.4851937168277791 14.638277581892909 12.299292046111075 7.7148263962008041 0.61189713794738043 9.488915678230109 14.564913401380187 11.425952095072715 3.0917526052799067 324.05237495410256 0.19813566841185171 0.50292931939475238 2.5177572043612608 1.5164301046170283 3.433637531939894 40.260470924433321 13.44792062602937 1.4041860876604904 4.6278870422393084 0.63579482818022359 1.221834100782871
leaf_count=2812 54 7963 10 311 10319 2230 60 113 335 58 3736 532 260 23 341 249 445 34 6971 9 58 33 38 201 2901 530 94 340 28 36
internal_value=0.000483336 0.000730034 0.0133947 -0.00534021 -0.00104987 0.00967492 -0.0341744 -0.0337259 -0.000506801 -0.0244643 3.97308e-05 0.0211304 -0.0418039 -0.0217912 -0.000891762 0.00255919 0.0198402 0.00416776 0.00106681 0.0280465 -0.0903629 0.0349604 -0.0309245 -0.0453241 -0.00606446 -0.0154497 -0.0060889 0.0281863 0.0456141 0.116771
internal_weight=758.569 756.431 93.2102 25.4961 663.221 16.6754 4.05277 8.82075 651.38 14.5282 636.851 26.9376 11.8119 8.32672 609.914 365.843 29.0826 17.6567 336.76 12.7077 0.701065 12.0067 11.841 7.76954 244.071 61.5981 48.1502 7.8897 6.48552 1.85763
internal_count=41124 41070 10888 2925 30182 2300 70 625 27332 676 26656 4268 341 283 22388 8140 728 283 7412 441 67 374 2850 512 14248 3929 3399 498 404 64
is_linear=0
shrinkage=0.05


Tree=125
num_leaves=31
num_cat=0
split_feature=0 9 2 3 10 9 3 4 14 9 4 7 9 9 14 10 14 14 9 9 0 4 4 6 0 4 4 0 14 15
split_gain=6.79535 5.05336 5.84115 7.69749 7.72731 6.01155 5.45173 4.74381 4.48791 6.42881 4.48012 7.69598 7.5437 5.45231 4.30576 6.28497 4.12888 5.98151 5.83241 4.07987 4.00384 3.95882 3.82752 4.22213 3.76967 3.71363 4.7378 16.2774 3.52715 3.37611
threshold=36.500000000000007 1.0000000180025095e-35 1.5000000000000002 1.0000000180025095e-35 1.0000000180025095e-35 1.5000000000000002 1.0000000180025095e-35 3.9760219219180022 13.500000000000002 7.5000000000000009 4.6689222239005828 1.0000000180025095e-35 8.5000000000000018 12.500000000000002 14.500000000000002 1.0000000180025095e-35 5.5000000000000009 6.5000000000000009 6.5000000000000009 16.500000000000004 57.500000000000007 3.3509606206539586 4.4515090754804829 1.5000000000000002 25.500000000000004 3.3929372919485519 3.4199948370071587 23.500000000000004 6.5000000000000009 18.075692600912127
decision_type=2 2 2 2 2 2 2 2 2 2 2 2 2 2 2 2 2 2 2 2 2 2 2 2 2 2 2 2 2 2
left_child=1 6 5 4 -4 21 -1 -6 9 -2 11 19 -13 -14 15 -5 29 18 -18 -11 22 -3 23 28 -17 -8 27 -27 -21 -7
right_child=8 2 3 14 7 16 25 -9 -10 10 -12 12 13 -15 -16 24 17 -19 -20 20 -22 -23 -24 -25 -26 26 -28 -29 -30 -31
leaf_value=0.042180339147155174 0.040657717766536636 0.042298033340339367 0.046463266259974066 -0.0082037169818697641 0.0019430410558970925 0.04732064807363185 -0.045388278588478943 -0.17419492598047595 -0.0031587824452707692 0.036258290625105917 0.050191982599959786 -0.17819607096894224 0.056913345188717629 -0.072160633384745418 -0.031347913141865566 0.07837282037180493 -0.095673207286680384 0.02135302737924745 0.023634231173034252 0.017481763771223166 0.051032288863860166 0.0012430460638586506 0.050232786144528474 -0.12050118315715364 0.013215934162297474 0.020618898343728022 -0.00949757406067675 0.54532413228180499 -0.041541516798406751 -0.12765919357750805
leaf_weight=5.1073422871995708 23.943489642464556 6.0605616979300967 11.492557699559253 173.02417483599856 0.91339895734563537 14.9327043085359 7.2005041318479917 0.65737833781167865 29.699554765364155 9.5687639865791478 5.1531816227361551 1.0422149673104275 1.2874673977494242 2.2445622822269797 17.112310448661447 2.5561296576634076 2.3449206575751331 24.052834387402982 1.8189573693089185 4.3199796450790036 2.6608646761160335 188.56607130402699 1.8700484079308797 1.090441847918554 16.873406501021236 1.2724777681287367 180.08053363463841 0.16723238304257382 6.1126494889613241 0.28084916621446687
leaf_count=425 4502 62 157 3791 41 3233 2001 36 1516 987 2077 14 51 78 95 44 18 582 174 400 415 1236 503 27 867 176 17083 4 298 49
internal_value=-0.000256957 -0.00201955 0.000830196 -0.00499172 0.0322463 0.00627481 -0.00879276 -0.0717716 0.0127063 0.020653 0.00710328 -0.000249899 -0.059991 -0.0251116 -0.00731296 -0.00517585 0.0230949 0.0117747 -0.0435547 0.0104153 -0.00498815 0.00252147 -0.016118 -0.0268858 0.0217879 -0.0101722 -0.0087753 0.0815671 -0.0171009 0.0440904
internal_weight=743.508 654.514 460.686 222.629 13.0633 238.057 193.828 1.57078 88.9932 59.2937 35.3502 30.197 4.57424 3.53203 209.566 192.454 43.4303 28.2167 4.16388 25.6227 16.054 194.627 13.3931 11.5231 19.4295 188.721 181.52 1.43971 10.4326 15.2136
internal_count=40942 30074 10385 5031 234 5354 19689 77 10868 9352 4850 2773 143 129 4797 4702 4056 774 192 2630 1643 1298 1228 725 911 19264 17263 180 698 3282
is_linear=0
shrinkage=0.05


Tree=126
num_leaves=31
num_cat=0
split_feature=0 9 3 8 4 0 14 9 0 4 4 14 5 5 0 4 10 4 14 9 9 15 8 14 4 15 14 4 9 4
split_gain=6.23122 4.61692 5.06963 4.51681 4.54513 6.02118 4.22177 3.91641 7.29648 4.87312 8.49067 4.82389 5.90661 4.56604 3.70583 4.0661 7.77774 3.43933 4.37805 10.9219 5.94398 5.35224 4.57676 5.789 5.06982 3.74611 5.02488 8.27752 8.07111 4.42345
threshold=36.500000000000007 1.0000000180025095e-35 1.0000000180025095e-35 5.5000000000000009 3.9139770731827519 24.500000000000004 9.5000000000000018 15.500000000000002 49.500000000000007 3.9760219219180022 4.1775666946067282 20.500000000000004 6.5000000000000009 6.5000000000000009 42.500000000000007 4.3443148506160068 1.0000000180025095e-35 3.7952067930466749 4.5000000000000009 2.5000000000000004 5.5000000000000009 2.8708791208791213 2.5000000000000004 2.5000000000000004 3.9219331703790541 6.8337484433374849 8.5000000000000018 3.9021748142117278 3.5000000000000004 3.8443087154995537
decision_type=2 2 2 2 2 2 2 2 2 2 2 2 2 2 2 2 2 2 2 2 2 2 2 2 2 2 2 2 2 2
left_child=1 2 -1 -4 5 -5 -2 11 9 -9 13 12 -8 -11 -14 -16 -17 -3 19 22 25 -22 24 -24 -19 26 27 28 29 -20
right_child=6 17 3 4 -6 -7 7 8 -10 10 -12 -13 14 -15 15 16 -18 18 20 -21 21 -23 23 -25 -26 -27 -28 -29 -30 -31
leaf_value=0.041712545420476942 0.023101298778970415 0.0057199018688561289 -0.011059763274497052 -0.013649512450621513 -0.030444654818342323 0.12135118110774756 0.040160657321742614 0.053531473708051537 0.014191314585135907 -0.24052147405649618 -0.018105532859598362 -0.013857787898782701 -0.11488934956749522 -0.089128096359177122 0.055027707064187407 -0.13003025990833247 0.050309641637156177 0.0030652222930146935 0.038363507059156053 0.04065569733494262 -0.040947517734126304 0.019213625380927194 -0.13262153083381731 0.047388677613860251 -0.055658940028583063 -0.022690785896265709 -0.0046406585453088629 0.043061918857092624 -0.10664415369144804 -0.014440246782141883
leaf_weight=4.9113726728828615 44.405294356984086 200.17216661130078 182.08520992472768 1.3483196543529623 1.7128673000261185 2.1318592447787523 15.226791318156758 0.64887367188930323 5.0558932959102094 1.0169350467622282 1.8728645450901238 13.623041651444508 0.88888336392119427 0.976072666235268 1.7707737404853103 1.2659803724382073 1.1328984707361087 7.1622959580272454 6.2299942765384975 18.171314045321196 19.143064241157848 4.5817914200015357 0.49767075479030509 4.3549630246125162 7.5492940633557737 21.23705809074454 142.16794749954715 15.958232699893413 1.7965900888666499 10.914831260684876
leaf_count=425 7733 2026 19095 110 35 24 1425 17 676 24 72 327 40 20 83 80 371 50 87 3808 475 440 5 363 77 608 1174 1110 21 141
internal_value=-0.000240765 -0.00192509 -0.00843334 -0.00974842 0.0362315 0.0690481 0.0122574 0.00118256 -0.0270634 -0.0732631 -0.0945451 0.009155 0.0246097 -0.166377 -0.0222004 -0.00244107 -0.0448626 0.000794448 -0.00300105 0.0127442 -0.00567708 -0.0293291 -0.0131801 0.0289274 -0.0270692 -0.00284739 -0.000467421 0.0165328 -0.00581816 0.0047473
internal_weight=740.011 652.127 192.19 187.278 5.19305 3.48018 87.8843 43.479 9.57064 4.51475 3.86587 33.9084 20.2853 1.99301 5.05854 4.16965 2.39888 459.937 259.765 37.7355 222.03 23.7249 19.5642 4.85263 14.7116 198.305 177.068 34.8996 18.9414 17.1448
internal_count=40942 30074 19689 19264 169 134 10868 3135 809 133 116 2326 1999 44 574 534 451 10385 8359 4303 4056 915 495 368 127 3141 2533 1359 249 228
is_linear=0
shrinkage=0.05


Tree=127
num_leaves=31
num_cat=0
split_feature=8 0 9 8 2 3 10 9 8 3 0 14 10 14 10 0 14 9 9 9 14 6 0 0 8 0 0 14 14 9
split_gain=5.77677 6.16161 4.04549 7.31595 5.11321 6.91967 6.83217 5.50515 16.6227 4.85085 4.23299 4.0551 3.94237 3.85925 5.61712 3.56848 3.28815 2.84322 4.38014 3.17729 6.6082 5.13995 4.11959 2.82638 2.80393 3.03761 2.64414 2.47366 4.61424 7.85127
threshold=7.5000000000000009 36.500000000000007 1.0000000180025095e-35 5.5000000000000009 1.5000000000000002 1.0000000180025095e-35 1.0000000180025095e-35 1.5000000000000002 4.5000000000000009 1.0000000180025095e-35 24.500000000000004 5.5000000000000009 1.0000000180025095e-35 14.500000000000002 1.0000000180025095e-35 25.500000000000004 12.500000000000002 36.500000000000007 34.500000000000007 7.5000000000000009 19.500000000000004 1.0000000180025095e-35 106.50000000000001 29.500000000000004 2.5000000000000004 38.500000000000007 20.500000000000004 5.5000000000000009 6.5000000000000009 6.5000000000000009
decision_type=2 2 2 2 2 2 2 2 2 2 2 2 2 2 2 2 2 2 2 2 2 2 2 2 2 2 2 2 2 2
left_child=1 2 3 9 7 6 -6 -4 27 -1 26 -8 17 14 -7 -16 -14 18 19 20 22 -22 -3 -17 25 -18 -5 -9 29 -29
right_child=-2 12 4 10 5 13 11 8 -10 -11 -12 -13 16 -15 15 23 24 -19 -20 -21 21 -23 -24 -25 -26 -27 -28 28 -30 -31
leaf_value=0.041097571056146344 -0.085484489432282942 0.041301679970685401 0.0024261196247650392 0.11716114700067147 0.044863874245285401 -0.0075983303078926189 -0.15571028337642356 0.043390229339828994 -0.21071389521327966 -0.010597010087432999 0.091676138839873661 0.0020384018288543263 0.044289634658152929 -0.029538564404250511 0.077482832588376571 -0.012192875542119508 -0.1237578123082376 0.050324963435131556 -0.1442631899533143 -0.0060499094100291773 0.021566901745658663 -0.064050163589235917 -0.092329883955263495 0.029681613550407861 0.021578966027591694 -0.0031413239269738576 -0.050889009980216185 -0.089227204536785662 0.02634857672753483 0.051096981941243694
leaf_weight=4.6550228375708675 1.9812730378471304 15.194491849979386 194.94230254692957 0.29823591373860736 11.286951960064467 172.79103606310673 0.69485096540302105 14.275191688677294 0.75173398014157911 180.57422657706775 2.8689944581128657 0.98474170337431133 14.751321652438493 17.101323268376291 2.4356394917704192 6.7779477122239795 0.72531036660075132 3.3132926673861212 0.50276128482073446 32.506778625305742 3.4378644446842364 3.576835589716211 0.59948868595529425 9.9383297627791745 9.7793840750819054 1.8620595107786355 1.0879351422190664 2.4076979365199831 23.23867716267705 1.7010840906295923
leaf_count=416 53 1808 1297 36 157 3790 15 3278 23 19095 35 62 3990 95 44 174 5 1214 42 2483 30 50 66 693 1052 117 68 17 568 169
internal_value=-0.000222414 7.40039e-06 -0.00166167 -0.00780877 0.00087417 -0.00458005 0.0308631 0.00597662 0.0223106 -0.00929787 0.0570121 -0.0632226 0.012563 -0.00677851 -0.00475068 0.0209412 0.0283482 0.00532377 0.00265257 0.00398788 0.0182937 -0.0220897 0.0362295 0.0127028 0.00933283 -0.0369534 -0.0147329 0.0265192 0.0177126 -0.0311313
internal_weight=737.043 735.062 648.812 189.484 459.328 222.011 12.9665 237.317 42.3744 185.229 4.25517 1.67959 86.2496 209.044 191.943 19.1519 27.1181 59.1315 55.8182 55.3155 22.8087 7.0147 15.794 16.7163 12.3668 2.58737 1.38617 41.6227 27.3475 4.10878
internal_count=40942 40889 30032 19650 10382 5030 234 5352 4055 19511 139 77 10857 4796 4701 911 5164 5693 4479 4437 1954 80 1874 867 1174 122 104 4032 754 186
is_linear=0
shrinkage=0.05


Tree=128
num_leaves=31
num_cat=0
split_feature=8 0 10 5 9 8 6 3 9 3 4 0 9 8 5 4 4 4 4 4 4 0 5 4 5 11 4 0 5 4
split_gain=5.42148 5.63518 3.70777 4.80336 3.69046 6.46317 4.60296 8.95523 6.15747 4.5042 4.15294 5.88845 4.11811 10.2133 4.93825 3.97282 3.3915 3.34353 6.34313 3.34106 4.36199 7.89919 4.14367 2.96747 5.16316 5.08477 4.1482 7.10579 5.02257 3.39877
threshold=7.5000000000000009 36.500000000000007 1.0000000180025095e-35 4.5000000000000009 1.0000000180025095e-35 5.5000000000000009 1.0000000180025095e-35 1.0000000180025095e-35 10.500000000000002 1.0000000180025095e-35 3.9139770731827519 24.500000000000004 1.5000000000000002 4.5000000000000009 6.5000000000000009 3.8556271184800082 3.3509606206539586 3.9760219219180022 4.0323172913475043 3.3929372919485519 3.4199948370071587 23.500000000000004 3.5000000000000004 4.7814094910137923 7.5000000000000009 1.0000000180025095e-35 4.023139138167485 54.500000000000007 9.5000000000000018 4.3612728927968138
decision_type=2 2 2 2 2 2 2 2 2 2 2 2 2 2 2 2 2 2 2 2 2 2 2 2 2 2 2 2 2 2
left_child=1 4 23 -4 5 9 12 -8 -9 -1 11 -7 16 14 -14 -10 -6 -17 -19 -11 21 22 -21 24 25 -3 -26 28 29 -28
right_child=-2 2 3 -5 6 10 7 8 15 19 -12 -13 13 -15 -16 17 -18 18 -20 20 -22 -23 -24 -25 26 -27 27 -29 -30 -31
leaf_value=0.040607644320240138 -0.084349823717683473 0.0010063226720180844 -0.096780764510468673 0.031290392947322783 0.038548413967668851 -0.0063533658216222526 0.036698330404087452 -0.0058643127733953825 -0.14394182093797575 -0.044733087966800852 -0.021815038576289591 0.13744515422854217 0.024350703695266814 -0.13655207728843094 -0.088019514861850959 0.054436365263983044 0.0011042242497956603 -0.20779621918633123 0.0030672380710042419 -0.050319459522711232 -0.009545373539012119 0.32445441814239845 0.13774110237260079 0.050188618982654379 0.055519432503854965 0.041492916681980151 -0.074051696470673126 -0.00082922747713143818 0.050380616895853991 -0.1767967239884031
leaf_weight=4.4800784983672193 1.9093769099563349 32.136232681805268 0.75359103176743047 25.696382843423635 6.2474361546337596 1.1267528859898441 12.430394536349921 198.9583987747319 1.2549367100000375 6.721755657112225 1.3123604469001291 1.9336994851473717 46.429967701085843 1.0381239941343654 0.9987417459487905 0.73695094883441958 188.79398191487417 0.56729996111243941 0.96048254403285682 0.75108609627932199 170.92472029640339 0.26392691954970349 0.48015792295336723 3.4364557077642521 1.4185452377423633 10.221880791126749 3.3360039396211487 6.5816031536087394 0.64685522648505855 1.06085529923439
leaf_count=416 53 1376 9 5155 62 90 229 4629 6 1995 30 19 4107 26 21 15 1235 10 42 148 16924 4 24 1521 32 1950 111 529 128 46
internal_value=-0.000206968 1.26035e-05 0.0120926 0.0276415 -0.00158125 -0.00748072 0.000838098 -0.00449511 -0.00702403 -0.00891139 0.0525954 0.0845035 0.00554493 0.0185887 0.0219844 -0.07258 0.00230361 -0.0330369 -0.0752311 -0.0101498 -0.00880156 0.0762291 0.02302 0.00510282 0.00230625 0.0107766 -0.0251999 -0.0350495 -0.0797039 -0.0988416
internal_weight=733.609 731.7 85.2884 26.45 646.411 187.995 458.417 214.908 202.478 183.622 4.37281 3.06045 243.508 48.4668 47.4287 3.51967 195.041 2.26473 1.52778 179.142 172.42 1.49517 1.23124 58.8384 55.402 42.3581 13.0439 11.6253 5.04371 4.39686
internal_count=40942 40889 10857 5164 30032 19650 10382 4931 4702 19511 139 109 5451 4154 4128 73 1297 67 52 19095 17100 176 172 5693 4172 3326 846 814 285 157
is_linear=0
shrinkage=0.05


Tree=129
num_leaves=31
num_cat=0
split_feature=0 14 9 3 4 0 9 14 0 4 14 9 9 15 4 4 4 0 15 14 4 9 4 4 0 4 15 0 4 9
split_gain=4.77497 3.70361 3.49705 4.0661 3.67336 3.41005 3.02829 7.17734 3.10346 3.00301 3.86965 9.9607 5.44216 4.43887 3.7135 3.55992 3.47311 3.6436 3.38648 4.56712 7.88121 6.66877 3.99051 4.14891 3.34726 3.45759 9.20245 3.57343 5.40695 3.32614
threshold=36.500000000000007 10.500000000000002 1.0000000180025095e-35 1.0000000180025095e-35 3.5310618515627232 21.500000000000004 3.5000000000000004 20.500000000000004 38.500000000000007 3.7952067930466749 4.5000000000000009 2.5000000000000004 5.5000000000000009 2.8708791208791213 3.9219331703790541 4.137689256062056 3.7852514151308969 25.500000000000004 6.8337484433374849 8.5000000000000018 3.9021748142117278 3.5000000000000004 3.8443087154995537 3.8556271184800082 21.500000000000004 4.2737066026336752 2.7118955690384263 25.500000000000004 4.0216725492034993 4.5000000000000009
decision_type=2 2 2 2 2 2 2 2 2 2 2 2 2 2 2 2 2 2 2 2 2 2 2 2 2 2 2 2 2 2
left_child=2 -2 3 -1 5 -5 7 -3 -9 16 11 14 18 -14 -11 -16 17 -4 19 20 21 22 -12 -24 -22 27 -27 28 -26 -21
right_child=1 6 9 4 -6 -7 -8 8 -10 10 12 -13 13 -15 15 -17 -18 -19 -20 29 24 -23 23 -25 25 26 -28 -29 -30 -31
leaf_value=0.040245566706359343 0.02070201007787828 0.044546980110194076 -0.00022822108172372167 -0.038579492198534723 -0.0061247902201629241 0.018184251034048218 -0.015510929741966948 -0.051513187656791332 0.0034616947495611527 0.0094831809600861502 0.036644915019702566 0.040022023198295342 -0.03798655071279005 0.017674968790419968 -0.043785927024550322 0.062055442510758611 0.034220033771063911 0.015711308380902955 -0.021397588196734419 -0.0053075580871818394 0.10948882153683695 -0.09354543946106153 -0.039199799772238114 0.023472190437670674 0.052116265147835628 0.050215386384691189 -0.61009869522223303 0.047988825911760458 -0.11814694544555414 0.054525025304425406
leaf_weight=4.3711480778874821 45.365793802891858 9.6163762584328669 142.11033991957083 16.057929747970778 163.88229907350615 3.1677470351569346 17.818025786895305 3.6946549229323855 8.4125308301299793 9.7530575757846254 6.1324131879955592 17.115268374676816 19.628530779853467 4.3813035264611235 8.8036739300005102 0.87325888359919268 9.8655207161791605 47.949620474129915 21.416368343634531 139.5442707282491 1.6602409034967411 1.9367585508152831 6.4991479031741601 4.4481259039603174 1.0122169284149976 0.17402428854256946 0.075724389869719744 11.736374144675208 0.86454135179519642 2.3620816413313142
leaf_count=425 8040 1372 1375 4356 14675 233 1210 31 215 171 87 3808 475 440 262 62 119 532 608 1118 8 21 40 101 32 42 21 980 27 56
internal_value=-0.000194338 0.0109527 -0.00165986 -0.00741271 -0.00855041 -0.0292267 -0.000232552 0.012299 -0.0133146 0.000693265 -0.00286654 0.0122093 -0.00534973 -0.0278295 -0.0122901 -0.0342347 0.00529456 0.00379311 -0.0026219 -0.000342972 0.0159623 -0.00561678 0.00435393 -0.0137347 0.0423975 0.0343626 -0.149993 0.0377448 -0.0263166 -0.00431162
internal_weight=730.729 84.9074 645.822 187.479 183.108 19.2257 39.5416 21.7236 12.1072 458.343 258.417 36.5453 221.872 24.0098 19.43 9.67693 199.925 190.06 197.862 176.446 34.5396 19.0164 17.0797 10.9473 15.5231 13.8629 0.249749 13.6131 1.87676 141.906
internal_count=40942 10868 30074 19689 19264 4589 2828 1618 246 10385 8359 4303 4056 915 495 324 2026 1907 3141 2533 1359 249 228 141 1110 1102 63 1039 59 1174
is_linear=0
shrinkage=0.05


Tree=130
num_leaves=31
num_cat=0
split_feature=11 0 14 4 7 0 6 9 4 7 10 15 15 15 4 4 0 9 9 14 9 6 0 9 10 4 4 4 4 0
split_gain=6.32333 4.51176 4.61519 5.67093 4.86252 4.66229 4.69708 3.98624 4.17955 5.02736 3.86489 8.25462 3.59452 6.32039 5.18366 5.09187 4.23529 7.13602 6.90918 5.09962 8.93976 4.79817 4.43012 9.02763 6.2896 5.41153 3.59419 3.49294 3.29578 4.18947
threshold=5.5000000000000009 18.500000000000004 8.5000000000000018 4.387707812901728 1.5000000000000002 46.500000000000007 1.5000000000000002 18.500000000000004 4.0535592632620254 1.0000000180025095e-35 1.0000000180025095e-35 5.8608844997853167 10.51177667926723 7.672684458398745 4.1416836558131678 4.0484281352293268 29.500000000000004 6.5000000000000009 1.5000000000000002 13.500000000000002 6.5000000000000009 1.0000000180025095e-35 49.500000000000007 1.5000000000000002 1.0000000180025095e-35 4.137689256062056 3.6819433087818081 4.0836910582333941 3.9760219219180022 25.500000000000004
decision_type=2 2 2 2 2 2 2 2 2 2 2 2 2 2 2 2 2 2 2 2 2 2 2 2 2 2 2 2 2 2
left_child=1 10 4 12 5 6 7 8 9 28 26 -12 13 16 -15 -14 17 18 -4 20 -18 -21 23 -23 25 -25 -1 -8 29 -3
right_child=-2 2 3 -5 -6 -7 27 -9 -10 -11 11 -13 15 14 -16 -17 19 -19 -20 21 -22 22 -24 24 -26 -27 -28 -29 -30 -31
leaf_value=-0.032270836918510341 0.028490538163903501 0.0032575994129666421 -0.0080283399850656079 -0.054372588353181595 -0.11767447178676582 0.038897946452620721 -0.0098422314637290412 -0.043278479677613529 0.025096378318574697 -0.16071722981247083 0.00047775179425160589 0.20416522178000354 0.031697234946755061 -0.060067682103091317 0.043372800535054302 -0.023827424431231006 0.038691374227592341 -0.1683384409680671 0.02933570568833881 0.0076499858636865778 -0.0085621333133659369 -0.0096020577925615934 0.05454883732079218 0.0027550805760829973 -0.1707665019803789 -0.12681085857744945 0.0039821500837741086 -0.073768773170746788 -0.015908123640360265 0.020736957454971856
leaf_weight=24.658543287310749 20.047593254945241 170.23931044933852 204.95384616986848 5.2150674285367122 0.79518510494381089 10.462519704364238 7.6279454890172911 4.0082904135342678 28.320603552507237 0.45816498948261042 3.5558315007947376 0.57829785160720337 16.449421984376389 7.7771862968802434 1.4345464848447589 5.5127808245597398 24.728966407245025 0.67714953143149514 13.167410561814902 55.293246940243989 16.815196618670598 28.738734327023849 2.1023832848295561 2.1271344777196641 1.4435942182317374 1.2974523203447459 9.4595773445907962 2.9683555105002597 17.310571987414733 42.924013080308214
leaf_count=5265 5275 8089 7478 285 15 1804 105 249 3998 7 145 8 144 302 109 165 1601 17 103 868 591 237 75 37 31 18 1576 54 1064 1262
internal_value=0.00079724 1.65023e-05 0.000966116 -0.00258487 0.00579518 0.0061405 0.00488903 0.00620275 0.00696778 0.00474456 -0.016687 0.0289703 -0.00187882 -0.00307505 -0.0439589 0.0177599 -0.00200314 -0.00627589 -0.00577277 0.00504999 0.0195653 -0.00157648 -0.015863 -0.0202678 -0.0832319 -0.0463328 -0.0222193 -0.0277501 0.00507349 0.00677736
internal_weight=731.149 711.101 672.849 387.734 285.115 284.32 273.857 263.261 259.253 230.932 38.2522 4.13413 382.519 360.557 9.21173 21.9622 351.345 218.798 218.121 132.547 41.5442 91.0025 35.7093 33.6069 4.86818 3.42459 34.1181 10.5963 230.474 213.163
internal_count=40977 35702 28708 12061 16647 16632 14828 14669 14420 10422 6994 153 11776 11467 411 309 11056 7598 7581 3458 2192 1266 398 323 86 55 6841 159 10415 9351
is_linear=0
shrinkage=0.05


Tree=131
num_leaves=31
num_cat=0
split_feature=11 8 5 15 11 0 9 9 13 0 4 0 0 4 5 15 15 4 9 10 9 15 5 6 4 3 0 9 9 15
split_gain=5.83632 4.2157 5.43093 6.3249 6.65634 4.525 4.03127 7.60064 6.26002 5.34521 3.69367 3.55702 3.06543 5.01048 4.54181 4.38968 6.55095 3.29601 3.226 4.15803 9.62742 9.64457 4.10587 3.10475 3.08273 3.03158 3.08863 5.10761 3.54648 3.84204
threshold=5.5000000000000009 2.5000000000000004 3.5000000000000004 2.4540800963565199 1.5000000000000002 16.500000000000004 7.5000000000000009 6.5000000000000009 1.0000000180025095e-35 32.500000000000007 3.9760219219180022 43.500000000000007 30.500000000000004 4.0044597771116308 6.5000000000000009 9.2807924203273071 9.3969872975397859 3.9998247653506493 25.500000000000004 1.0000000180025095e-35 15.500000000000002 1.9803921568627452 13.500000000000002 1.0000000180025095e-35 4.4275831254543956 1.0000000180025095e-35 45.500000000000007 21.500000000000004 17.500000000000004 4.5628036086051358
decision_type=2 2 2 2 2 2 2 2 2 2 2 2 2 2 2 2 2 2 2 2 2 2 2 2 2 2 2 2 2 2
left_child=1 2 -1 6 -5 -3 7 -4 10 -10 -8 -12 13 17 15 -14 -17 -7 19 25 -21 -22 -20 -18 -25 -16 27 -27 29 -28
right_child=-2 5 3 4 -6 12 8 -9 9 -11 11 -13 14 -15 18 16 23 -19 22 20 21 -23 -24 24 -26 26 28 -29 -30 -31
leaf_value=-0.022911719322546431 0.02765858903164737 -0.048895842080974833 -0.0065699590162077645 0.053953702421174123 -0.00058130885778885795 0.0020095661288367993 -0.018567212668640386 0.044973465891265774 -0.081603460068516182 0.032323646131711681 -0.11042540600790757 -0.030505440363871247 0.015938300315229598 -0.01460637118445789 -0.12725070010226414 -0.15179444976930942 -0.052245103314722013 0.040129736382567921 0.05062864976564535 0.037876109690764798 -0.043572216753390104 -0.45238016953579463 -0.17303779584753171 0.054158598821818629 -0.12240150806329464 -0.039086568057428994 -0.0006729977358630305 -0.19396031643634112 0.035253948536511356 -0.094798396090142983
leaf_weight=39.339476751163602 19.628907245583832 4.2736280562821767 101.92374401772395 9.5670530144125241 13.477918986813163 329.82393099716865 4.2987553118728119 7.6920318512711665 1.2896368019282807 5.1052049230784178 3.6051470392849296 2.2681734615471214 103.15938927663956 47.998114977730438 0.80322404624894161 0.92457024799659748 1.9242855096235869 5.7696541869081548 3.0562397222965951 5.626932476705405 0.5257145408540963 0.19884098088368773 0.21995059261098493 2.0882754658814524 0.28042162361089129 4.9601976545527631 3.0695015310775489 0.59636095818132151 3.0400206849444658 1.6761666953098027
leaf_count=4479 5275 1196 2696 1480 1237 12742 142 1922 11 122 85 100 4362 1790 14 39 75 147 398 1482 49 32 16 289 37 180 68 11 471 30
internal_value=0.000764421 1.94086e-05 -0.00638508 -0.00202832 0.0220587 0.00234179 -0.00642739 -0.00295302 -0.0294157 0.00934816 -0.0537852 -0.0795617 0.00276637 0.000503815 0.00933388 0.0136752 -0.0310692 0.00266494 -0.0104575 -0.0178212 0.0157865 -0.155762 0.0356126 -0.00506884 0.0332563 -0.0329115 -0.0272322 -0.0557085 -0.00690895 -0.033918
internal_weight=728.211 708.583 188.567 149.228 23.045 520.015 126.183 109.616 16.5669 6.39484 10.1721 5.87332 515.742 383.592 132.15 108.377 5.21755 335.594 23.7731 20.497 6.35149 0.724556 3.27619 4.29298 2.3687 14.1455 13.3422 5.55656 7.78569 4.74567
internal_count=40977 35702 12274 7795 2717 23428 5078 4618 460 133 327 185 22232 14679 7553 4802 440 12889 2751 2337 1563 81 414 401 326 774 760 191 569 98
is_linear=0
shrinkage=0.05


Tree=132
num_leaves=31
num_cat=0
split_feature=11 0 14 4 7 0 6 10 4 4 4 15 15 4 4 0 9 9 14 9 6 0 9 10 4 13 4 7 4 15
split_gain=5.38172 3.89172 4.23812 4.5386 3.91869 4.31627 4.13308 3.46942 5.87714 4.94298 3.35412 3.32082 5.57893 4.63252 4.47798 3.53305 5.48622 6.28695 4.78071 8.13508 4.40186 4.15177 7.63791 4.89552 5.18333 3.30323 4.57325 4.63326 4.41107 3.32849
threshold=5.5000000000000009 18.500000000000004 8.5000000000000018 4.387707812901728 1.5000000000000002 46.500000000000007 1.5000000000000002 1.0000000180025095e-35 3.6819433087818081 3.5724503550461284 3.6819433087818081 10.51177667926723 7.672684458398745 4.1416836558131678 4.0484281352293268 29.500000000000004 6.5000000000000009 1.5000000000000002 13.500000000000002 6.5000000000000009 1.0000000180025095e-35 49.500000000000007 1.5000000000000002 1.0000000180025095e-35 4.167960672279321 1.0000000180025095e-35 4.1079885748647094 1.0000000180025095e-35 4.1923759468600208 7.672684458398745
decision_type=2 2 2 2 2 2 2 2 2 2 2 2 2 2 2 2 2 2 2 2 2 2 2 2 2 2 2 2 2 2
left_child=1 7 4 11 5 6 25 10 9 -9 -1 12 15 -14 -13 16 17 -4 19 -17 -20 22 -22 24 -24 26 27 29 -27 -3
right_child=-2 2 3 -5 -6 -7 -8 8 -10 -11 -12 14 13 -15 -16 18 -18 -19 20 -21 21 -23 23 -25 -26 28 -28 -29 -30 -31
leaf_value=-0.03123938020069807 0.026831295118589477 0.0073054804265737881 -0.0075904193123313233 -0.047919851361211456 -0.10160855992373706 0.038183121427733765 -0.025930692446162119 -0.0040754123386515266 -0.052434533072979884 0.13133849225618263 0.0040259486088861851 0.030035228349433247 -0.056763091233341535 0.042295548003191158 -0.022285275654559181 0.037437891220237322 -0.13812803436485085 0.028337137152162968 0.0069224704259618387 -0.0078766958843670184 -0.0097606552464825063 0.054337739491014107 0.0038474668286960102 -0.14985769810491414 -0.12188928919863969 -0.011059318461042439 0.032185596073121943 -0.14951095770351761 -0.12186094724213943 -0.012727048743189926
leaf_weight=23.592758428305387 19.232676324667409 215.41384675796144 203.92497533443384 5.4252379368990651 0.85073965648189087 9.9660836850525794 10.59721252392046 1.2201573713682585 1.5030994894914327 1.5053202658891676 9.4405016798991692 16.461733130738143 7.7246913588605803 1.3930943033192305 5.4413759985472998 23.911115489609074 0.78189136553555627 12.949813313782213 55.205939345760271 16.907814065460116 28.681256786221638 2.0031474546995005 2.1784065980464216 1.5659185359254477 1.3140717176720498 5.6257111546583465 16.624120927299373 0.48380534653551777 1.0689061400480566 22.944146390189417
leaf_count=5265 5275 10699 7478 285 15 1804 159 54 74 25 1576 144 302 109 165 1601 17 103 868 591 237 75 39 31 16 118 2642 10 27 1173
internal_value=0.000734924 2.47243e-05 0.000900103 -0.00251035 0.00554083 0.00586326 0.00468235 -0.0157023 0.0269404 0.0707156 -0.021161 -0.0018628 -0.00301739 -0.0416281 0.0170373 -0.0020099 -0.00592179 -0.00544515 0.00445185 0.0186679 -0.0019285 -0.0155991 -0.0197513 -0.0763987 -0.043462 0.0059198 0.00682836 0.00506342 -0.0287506 0.00537717
internal_weight=725.94 706.707 669.445 385.87 283.575 282.724 272.758 37.2618 4.22858 2.72548 33.0333 380.445 358.542 9.11779 21.9031 349.424 217.657 216.875 131.768 40.8189 90.9487 35.7428 33.7397 5.0584 3.49248 262.161 255.466 238.842 6.69462 238.358
internal_count=40977 35702 28708 12061 16647 16632 14828 6994 153 79 6841 11776 11467 411 309 11056 7598 7581 3458 2192 1266 398 323 86 55 14669 14524 11882 145 11872
is_linear=0
shrinkage=0.05


Tree=133
num_leaves=31
num_cat=0
split_feature=4 8 15 15 5 0 14 0 14 4 0 7 4 4 14 14 14 9 6 15 8 6 4 0 9 4 14 14 5 0
split_gain=4.21726 3.79121 5.52303 6.8334 5.46868 4.20929 6.25877 4.96456 4.39842 4.1601 3.32343 5.28954 7.82416 4.33463 4.27257 4.25793 4.04477 7.40019 6.64744 5.36975 5.26039 3.39833 4.50301 5.43972 3.30218 3.11603 3.11246 7.02851 7.64666 5.86045
threshold=4.6992827592739639 2.5000000000000004 2.4540800963565199 4.7847985347985356 7.5000000000000009 16.500000000000004 3.5000000000000004 22.500000000000004 4.5000000000000009 4.2498354775033391 30.500000000000004 1.0000000180025095e-35 4.3077371437397316 4.0044597771116308 15.500000000000002 6.5000000000000009 13.500000000000002 2.5000000000000004 1.0000000180025095e-35 1.9803921568627452 3.5000000000000004 1.0000000180025095e-35 4.1131893947952252 29.500000000000004 2.5000000000000004 3.9998247653506493 8.5000000000000018 3.5000000000000004 4.5000000000000009 24.500000000000004
decision_type=2 2 2 2 2 2 2 2 2 2 2 2 2 2 2 2 2 2 2 2 2 2 2 2 2 2 2 2 2 2
left_child=1 2 26 -4 24 -3 7 -7 -8 -6 13 16 -13 25 -14 -15 17 -12 19 -18 -20 -17 23 -23 -5 -10 27 28 -1 -30
right_child=-2 5 3 4 9 6 8 -9 10 -11 11 12 14 15 -16 21 18 -19 20 -21 -22 22 -24 -25 -26 -27 -28 -29 29 -31
leaf_value=-0.032941436137533052 0.039893067858694696 -0.048602991027892672 0.050937811945146107 -0.010283160370883882 -0.20594670166202933 -0.026050281354576411 -0.037784684851667721 0.05032728346798309 0.001508217205130293 -0.017938788615208569 0.041901629915110719 0.05453758885505651 -0.087182550550102114 0.036664246889927428 0.05966995694959723 -0.011205064900478548 0.023784019686366981 0.0059014228307045649 -0.01977504343731595 -0.037817218572927094 0.05326262074314031 -0.086346118204795097 0.015376817376039945 0.029759024802190392 0.036295216976700899 0.038140148632565499 -0.019310208238125393 0.0086296694972581457 0.040767368975480445 -0.012079394116894565
leaf_weight=31.802542481571436 6.8003878793679169 3.997634060913696 8.9212425726000237 11.777130345115443 0.55580464377999195 2.6204545604996374 6.8553320869104928 11.312095466419121 313.96993570588529 0.62520596396643668 24.794988777139224 1.7614922423381347 4.0634610215201974 3.8334224161226294 0.56405105255544175 35.235037662787363 34.198631419334561 33.644698353717104 29.013010208494965 3.9458267416339359 2.6941964101279146 5.6470873958896828 2.2878348568920046 1.2282382855191825 5.6214238919783375 5.9146277925465247 52.231634291121736 52.858464730903506 7.5744182104244855 17.066153687192127
leaf_count=2176 2770 1196 1517 494 6 68 258 834 12311 106 4162 63 170 410 21 1177 568 3268 526 92 285 92 107 37 992 151 1615 3991 1202 312
internal_value=0.000703774 0.000331884 -0.00574374 0.0149694 -0.00230129 0.0025088 0.00289904 0.0359621 0.00199518 -0.106419 0.00253756 0.00925815 -0.0351445 7.87388e-05 -0.0692826 -0.0138941 0.0114694 0.0211757 0.00334891 0.0174117 -0.013569 -0.0182594 -0.0453854 -0.0656046 0.00476618 0.00218554 -0.00927013 -0.00447231 -0.0167422 0.0041655
internal_weight=723.416 716.616 189.034 27.5008 18.5796 527.582 523.584 13.9326 509.652 1.18101 502.797 134.68 6.389 368.116 4.62751 48.2316 128.291 58.4397 69.8517 38.1445 31.7072 44.3982 9.16316 6.87533 17.3986 319.885 161.533 109.302 56.4431 24.6406
internal_count=40977 38207 12411 3115 1598 25796 24600 902 23698 112 23440 9155 254 14285 191 1823 8901 7430 1471 660 811 1413 236 129 1486 12462 9296 7681 3690 1514
is_linear=0
shrinkage=0.05


Tree=134
num_leaves=31
num_cat=0
split_feature=4 0 14 8 4 0 4 4 4 4 2 15 4 14 0 14 4 2 8 3 0 8 0 7 0 14 9 9 6 10
split_gain=3.94704 3.65977 3.82366 4.7708 3.67809 3.6845 5.46488 3.55123 6.9179 3.36638 3.78134 4.17023 3.36196 4.42979 4.30622 7.78203 4.09636 3.31083 3.8755 4.21045 3.97313 3.55408 10.0376 11.5565 7.32409 5.32973 5.59442 5.1407 7.15454 5.24251
threshold=4.6992827592739639 18.500000000000004 7.5000000000000009 2.5000000000000004 4.387707812901728 30.500000000000004 4.0734024171295715 3.6163485660751649 3.7550080417885447 3.6306988403295679 1.5000000000000002 13.62291554599247 4.1131893947952252 10.500000000000002 25.500000000000004 11.500000000000002 4.1337960479896472 1.5000000000000002 3.5000000000000004 1.0000000180025095e-35 19.500000000000004 2.5000000000000004 24.500000000000004 1.0000000180025095e-35 48.500000000000007 3.5000000000000004 2.5000000000000004 1.5000000000000002 1.5000000000000002 1.0000000180025095e-35
decision_type=2 2 2 2 2 2 2 2 2 2 2 2 2 2 2 2 2 2 2 2 2 2 2 2 2 2 2 2 2 2
left_child=1 -1 17 -4 5 6 9 -7 -9 10 11 -5 14 -14 -8 -16 -15 18 19 -3 -20 25 -23 -24 -25 27 -27 29 -29 -19
right_child=-2 2 3 4 -6 7 12 8 -10 -11 -12 -13 13 16 15 -17 -18 21 20 -21 -22 22 23 24 -26 26 -28 28 -30 -31
leaf_value=-0.015075352612604068 0.039244327959388439 -0.067637361631240553 -0.013691986358068016 0.00099054090149578106 -0.03496218416599791 -0.10183151533556101 0.016393397573697729 0.077142954440546765 0.0075339424894196958 -0.0021201887761640309 0.067565221182543087 0.050186080151450041 0.064803640319323869 0.029539135777283988 -0.1748741048940595 -0.040575810125725767 -0.042792084057051975 -0.030607394189203097 -0.082902162510782376 0.025491186549868535 0.0023769071747413626 -0.0069567096850353038 0.032177539477756555 -0.28252358649126313 -0.035496824599760383 0.027212172534369403 -0.021484343501335802 0.029635572292268521 -0.045309156330465561 0.015842736234647974
leaf_weight=36.619124639313668 6.5729789729230097 1.2466979327145953 68.490541181061417 24.643958168569956 7.1132245276821768 0.71486036572605272 1.667735756374898 3.6998218167573205 101.17883284704294 212.83286749757826 3.1049571726471177 5.2202164381742469 1.6544443131424476 2.6687626931816322 1.4509607162326572 4.2041273918002844 7.3438809930812567 34.159269534051418 1.5786959957331408 45.820149768376723 10.127929359558037 42.695310283917934 40.976082226377912 0.44345821440219768 0.92791799618862569 20.685423551010903 8.2502940174890664 12.45594706956763 4.2782676223432636 7.3882494510617098
leaf_count=6999 2770 33 2430 1282 826 7 112 60 4044 6882 26 34 82 53 29 70 174 1264 105 5186 496 303 5479 20 65 388 336 1253 52 117
internal_value=0.000675749 0.000320514 0.00115325 -0.00155123 0.000651503 0.00133546 -0.00181373 0.00923253 0.00998955 0.000182807 0.0150498 0.00958985 -0.0276565 -0.0109893 -0.0542115 -0.0750335 -0.023513 0.006374 0.0166211 0.0230244 -0.00912339 0.00287778 0.010151 0.0273991 -0.115377 -0.00421405 0.0133276 -0.0129231 0.0104752 -0.0223473
internal_weight=720.215 713.642 677.023 445.989 377.499 370.385 264.792 105.594 104.879 245.802 32.9691 29.8642 18.9899 11.6671 7.32282 5.65509 10.0126 231.034 58.7735 47.0668 11.7066 172.26 85.0428 42.3475 1.37138 87.2175 28.9357 58.2817 16.7342 41.5475
internal_count=40977 38207 31208 16111 13681 12855 8744 4111 4104 8224 1342 1316 520 309 211 99 227 15097 5820 5219 601 9277 5867 5564 85 3410 724 2686 1305 1381
is_linear=0
shrinkage=0.05


Tree=135
num_leaves=31
num_cat=0
split_feature=0 4 8 14 8 9 14 14 10 4 0 4 11 15 4 14 9 4 4 0 15 15 4 14 4 14 14 6 9 14
split_gain=6.02705 4.44314 4.16225 6.39 6.73936 3.12794 6.85168 13.672 6.32516 7.03516 4.54166 7.00908 4.43053 3.84194 3.48898 3.20573 3.1817 6.89505 3.10399 3.4189 3.82211 4.95822 5.65825 5.62978 4.34888 4.09511 3.58744 4.6569 6.62218 4.72603
threshold=18.500000000000004 3.5724503550461284 2.5000000000000004 3.5000000000000004 3.5000000000000004 1.5000000000000002 3.5000000000000004 7.5000000000000009 1.0000000180025095e-35 3.969059079770028 22.500000000000004 3.6897977004747777 3.5000000000000004 15.260706430327341 4.1523912776298664 5.5000000000000009 31.500000000000004 4.212391765431394 3.3299574648874763 26.500000000000004 10.741758241758243 9.0109422727448507 4.167960672279321 12.500000000000002 4.0273211391993682 16.500000000000004 6.5000000000000009 1.0000000180025095e-35 12.500000000000002 9.5000000000000018
decision_type=2 2 2 2 2 2 2 2 2 2 2 2 2 2 2 2 2 2 2 2 2 2 2 2 2 2 2 2 2 2
left_child=1 -1 5 4 -4 6 8 -8 13 -10 12 -12 15 -2 -11 -7 -13 -18 -5 -20 21 26 23 24 -23 -22 -21 -28 29 -29
right_child=2 -3 3 18 -6 10 7 -9 9 14 11 16 -14 -15 -16 -17 17 -19 19 20 25 22 -24 -25 -26 -27 27 28 -30 -31
leaf_value=-0.038333167970146083 -0.038759752297859058 -0.0029952591822813655 0.047893657876502072 0.051382139236696781 -0.11104330982499973 0.049435794128536673 0.031237809751123044 -0.015459328813296383 0.049352062117252016 -0.092406347455350271 -0.068107600087883455 0.0065031728084705212 -0.20054349828601353 0.06134228416638593 0.018952869385474944 -0.024033795866165251 -0.15428096154805471 0.050581760169862836 -0.001935206437871925 0.026045099463335372 0.039326188928760067 -0.058647957433031132 0.035158610911103227 2.5924532140754155e-05 -0.18614166082723343 -0.01348153888621537 0.011058988265100796 0.020560928005036089 -0.050996542591401919 -0.0065937931002960767
leaf_weight=16.980131519492716 32.756372727220878 18.681220979196951 11.757900016149502 3.243883957155048 0.70708395133260715 9.0416084930766321 22.72206182021182 50.535775089287199 5.0597497541457406 1.7628182433545592 3.7634886484593144 36.464351936476305 0.19928783038631159 0.98742330633103748 1.1703475213143972 1.7764638960361487 0.93342304066754767 0.73346613044850528 241.74296547076665 19.90355856786482 15.784909131238239 1.5255431125406169 1.8215757223078979 1.7712296792306004 1.1911005137953905 4.7838306569028637 106.47471172281075 20.711211580957752 6.9727597105083978 70.786725222482346
leaf_count=3895 1266 3057 1117 110 40 2848 409 2166 58 45 53 2228 37 9 18 9 28 234 9595 3331 3602 18 549 13 34 399 2153 1632 405 1478
internal_value=0.000213082 -0.0198214 0.00126828 0.00351946 0.0388779 -0.00555847 -0.0101877 -0.000975482 -0.0263572 0.0136364 0.00450219 -0.00300987 0.0330676 -0.0358305 -0.0479735 0.0373712 0.00341517 -0.0641371 0.00263215 0.00231168 0.00639013 0.0045523 -0.0391624 -0.0693285 -0.114547 0.0270443 0.00577897 0.00381079 -0.00402656 -0.000447128
internal_weight=712.747 35.6614 677.086 509.179 12.465 167.907 114.995 73.2578 41.7367 7.99292 52.9121 41.8947 11.0174 33.7438 2.93317 10.8181 38.1312 1.66689 496.714 493.47 251.727 231.158 6.30945 4.48787 2.71664 20.5687 224.849 204.945 98.4707 91.4979
internal_count=40836 6952 33884 24476 1157 9408 3971 2575 1396 121 5437 2543 2894 1275 63 2857 2490 262 23319 23209 13614 9613 614 65 52 4001 8999 5668 3515 3110
is_linear=0
shrinkage=0.05


Tree=136
num_leaves=31
num_cat=0
split_feature=0 4 11 8 14 8 15 14 15 15 4 4 14 0 14 15 4 0 2 4 14 5 0 4 5 0 11 9 0 4
split_gain=5.53792 4.23481 3.96027 3.61408 5.48072 6.04991 5.79345 7.21805 3.46609 7.0541 7.26309 3.84788 3.47449 5.22316 3.85143 3.45523 3.48223 6.26592 3.14826 3.14808 3.10691 7.3264 3.96649 7.55383 7.81883 3.65076 3.55289 3.08995 4.16396 3.77952
threshold=18.500000000000004 3.5724503550461284 14.500000000000002 2.5000000000000004 3.5000000000000004 3.5000000000000004 28.26836581709146 7.5000000000000009 10.741758241758243 7.672684458398745 4.167960672279321 4.0797256906719221 4.5000000000000009 20.500000000000004 6.5000000000000009 11.379679665060126 3.7722117838879714 21.500000000000004 1.5000000000000002 3.9525612543885855 5.5000000000000009 3.5000000000000004 17.500000000000004 3.7339845216307208 3.5000000000000004 16.500000000000004 1.0000000180025095e-35 12.500000000000002 30.500000000000004 3.6402898623546771
decision_type=2 2 2 2 2 2 2 2 2 2 2 2 2 2 2 2 2 2 2 2 2 2 2 2 2 2 2 2 2 2
left_child=1 -1 3 -2 5 -5 8 -8 9 12 11 -11 13 -6 -14 19 -17 -18 -13 -10 21 -3 23 24 -22 -23 -27 28 -16 -30
right_child=2 20 -4 4 6 -7 7 -9 15 10 -12 18 14 -15 27 16 17 -19 -20 -21 22 25 -24 -25 -26 26 -28 -29 29 -31
leaf_value=-0.037674201188045507 -0.0054816796919983412 -0.049918842926708493 0.050725686847029827 0.047038327939512223 0.089774199470371643 -0.10068491648440579 -0.33967916639224133 -0.0467265715600639 -0.066215640302483933 -0.033423663347290564 0.030846951489061178 -0.0033873561752111613 0.015552460963870269 -0.052719133984907622 -0.0010386243338248121 0.039371938939305434 -0.062018669341665458 0.011782673977691475 -0.12547975136677572 0.071215148806974618 -0.033190769631746511 0.10334437480411283 0.0035892222614779413 0.24935813224015108 0.42179432573465175 -0.039248279879251974 0.10133703879055128 -0.021440480021221123 -0.0614927873093443 0.012506558392858125
leaf_weight=16.427421592059545 165.9807355646044 7.0956158298067766 4.0147909973748019 10.604008654598143 0.73271924536675115 0.74156174075324166 0.25165131827816267 1.2784919743426142 0.46301908325403829 9.6897716887760925 3.6941085447324431 0.68134284787811283 53.875345058739185 5.2584763172781095 266.95652611809783 8.375078358454628 3.3048663539811995 22.165557561442256 2.3460464890813455 4.1649352548411116 0.9088029577396799 1.3323510792106392 6.4131961048115045 0.51408838760107745 0.10537338443100452 1.649416219443083 0.61771549005061377 14.417347025242632 1.7579804537817825 93.456456193933263
leaf_count=3895 9264 1422 2168 598 15 38 25 111 5 370 942 29 3365 163 9929 70 82 2462 64 195 225 18 1093 94 4 189 12 704 20 3265
internal_value=0.000206881 -0.0191664 0.00121444 0.000917841 0.00302447 0.0373829 0.00223356 -0.0949063 0.00253608 0.00131204 -0.0308693 -0.0487968 0.0025221 -0.0352923 0.0030484 0.0169441 0.0114033 0.00220672 -0.0980017 0.0574654 -0.0028525 -0.0204442 0.0208391 0.0932261 0.0140824 0.0376587 -0.000943611 0.00125955 0.0021632 0.0111403
internal_weight=709.275 35.064 674.211 670.196 504.215 11.3456 492.87 1.53014 491.34 452.866 16.4113 12.7172 436.455 5.9912 430.464 38.4735 33.8455 25.4704 3.02739 4.62795 18.6366 10.6951 7.94146 1.52826 1.01418 3.59948 2.26713 376.588 362.171 95.2144
internal_count=40836 6952 33884 31716 22452 636 21816 136 21680 18866 1405 463 17461 178 17283 2814 2614 2544 93 200 3057 1641 1416 323 229 219 201 13918 13214 3285
is_linear=0
shrinkage=0.05


Tree=137
num_leaves=31
num_cat=0
split_feature=0 4 8 14 8 9 2 5 0 10 14 0 14 14 0 4 14 14 14 2 5 9 4 9 0 0 4 9 14 0
split_gain=5.12407 3.99516 3.41983 5.61861 5.46996 3.06249 3.00226 2.99279 6.32618 4.34706 4.1692 3.92808 3.37015 4.90442 3.79174 3.21661 3.05623 2.95606 8.90253 8.22002 5.82262 5.65336 4.23898 3.9608 3.84987 3.1922 3.12472 8.32701 3.56724 4.10549
threshold=18.500000000000004 3.5724503550461284 2.5000000000000004 3.5000000000000004 3.5000000000000004 25.500000000000004 3.5000000000000004 6.5000000000000009 35.500000000000007 1.0000000180025095e-35 4.5000000000000009 39.500000000000007 9.5000000000000018 10.500000000000002 42.500000000000007 3.3299574648874763 36.500000000000007 7.5000000000000009 3.5000000000000004 1.5000000000000002 4.5000000000000009 9.5000000000000018 3.8843921912357744 6.5000000000000009 40.500000000000007 30.500000000000004 3.882046967961911 3.5000000000000004 4.5000000000000009 23.500000000000004
decision_type=2 2 2 2 2 2 2 2 2 2 2 2 2 2 2 2 2 2 2 2 2 2 2 2 2 2 2 2 2 2
left_child=1 -1 6 4 -4 7 17 11 -9 10 -10 15 -11 -14 -15 -5 -13 18 19 -2 25 23 -23 -22 -24 -21 27 28 -20 -30
right_child=2 -3 3 5 -6 -7 -8 8 9 12 -12 16 13 14 -16 -17 -18 -19 26 20 21 22 24 -25 -26 -27 -28 -29 29 -31
leaf_value=-0.037001091031691476 0.050269746350762805 -0.0028277703912437894 0.046567426991189161 0.05262639377611833 -0.090198010975821807 0.040939701374788813 0.040157509273396723 -0.16836937468407487 -0.18818745609110879 0.050173595715828238 -0.023315008291650782 0.028316520809794521 -0.30918539744207224 -0.12175540950340638 0.021584935433466245 0.0015128798620898793 -0.081494984042677257 -0.014302745210212029 0.062293300377254918 -0.02721650974563769 -0.0012804642892400742 -0.17151524803894341 0.013190312403780208 0.051223814362440161 -0.082456633603197355 -0.077032646474783514 0.038486426347815621 -0.042460081145086911 -0.0044191091104640373 0.058863870391684107
leaf_weight=15.903368819155729 4.8124753617448723 18.503659414825961 10.933854780392718 3.0994034931063643 0.78347844514064569 5.0993117257021359 3.5914869179250664 0.6626499707344945 0.39495463471394288 4.0447093128459519 13.150906739872879 19.064358699251901 0.13895704050082747 0.56827943772077594 2.4522003546589985 445.51665131899063 0.65540522476658125 65.186163196456619 4.7506720572710099 24.604050355963412 17.868133905227303 0.62775171175598998 2.2142787163611501 4.4957404299639157 2.0044336217688397 3.699322246015071 12.970867385272866 6.0996366979088625 9.9560990631580335 3.4513390506617716
leaf_count=3895 1811 3057 1117 104 40 1704 147 24 19 1712 1007 2835 31 29 563 15285 6 2498 33 1169 362 5 54 956 85 35 1964 185 70 34
internal_value=0.000197117 -0.0186231 0.00115945 0.00320198 0.0374226 0.00239168 -0.00506108 0.00199031 -0.0162892 -0.0114325 -0.0281222 0.00282607 0.0199487 -0.0187451 -0.00538342 0.00186601 0.0246668 -0.006059 -0.000550521 -0.0124161 -0.0178503 -0.0013352 -0.0502925 0.00927431 -0.0322543 -0.0337276 0.0186767 0.00808427 0.025063 0.0118712
internal_weight=707.305 34.407 672.898 506.565 11.7173 494.848 166.332 489.748 21.4127 20.75 13.5459 468.336 7.20415 3.15944 3.02048 448.616 19.7198 162.741 97.5548 60.3262 55.5137 27.2103 4.84646 22.3639 4.21871 28.3034 37.2286 24.2577 18.1581 13.4074
internal_count=40836 6952 33884 24476 1157 23319 9408 21615 3385 3361 1026 18230 2335 623 592 15389 2841 9261 6763 4477 2666 1462 144 1318 139 1204 2286 322 137 104
is_linear=0
shrinkage=0.05


Tree=138
num_leaves=31
num_cat=0
split_feature=0 4 4 8 14 8 7 2 0 4 0 5 9 0 14 5 14 9 4 14 4 9 4 9 0 13 14 14 14 9
split_gain=4.70347 3.79744 3.14948 2.95809 5.0892 4.99177 3.62154 3.7575 4.63977 3.39333 3.14801 4.48192 4.27362 5.90974 5.17629 4.75668 3.72598 3.09914 2.92512 2.91132 2.87903 2.87838 3.73998 3.59876 8.55292 6.11696 3.75432 3.4478 5.64329 7.3752
threshold=18.500000000000004 3.5724503550461284 4.6992827592739639 2.5000000000000004 3.5000000000000004 3.5000000000000004 1.0000000180025095e-35 1.5000000000000002 41.500000000000007 4.387707812901728 39.500000000000007 6.5000000000000009 14.500000000000002 50.500000000000007 14.500000000000002 7.5000000000000009 21.500000000000004 16.500000000000004 3.9998247653506493 7.5000000000000009 3.3299574648874763 31.500000000000004 4.212391765431394 6.5000000000000009 27.500000000000004 1.0000000180025095e-35 9.5000000000000018 3.5000000000000004 7.5000000000000009 3.5000000000000004
decision_type=2 2 2 2 2 2 2 2 2 2 2 2 2 2 2 2 2 2 2 2 2 2 2 2 2 2 2 2 2 2
left_child=1 -1 3 21 5 -5 10 -8 -9 -10 11 20 16 14 15 -14 -12 -15 -13 -17 -6 23 -23 27 -25 26 -26 -2 29 -29
right_child=2 -3 -4 4 6 -7 7 8 9 -11 12 18 13 17 -16 19 -18 -19 -20 -21 -22 22 -24 24 25 -27 -28 28 -30 -31
leaf_value=-0.036314412327210915 -0.018895080570164671 -0.002692604398273294 0.037309264229036652 0.04575524942438447 0.049521004779276172 -0.082927422991770305 0.027587742795448907 -0.18502932332620259 0.052906597512803688 -0.059729670821290215 0.047391551743542905 -0.18577763742755304 0.013910531649908388 -0.11527745420865242 -0.1057553280843431 -0.0067344332604579718 6.4360129016239844e-05 0.050639673753274543 -0.04119361186550291 -0.1393590529318407 0.0013858871238462095 -0.12353983375833069 0.050835792347128497 0.045856750700967196 -0.014697864845499632 0.023930256935793898 -0.07826114786698056 0.027450568717162033 -0.011255488777220152 -0.040400814727378151
leaf_weight=15.406613373197613 46.942666901508346 18.461986625799909 5.9555290162097654 10.224850782309655 3.1283072368241838 0.81358976999763477 1.8023223706986744 0.61670873593538988 0.82356117735616852 3.5552684627473354 13.22532357031014 0.42677789623849038 5.2847642423585039 0.30014814820606162 1.7435878303367642 0.7245919487904755 6.0662483584601423 4.5175575314788148 1.9399390683975068 0.96470298315398395 444.32254423690028 1.0778791734483082 0.43022940831724543 11.198245286010208 8.5727629167959076 8.4067880535731092 3.1865375607740143 23.830378044745888 55.781476943520829 4.8139819626230738
leaf_count=3895 1637 3057 2803 857 104 36 78 24 44 111 3497 23 524 27 45 61 207 929 115 15 15239 29 96 3999 411 182 49 421 2213 108
internal_value=0.000192584 -0.017987 0.00111063 0.000786315 0.00269706 0.0362707 0.00193987 -0.0343006 -0.056629 -0.0385453 0.0024503 0.00135944 0.0173981 -0.0041397 -0.0287004 -0.00943581 0.0325095 0.0403029 -0.0672657 -0.0824722 0.00172242 -0.00503618 -0.0737944 -0.00439897 0.0108183 -0.0086386 -0.0319223 -0.0080321 -0.00199203 0.0160474
internal_weight=704.546 33.8686 670.677 664.722 500.481 11.0384 489.442 6.79786 4.99554 4.37883 482.644 449.818 32.8269 13.5354 8.71765 6.97406 19.2916 4.81771 2.36672 1.68929 447.451 164.241 1.50811 162.733 31.3643 20.1661 11.7593 131.369 84.4258 28.6444
internal_count=40836 6952 33884 31081 21936 893 21043 257 179 155 20786 15481 5305 1601 645 600 3704 956 138 76 15343 9145 125 9020 4641 642 460 4379 2742 529
is_linear=0
shrinkage=0.05


Tree=139
num_leaves=31
num_cat=0
split_feature=0 4 10 11 8 0 4 8 15 4 0 0 8 2 11 9 15 4 10 4 15 15 4 15 4 0 4 4 2 4
split_gain=4.3153 3.63517 4.68736 3.63197 2.95041 3.80675 4.07221 2.68099 3.52208 4.85346 3.93477 2.98356 2.7414 2.59635 2.74188 3.50202 2.69065 2.67112 2.56613 3.21795 2.52308 6.4645 6.31169 3.35623 3.48142 6.66575 3.08178 2.89412 4.7188 3.03236
threshold=18.500000000000004 3.6226966422445046 1.0000000180025095e-35 14.500000000000002 2.5000000000000004 17.500000000000004 3.8496360355649508 2.5000000000000004 28.26836581709146 3.8797789142116303 29.500000000000004 46.500000000000007 8.5000000000000018 3.5000000000000004 4.5000000000000009 31.500000000000004 11.915683704674532 3.8443087154995537 1.0000000180025095e-35 3.7339845216307208 10.741758241758243 7.672684458398745 4.167960672279321 11.379679665060126 3.7722117838879714 24.500000000000004 4.0797256906719221 4.0273211391993682 1.5000000000000002 4.0323172913475043
decision_type=2 2 2 2 2 2 2 2 2 2 2 2 2 2 2 2 2 2 2 2 2 2 2 2 2 2 2 2 2 2
left_child=1 2 -1 7 5 6 18 13 12 -10 -11 -12 20 14 15 16 -2 -18 19 -3 21 -9 26 -22 -25 -26 -23 -27 -29 -30
right_child=3 4 -4 -5 -6 -7 -8 8 9 10 11 -13 -14 -15 -16 -17 17 -19 -20 -21 23 22 -24 24 25 27 -28 28 29 -31
leaf_value=-0.038573199756314097 -0.0048799157326203492 -0.05036855086829492 0.042544949338598655 0.05083212816560824 -0.015709184337819631 -0.0053328687772566559 0.36465810838201246 0.003126030526252379 0.061046073237007926 -0.19617159053718058 0.050288741413082018 -0.18483623303361393 -0.088409205422268211 0.038593588695352864 0.04425215215775085 -0.086716926646955683 -0.092079256131834195 -0.0019896617054997782 0.13870215888650869 0.10449624239257582 0.055568221083467428 -0.030921271486800284 0.030107540660999788 0.037700637952487799 -0.034605734580183449 0.049631474266652986 -0.087362368221516926 -0.029408347172184823 -0.12721600191329263 0.042557759012173429
leaf_weight=18.255080481409099 152.83847367903218 0.69776159757748046 1.9733831109479059 3.645962636335752 8.0479232114739716 2.8506678370758891 0.1204316304065286 443.97811358288163 0.53899124288000066 0.71992336958646752 0.42425829148851335 0.19783498044125736 0.8213775500189503 3.3809627352748057 2.702708884375169 1.3502416554838408 1.7803553389385336 1.529739513993263 0.76702099665999401 0.64598971768282354 4.5612640858162186 9.7670156983658689 3.5778821035055435 8.457313596736638 8.7802775031887013 5.321959906374107 3.2145117230247697 5.3274634605040756 0.27538879925850768 5.853189630783163
leaf_count=4758 8546 217 78 2168 1463 290 15 17923 12 16 123 2 25 90 302 65 45 216 12 119 207 388 963 72 166 128 98 239 14 2076
internal_value=0.000189257 -0.017362 -0.0306597 0.00106435 0.00312522 0.0329524 0.0818671 0.000791658 0.00260372 -0.0656865 -0.116586 -0.0244845 0.00286066 -0.00476714 -0.00568225 -0.00653913 -0.00584582 -0.0504449 0.0657322 0.0240805 0.00301086 0.00198198 -0.0286915 0.0152939 0.00989334 0.000691817 -0.0448973 0.0191638 0.00500983 0.0349289
internal_weight=702.403 33.3583 20.2285 669.045 13.1298 5.08187 2.2312 665.399 501.817 1.88101 1.34202 0.622093 499.936 163.582 160.202 157.499 156.149 3.31009 2.11077 1.34375 499.114 460.538 16.5594 38.5769 34.0156 25.5583 12.9815 16.778 11.456 6.12858
internal_count=40836 6952 4836 33884 2116 653 363 31716 22452 153 141 125 22299 9264 9174 8872 8807 261 348 336 22274 19372 1449 2902 2695 2623 486 2457 2329 2090
is_linear=0
shrinkage=0.05


Tree=140
num_leaves=31
num_cat=0
split_feature=4 7 9 0 11 4 2 0 0 9 4 11 15 15 4 0 11 4 8 0 4 8 9 9 4 4 0 4 9 9
split_gain=4.29575 1.62994 5.19529 3.08027 2.81151 2.80711 2.69408 2.04243 3.73079 2.03998 1.79461 1.66583 3.25273 2.77489 5.43004 11.1086 2.25087 2.49799 4.81148 3.53631 2.96981 2.96085 5.42365 6.12209 4.38583 3.96657 10.1369 3.98578 3.77294 4.75546
threshold=4.6992827592739639 1.0000000180025095e-35 6.5000000000000009 42.500000000000007 3.5000000000000004 4.5283961458152522 1.5000000000000002 35.500000000000007 36.500000000000007 8.5000000000000018 4.0484281352293268 5.5000000000000009 20.72734124740909 31.986394557823136 3.7722117838879714 29.500000000000004 4.5000000000000009 4.0797256906719221 5.5000000000000009 32.500000000000007 4.0836910582333941 2.5000000000000004 31.500000000000004 3.5000000000000004 4.1479698406581758 4.5172723438944473 51.500000000000007 4.172644555684915 1.5000000000000002 4.5000000000000009
decision_type=2 2 2 2 2 2 2 2 2 2 2 2 2 2 2 2 2 2 2 2 2 2 2 2 2 2 2 2 2 2
left_child=1 5 7 6 -5 11 9 -3 -9 -4 -10 12 16 -13 -15 -16 17 -1 19 -19 -21 22 23 -22 -23 27 -27 28 -26 -30
right_child=-2 2 3 4 -6 -7 -8 8 10 -11 -12 13 -14 14 15 -17 -18 18 -20 20 21 24 -24 -25 25 26 -28 -29 29 -31
leaf_value=0.0016701729583526869 0.045216107884925694 0.080363097213686965 -0.09582996922214497 0.0034132142701201666 -0.068155707441182767 0.05040569919826119 -0.16194302333641242 -0.20886560963045669 -0.089360115482947422 0.051033974031313378 0.036947099218163658 0.036286220418143562 -0.061092253928859988 0.064146395565408174 -0.22868052234755851 0.050591959843477752 0.045834790803183367 -0.017601879854271273 -0.099529983857473234 -0.072738944305612105 -0.039189587334989145 0.041323459039957267 -0.12548178166398538 0.041076366691890326 0.004294924279626724 0.05014351025868078 -0.74460394750528591 0.014716125505639313 -0.20959223930531895 -0.043104441908494995
leaf_weight=593.20526368927676 5.4642375430557868 1.2938665451947584 0.64590027462691046 3.62074094126001 2.2097133726347238 2.865906305727548 0.86793999886140216 0.1914672534912828 0.32395649794489179 0.37299069459550083 2.1320569140370935 7.4638835537480173 2.1352450188715002 0.99769938271492753 0.70667396998032905 0.71771734533831477 2.753121562767773 36.447036075638607 1.3989838059060264 1.2477196131367225 5.6851295563392323 9.6282052708556858 1.0453056283295143 4.0808738060295582 3.0481653475435513 0.11120486445724864 0.062768951640464365 17.696305517165456 0.54100903496146235 2.0700177086982876
leaf_count=28001 2772 32 33 93 68 1303 7 7 5 25 249 1631 68 15 11 294 323 1831 59 57 131 797 41 246 198 49 8 2578 4 161
internal_value=0.00105403 0.00071202 -0.0178281 -0.041681 -0.0237111 0.00102352 -0.0972097 0.0288766 0.00371433 -0.0420667 0.0202867 0.000818722 0.000522976 0.021196 -0.0253058 -0.0879617 0.000716731 0.000533053 -0.00758787 -0.0060128 0.0033286 0.00548719 -0.0172354 -0.00564923 0.0128961 0.00126363 -0.236598 0.00303545 -0.03349 -0.077601
internal_weight=711.031 705.567 11.6586 7.71729 5.83045 693.908 1.88683 3.94135 2.64748 1.01889 2.45601 691.042 681.156 9.88597 2.42209 1.42439 679.021 676.268 83.0627 81.6637 45.2167 43.969 10.8113 9.766 33.1577 23.5295 0.173974 23.3555 5.65919 2.61103
internal_count=41097 38325 519 226 161 37806 65 293 261 58 254 36503 34552 1951 320 305 34484 34161 6160 6101 4270 4213 418 377 3795 2998 57 2941 363 165
is_linear=0
shrinkage=0.05


Tree=141
num_leaves=31
num_cat=0
split_feature=14 9 11 15 6 15 5 0 14 9 0 0 8 0 14 0 0 9 14 2 9 6 9 5 14 9 8 0 7 14
split_gain=3.8083 3.59566 3.22972 3.05176 2.65026 2.33059 2.66622 3.66814 2.21091 3.45332 4.68952 3.68656 3.04268 5.65168 5.39688 6.31158 2.9898 2.61862 3.62205 3.12274 2.55667 4.34866 4.44745 2.84609 2.93305 2.68523 3.36537 2.48315 3.44734 2.46881
threshold=20.500000000000004 4.5000000000000009 5.5000000000000009 20.72734124740909 1.0000000180025095e-35 38.81792595799957 7.5000000000000009 47.500000000000007 7.5000000000000009 5.5000000000000009 36.500000000000007 34.500000000000007 2.5000000000000004 29.500000000000004 9.5000000000000018 32.500000000000007 30.500000000000004 12.500000000000002 11.500000000000002 1.5000000000000002 2.5000000000000004 1.0000000180025095e-35 3.5000000000000004 4.5000000000000009 10.500000000000002 1.0000000180025095e-35 2.5000000000000004 46.500000000000007 1.5000000000000002 12.500000000000002
decision_type=2 2 2 2 2 2 2 2 2 2 2 2 2 2 2 2 2 2 2 2 2 2 2 2 2 2 2 2 2 2
left_child=2 -2 3 8 5 6 -4 -8 27 10 20 12 16 -14 -15 -16 -11 18 -13 -20 23 -22 -23 -10 -25 -26 -27 -1 -29 -28
right_child=1 -3 4 -5 -6 -7 7 -9 9 11 -12 17 13 14 15 -17 -18 -19 19 -21 21 22 -24 24 25 26 29 28 -30 -31
leaf_value=0.0041501132448050022 -0.023257441413039523 0.051202354875330439 0.024459368381834164 -0.05893645033747661 0.038225386808298817 -0.10484322326545939 -0.1830271701089449 0.050185218313571117 -0.0024571367756119726 0.054300942970161137 0.037734106140429713 0.039580976760017816 -0.12945174801463535 -0.076409982175845645 0.055829108420659301 -0.091185506536448149 -0.04219997340443396 -0.0179605315234448 0.052463333874982643 -0.029946602422875102 0.03528447534469252 -0.081315350596996877 0.0073403614726582009 0.060392873336905899 -0.027879337522343669 -0.028157025188037491 -0.016661726349504014 0.040471027198770132 -0.090580469714690928 0.039835813757281263
leaf_weight=245.37892188585829 23.41010550479405 1.74198803375475 3.293967313598841 2.103510486893355 10.603761008009313 0.5411489822436123 0.39573694765567768 0.29377848678268492 318.92592869792134 1.5345700979232764 8.3443847812013683 6.1750824633054453 1.8964823400601742 3.4446909236721694 2.4408696545287971 1.0415967684239147 1.6828092727810142 17.194907014025375 1.448691379278898 5.5664088812191039 12.694165425375104 1.7681638859212396 7.0746933417394757 3.168974164058457 4.0247565160971144 3.1838423907756797 2.3764293014537552 7.7476288900943455 0.53656346979551006 10.376882905606179
leaf_count=19110 379 172 266 68 4674 9 2 148 10897 66 973 799 41 58 53 30 14 625 55 196 109 13 177 93 141 19 91 1734 10 75
internal_value=0.00100775 -0.0181005 0.00170911 0.00119336 0.024555 -0.00748231 0.00574399 -0.0836635 0.0013827 -0.000867892 0.000673732 -0.0143829 -0.0377962 -0.0529735 -0.0320356 0.0118574 0.00382737 -0.00510467 0.0116544 -0.0129281 -0.000176794 0.0165324 -0.0103867 -0.00122886 0.0157065 0.00861246 0.0178281 0.00505908 0.0319829 0.0293082
internal_weight=710.411 25.1521 685.259 670.131 15.1284 4.52463 3.98348 0.689515 668.027 414.364 371.938 42.4261 12.041 8.82364 6.92716 3.48247 3.21738 30.3851 13.1902 7.0151 363.594 21.537 8.84286 342.057 23.1309 19.9619 15.9372 253.663 8.28419 12.7533
internal_count=41097 551 40546 35447 5099 425 416 150 35379 14525 12588 1937 262 182 141 83 80 1675 1050 251 11615 299 190 11316 419 326 185 20854 1744 166
is_linear=0
shrinkage=0.05


Tree=142
num_leaves=31
num_cat=0
split_feature=4 7 0 4 4 11 4 5 2 0 4 4 4 8 15 10 8 8 0 11 0 0 0 2 0 5 4 8 2 4
split_gain=3.91817 1.41948 4.57325 2.60953 2.12119 2.09491 2.9831 2.9059 2.19809 4.22031 4.03764 1.46726 4.58026 12.6508 4.77583 4.76795 2.31371 3.12095 2.22777 3.27325 2.07303 2.8792 2.30765 2.03768 3.6124 2.15044 2.01945 1.81956 3.40271 2.40621
threshold=4.6992827592739639 1.0000000180025095e-35 32.500000000000007 4.5283961458152522 4.0484281352293268 3.5000000000000004 4.440520185197097 7.5000000000000009 1.5000000000000002 36.500000000000007 4.387707812901728 4.0797256906719221 4.0931444323516901 3.5000000000000004 2.3532668881506096 1.0000000180025095e-35 5.5000000000000009 3.5000000000000004 32.500000000000007 8.5000000000000018 47.500000000000007 46.500000000000007 44.500000000000007 1.5000000000000002 38.500000000000007 4.5000000000000009 4.1062197917419176 2.5000000000000004 1.5000000000000002 4.1479698406581758
decision_type=2 2 2 2 2 2 2 2 2 2 2 2 2 2 2 2 2 2 2 2 2 2 2 2 2 2 2 2 2 2
left_child=1 3 -3 11 -4 6 8 -7 -6 -10 -11 20 13 14 15 -13 17 18 19 -14 21 22 -1 -16 25 -25 -19 28 -20 -29
right_child=-2 2 4 -5 5 7 -8 -9 9 10 -12 12 16 -15 23 -17 -18 26 27 -21 -22 -23 -24 24 -26 -27 -28 29 -30 -31
leaf_value=0.0013501197088183481 0.044572171229480595 0.086502598139306552 -0.085141217708452122 0.050399647587949015 0.05198284467785419 0.051106617497361721 0.055493338483254939 -0.077217770462542204 -0.19297089228975806 0.016555816683321369 -0.09692174955272792 -0.030861140387647729 -0.011348496062261113 -0.24736370121088763 -0.17961084748148715 0.06605501690390593 -0.067192349616467625 -0.053370034923240196 -0.082227861261137611 -0.15723267713576305 0.040730221478442935 -0.10653720158258713 0.054980189115926906 0.063480568784591504 -0.1823281257693555 -0.10156859556633246 0.048458629328598318 0.033860123375289645 -0.0019760173664677286 0.0023744789534973871
leaf_weight=593.78220237110509 5.1139147097710511 0.9841814620885988 1.3329876167699684 2.65656005044002 0.83029594272374918 0.54322185437195036 1.6764881256967781 2.3482252226676792 0.39313997514545951 2.4090688559226696 1.161960319150239 4.0893293539993447 31.334892848390158 0.67886285670101632 0.50469409022480238 1.8400942017324267 1.3223800265695889 0.54571116028819133 1.5462336861528445 0.38928281108382989 3.3726555630564681 0.61696915305219491 2.0126263453857964 0.50825747172348179 0.40765523340087384 0.32262334786355495 4.5172528937691823 8.0643421356799063 9.0618952659424377 24.512597849476151
leaf_count=27934 2772 30 13 1303 41 52 106 79 7 160 31 203 1651 30 13 87 65 39 54 21 211 43 118 23 21 27 702 705 451 4105
internal_value=0.000964532 0.000647657 -0.016638 0.000939368 -0.026129 -0.017727 -0.00191697 -0.0531092 -0.0219917 -0.0374857 -0.0203681 0.000748785 -0.00521758 -0.0404788 -0.022174 -0.000784885 -0.00159514 -0.000510456 -0.00307836 -0.0131386 0.00164054 0.00141949 0.00153128 -0.0949269 -0.0604189 -0.000606497 0.037483 0.00431201 -0.0136735 0.0101687
internal_weight=708.881 703.767 11.6796 692.087 10.6954 9.3624 6.47095 2.89145 4.79447 3.96417 3.57103 689.431 89.6461 8.35152 7.67265 5.92942 81.2946 79.9722 74.9092 31.7242 599.784 596.412 595.795 1.74323 1.23854 0.830881 5.06296 43.1851 10.6081 32.5769
internal_count=41097 38325 519 37806 489 476 345 131 239 198 191 36503 8197 404 374 290 7793 7728 6987 1672 28306 28095 28052 84 71 50 741 5315 505 4810
is_linear=0
shrinkage=0.05


Tree=143
num_leaves=31
num_cat=0
split_feature=4 14 5 2 14 4 4 4 2 4 14 14 14 14 4 11 4 4 5 11 3 14 14 4 8 5 2 4 4 14
split_gain=3.68178 3.1369 2.82457 2.47011 2.17786 2.49417 3.62545 8.95844 6.37026 3.80384 2.98276 2.64629 7.62646 2.63701 3.65374 3.20537 2.62674 2.61844 6.12091 7.17359 2.5652 2.54565 2.43524 4.34647 5.14438 2.85397 3.3831 3.39253 2.41799 3.1201
threshold=4.6992827592739639 20.500000000000004 5.5000000000000009 1.5000000000000002 7.5000000000000009 4.0558167694895912 4.0273211391993682 4.023139138167485 1.5000000000000002 3.9707065544568345 9.5000000000000018 15.500000000000002 16.500000000000004 14.500000000000002 3.6306988403295679 7.5000000000000009 4.0427521046615249 3.9760219219180022 3.5000000000000004 1.0000000180025095e-35 1.0000000180025095e-35 13.500000000000002 14.500000000000002 4.1079885748647094 3.5000000000000004 7.5000000000000009 3.5000000000000004 4.3612728927968138 4.1479698406581758 15.500000000000002
decision_type=2 2 2 2 2 2 2 2 2 2 2 2 2 2 2 2 2 2 2 2 2 2 2 2 2 2 2 2 2 2
left_child=1 4 -3 -4 -1 6 7 9 -9 13 16 21 -13 14 -6 -16 -8 18 -11 -20 -15 -12 23 24 -7 -25 27 -27 29 -24
right_child=-2 2 3 -5 5 22 10 8 -10 17 11 12 -14 20 15 -17 -18 -19 19 -21 -22 -23 28 25 -26 26 -28 -29 -30 -31
leaf_value=0.0048744251374057621 0.04399417786874215 -0.024553442262731658 -0.021968762056032057 0.055260554640935072 0.0097759141652610376 -0.015736009311086794 -0.072574765791113494 -0.036714188083978035 -0.17495882805219642 -0.00406833050587041 0.02227570678573669 -0.086401549063298277 0.04620668074495899 -0.040677472242538121 -0.0063343346202786067 -0.12583012782372477 0.059285619258297222 0.010498301544474108 0.15912245299233255 -0.048270806802479631 0.010554478825523926 0.070594226483221653 -0.048712736104571733 0.015660626833390156 -0.12321986559080295 0.00087274539364236975 0.056071340786716529 -0.080693586221976948 -0.038267447792173725 0.0047245025635467746
leaf_weight=257.90189998538699 4.926818774372804 20.466808059951294 1.8813285431824613 2.3025094958720729 41.010147652588785 14.38712996651884 1.3760717583354587 3.4707229444757095 1.0965813699876887 2.493422577623277 6.2607194429729116 1.6918526208028186 3.0189206311479211 2.5579552398994556 188.07995148457121 0.56287420203443517 0.52055974572431285 33.231996768619865 1.7337948728818449 0.54897331306710828 54.51813536696136 4.8280357695184648 3.5876598475733799 25.354558092018127 1.2065976349404071 2.5777810529107219 1.1324327897746114 2.5220196282025427 11.794890378019771 11.448186302091925
leaf_count=22148 2772 293 45 165 1929 621 50 59 21 91 205 30 46 33 6880 14 29 873 32 68 849 55 73 2515 43 168 87 176 506 221
internal_value=0.000921636 0.000620014 -0.0169011 0.0205332 0.00125619 -0.000960259 0.000817077 -0.000367673 -0.0699059 0.000610355 0.0228639 0.0299761 -0.00141896 -0.00135988 -0.00375034 -0.00669089 -0.0363837 0.0154736 0.0500906 0.109247 0.00825844 0.0433136 -0.00929327 -0.00245374 -0.0240528 0.00820926 -0.0221051 -0.0394645 -0.0213203 -0.008026
internal_weight=708.491 703.565 24.6506 4.18384 678.914 421.012 347.001 329.305 4.5673 324.737 17.6962 15.7995 4.71077 286.729 229.653 188.643 1.89663 38.0082 4.77619 2.28277 57.0761 11.0888 74.0113 47.1805 15.5937 31.5868 6.23223 5.0998 26.8307 15.0358
internal_count=41097 38325 503 210 37822 15674 11264 10849 80 10769 415 336 76 9705 8823 6894 79 1064 191 100 882 260 4410 3610 664 2946 431 344 800 294
is_linear=0
shrinkage=0.05


Tree=144
num_leaves=31
num_cat=0
split_feature=4 0 4 4 0 4 8 5 15 4 4 15 11 15 0 15 15 5 0 5 4 0 0 15 8 4 0 0 8 2
split_gain=3.4574 1.4141 1.41184 3.48115 2.04415 2.09531 1.67235 1.9434 1.59274 3.28055 6.39526 3.45627 5.61197 1.81787 2.10438 1.71375 5.54361 6.1644 3.15644 2.70776 1.48066 3.38179 2.2976 3.95975 2.34598 2.213 3.02217 1.63991 2.8497 1.43564
threshold=4.6992827592739639 14.500000000000002 3.788832339775448 3.7877426501774436 26.500000000000004 3.4718396893462793 2.5000000000000004 3.5000000000000004 13.62291554599247 3.7486617319453353 3.6836422721317601 14.98663101604278 5.5000000000000009 18.075692600912127 20.500000000000004 6.2257751937984507 5.8608844997853167 3.5000000000000004 25.500000000000004 3.5000000000000004 3.8210577281331055 32.500000000000007 22.500000000000004 11.051177667926725 5.5000000000000009 3.8273472064897107 19.500000000000004 17.500000000000004 2.5000000000000004 1.5000000000000002
decision_type=2 2 2 2 2 2 2 2 2 2 2 2 2 2 2 2 2 2 2 2 2 2 2 2 2 2 2 2 2 2
left_child=1 -1 3 4 8 -6 7 -5 15 10 11 -10 13 -13 -15 16 -3 -18 19 -17 21 22 23 -4 -24 -22 27 28 -27 -28
right_child=-2 2 20 6 5 -7 -8 -9 9 -11 -12 12 -14 14 -16 18 17 -19 -20 -21 25 -23 24 -25 -26 26 29 -29 -30 -31
leaf_value=-0.050213723063095364 0.043392964757573649 8.2149469322977524e-05 0.012941614676770791 0.17710763137012545 -0.054509924610243114 0.014342926491788602 0.025154772726437 0.052866881516404673 0.042595697031608488 -0.043372330525320794 0.13930247369009657 -0.024756366484672273 0.072971305960305752 -0.042966861639555869 -0.18071811403359742 -0.042519918769405529 -0.050612686201348005 0.23700548466626523 -0.11591919778203152 0.023815315680573795 0.022049722679861744 0.03873464478908184 -0.026758785112737833 0.27159027595496227 0.034372697491673786 0.17496262034860396 0.0027054991391240089 -0.05696314810682547 -0.050402949844663147 -0.0034266573940590441
leaf_weight=1.3670099840965111 4.7498434704612 207.06409746001009 1.6172850178554714 0.43128063157200713 1.1342534408904601 42.778332803864032 3.6802663011476398 1.1649799041915683 5.2243487834930402 1.8520739809609938 1.1648057638667513 1.9891783897764983 1.222477104514837 0.62225237837992586 0.50005584955215454 3.3691688426770261 0.29385629459284146 0.50894739106297493 0.83252457156777371 2.8310236656107008 10.742635776055975 2.9166363279800853 21.635639816988263 0.16287708608433593 1.6921468321233977 0.22159417811781068 182.55926050408743 3.4773705236148089 0.38220974896103144 200.02232995117083
leaf_count=723 2772 12816 216 25 23 633 163 50 32 42 37 57 8 48 3 300 70 8 7 127 732 64 528 6 13 21 8530 519 75 12449
internal_value=0.000877788 0.000590721 0.00068964 0.00347002 0.00268797 0.0125645 0.0436932 0.0864345 0.00078137 0.018077 0.0286904 0.0152109 -0.0178 -0.0534633 -0.104343 -0.000230712 0.000590573 0.131726 -0.0245056 -0.0122311 -0.00111848 -0.0122264 -0.0181462 0.0366068 -0.0223244 -0.000335168 -0.000957087 -0.043756 0.0323055 -0.000500531
internal_weight=708.211 703.461 702.094 276.664 271.387 43.9126 5.27653 1.59626 227.475 12.5752 10.7231 9.55831 4.33396 3.11149 1.12231 214.9 207.867 0.802804 7.03272 6.20019 425.43 28.0246 25.1079 1.78016 23.3278 397.405 386.663 4.08117 0.603804 382.582
internal_count=41097 38325 37602 14449 14211 656 238 75 13555 227 185 148 116 108 51 13328 12894 78 434 427 23153 827 763 222 541 22326 21594 615 96 20979
is_linear=0
shrinkage=0.05


Tree=145
num_leaves=31
num_cat=0
split_feature=15 15 2 4 4 10 4 15 5 4 3 0 4 4 4 0 11 0 0 4 5 0 0 8 4 4 15 4 0 4
split_gain=3.74887 4.35929 4.03266 7.05562 5.2717 2.74088 5.68489 5.04378 4.49517 4.11985 3.79865 2.98535 2.90163 3.74603 3.7322 5.795 12.7116 3.50366 2.88354 3.95502 2.79463 3.42059 6.67017 2.76911 2.64021 2.42958 2.30835 3.96866 4.67425 2.25759
threshold=13.060200668896323 12.352614787071717 1.5000000000000002 3.7486617319453353 3.6819433087818081 1.0000000180025095e-35 3.6538767234763556 5.8608844997853167 4.5000000000000009 3.6424896731661272 1.0000000180025095e-35 18.500000000000004 4.182171324392594 4.0965037564256042 3.9677201004745002 21.500000000000004 1.5000000000000002 30.500000000000004 28.500000000000004 3.9760219219180022 4.5000000000000009 32.500000000000007 24.500000000000004 4.5000000000000009 3.6306988403295679 3.3929372919485519 8.5825892857142865 4.0931444323516901 31.500000000000004 3.7722117838879714
decision_type=2 2 2 2 2 2 2 2 2 2 2 2 2 2 2 2 2 2 2 2 2 2 2 2 2 2 2 2 2 2
left_child=1 5 3 4 24 9 7 -7 10 11 -8 -1 13 14 -12 16 -16 -15 19 -17 -11 22 -22 25 -2 -13 -10 28 -28 -24
right_child=2 -3 -4 -5 -6 6 8 -9 26 20 12 23 -14 17 15 18 -18 -19 -20 -21 21 -23 29 -25 -26 -27 27 -29 -30 -31
leaf_value=-0.027701235362314294 0.03421909389370164 -0.047088909872037156 0.038769960392103814 -0.022943255325317057 0.13666422977137957 0.035070156084389854 -0.10740468124488688 0.18222660964114504 0.015452612733774374 0.0028114475429868281 -0.0095017317083463601 0.020063069909677825 0.087352045697918268 -0.070384626907023448 0.29352569857851185 0.0802468987322143 -0.050391674010906488 0.015098826978977195 0.041099791939830987 -0.034096628218298272 0.031699800780502753 -0.00035576130070930794 -0.0042385020706393493 -0.058081177856684423 -0.039054222823589557 -0.0075060787866363474 -0.024212852278654062 0.037882436885494239 -0.17968765442594348 -0.043449710079332217
leaf_weight=19.647580673103221 7.103330048965292 4.8943296466604798 13.037124093039891 11.55923302634619 1.1245200103148807 8.2428391734138096 0.92040246119722624 0.62654732749797482 60.307445382117294 348.40831630723551 35.764255881309509 8.9386459740344417 0.83799779880791803 3.9870443185791364 0.57901396229863056 0.92056613136082699 0.50129023380577564 1.7139472421258686 4.4948206841945648 4.2368204360827804 4.6302383906440836 52.733403119549621 4.7410978842526701 2.4903743439353994 1.486681865993887 75.414435466285795 2.2947952094255011 1.7769812453188931 0.61244884086772788 16.26104113436304
leaf_count=5109 152 292 3859 659 36 274 27 13 4743 15657 890 315 22 58 22 35 65 16 57 140 925 3641 66 84 28 2794 154 435 7 268
internal_value=0.000755722 -7.46414e-05 0.0168731 0.00345419 0.0348643 0.000273429 0.00684946 0.0454655 0.00397004 -0.00130277 -0.00669772 -0.0101007 -0.00495001 -0.00643185 -0.00174163 0.0241176 0.133939 -0.0446849 0.011826 -0.0136869 0.000892548 -0.00763874 -0.022622 -0.00611876 0.0215376 -0.00458466 0.0128264 -0.0209846 -0.0569656 -0.034598
internal_weight=700.288 665.977 34.3109 21.2738 9.71453 661.082 127.817 8.86939 118.948 533.265 53.9562 106.491 53.0358 52.1978 46.4968 10.7325 1.0803 5.70099 9.65221 5.15739 426.774 78.3658 25.6324 86.8435 8.59001 84.3531 64.9917 4.68423 2.90724 21.0021
internal_count=40843 36109 4734 875 216 35817 6958 287 6671 28859 1332 8302 1305 1283 1209 319 87 74 232 175 20557 4900 1259 3193 180 3109 5339 596 161 334
is_linear=0
shrinkage=0.05


Tree=146
num_leaves=31
num_cat=0
split_feature=15 15 2 4 4 0 9 15 3 15 10 4 4 4 0 0 11 0 4 0 9 15 15 5 5 4 5 0 9 2
split_gain=3.43159 3.96274 3.82905 6.36764 6.33943 2.53234 4.61597 3.9252 3.29193 2.7018 4.86997 3.00936 2.25376 1.95887 2.72166 2.62953 1.86581 1.82687 3.68499 1.73692 1.68898 1.88377 3.54043 2.16923 2.71733 1.65733 4.40799 1.65237 1.62947 2.26405
threshold=13.060200668896323 12.352614787071717 1.5000000000000002 3.7486617319453353 3.6897977004747777 19.500000000000004 1.0000000180025095e-35 5.8608844997853167 1.0000000180025095e-35 6.2257751937984507 1.0000000180025095e-35 3.788832339775448 3.6306988403295679 3.572546561332651 21.500000000000004 24.500000000000004 3.5000000000000004 20.500000000000004 3.5840980449955624 25.500000000000004 1.0000000180025095e-35 28.26836581709146 23.845060412224594 3.5000000000000004 7.5000000000000009 3.4549046278596376 3.5000000000000004 29.500000000000004 1.0000000180025095e-35 1.5000000000000002
decision_type=2 2 2 2 2 2 2 2 2 2 2 2 2 2 2 2 2 2 2 2 2 2 2 2 2 2 2 2 2 2
left_child=1 5 3 4 12 6 7 8 -1 10 -9 -11 17 14 28 -16 -4 18 -2 -17 -5 22 23 -22 -25 26 -8 -21 -7 -30
right_child=2 -3 16 20 -6 13 25 9 -10 11 -12 -13 -14 -15 15 19 -18 -19 -20 27 21 -23 -24 24 -26 -27 -28 -29 29 -31
leaf_value=0.053178175890967398 -0.03535682995951403 -0.04505474810330054 -0.065110924509337753 -0.045461461200100979 0.15884117316981872 -0.051283190382273462 0.047130017072568059 -0.050347070427886109 -0.029248880752117425 -0.030787659365538064 0.19443168274856754 0.16499635667222295 -0.03050736241183466 0.0020120844754426782 0.014190792316276381 -0.049238460234242318 0.041617653435652373 0.051102585295408481 0.11354894809061625 0.012198527919381363 -0.041572933693332793 -0.076562897139702546 0.078550267445645819 0.05347293515420655 -0.11903415273005263 -0.0024867025369989288 -0.036368753153821078 -0.054126538648781031 1.8584749470750035e-05 -0.038801085625325527
leaf_weight=1.2610163465142274 1.8836333688814195 4.8604368878295636 0.42370171658694644 4.5766613245941681 0.90829345257952887 3.997431811643767 6.1126189474016446 0.31193729955702965 30.722685181419365 1.2731292186072094 0.58290580660104752 0.23204570007510472 1.7600986275356261 559.39455878705485 15.949101330479609 3.2090677088126522 12.210130798805038 4.6382808140479028 0.53306338284164656 4.1649314127862453 3.0579352304339409 0.83923472324386228 1.2451096253935245 1.5263623571954665 0.26842582365497936 14.646939240861682 2.1318427100777626 1.2124195520300416 9.3867850748356414 6.261350415647029
leaf_count=26 100 292 6 148 30 679 92 81 8410 242 4 35 34 25398 401 44 3853 32 20 76 17 73 47 349 25 167 16 22 90 34
internal_value=0.000717189 -7.27045e-05 0.016242 0.00327557 0.0330684 0.00025813 -0.00978946 -0.0213713 -0.025999 0.0402998 0.109103 -0.000604563 0.0201089 0.00121158 -0.00892398 0.00218063 0.0380383 0.0327368 -0.00251191 -0.020128 -0.0218845 -0.00632986 0.0033362 -0.0159622 0.027673 0.00760691 0.025539 -0.00275564 -0.0227926 -0.0155145
internal_weight=699.582 665.711 33.8709 21.2371 9.72337 660.851 57.2751 34.3837 31.9837 2.40002 0.894843 1.50517 8.81508 603.576 44.1811 24.5355 12.6338 7.05498 2.4167 8.58642 11.5137 6.93707 6.09783 4.85272 1.79479 22.8914 8.24446 5.37735 19.6456 15.6481
internal_count=40843 36109 4734 875 216 35817 9073 8798 8436 362 85 277 186 26744 1346 543 3859 152 120 142 659 511 438 391 374 275 108 98 803 124
is_linear=0
shrinkage=0.05


Tree=147
num_leaves=31
num_cat=0
split_feature=15 14 14 4 0 15 4 2 11 8 14 15 14 0 8 14 0 5 0 14 5 6 15 14 0 11 4 6 3 0
split_gain=3.17861 3.70962 4.84406 8.29504 6.19203 3.59873 3.28705 5.38131 2.65502 2.56513 2.55923 3.97988 2.38039 2.37583 2.51855 6.36818 4.9629 3.00493 2.92324 3.80109 5.57245 3.51294 6.19854 3.46897 3.25581 3.71857 3.07001 2.89752 8.25882 5.58521
threshold=13.060200668896323 7.5000000000000009 6.5000000000000009 3.7409676809694572 19.500000000000004 12.352614787071717 3.6424896731661272 1.5000000000000002 3.5000000000000004 8.5000000000000018 9.5000000000000018 31.986394557823136 2.5000000000000004 19.500000000000004 2.5000000000000004 3.5000000000000004 22.500000000000004 3.5000000000000004 31.500000000000004 11.500000000000002 6.5000000000000009 1.0000000180025095e-35 1.9803921568627452 4.5000000000000009 32.500000000000007 2.5000000000000004 3.7502323533268509 1.0000000180025095e-35 1.0000000180025095e-35 21.500000000000004
decision_type=2 2 2 2 2 2 2 2 2 2 2 2 2 2 2 2 2 2 2 2 2 2 2 2 2 2 2 2 2 2
left_child=5 2 4 -4 -2 9 -3 -8 -5 13 11 -9 -7 -1 17 16 -16 -15 27 20 24 22 26 -22 25 -20 -21 -17 -29 -30
right_child=1 6 3 8 -6 12 7 10 -10 -11 -12 -13 -14 14 15 18 -18 -19 19 21 23 -23 -24 -25 -26 -27 -28 28 29 -31
leaf_value=-0.00943537780932493 -0.044471571859144292 0.037788148369673806 0.2234272132772909 -0.057677415491487749 0.046724022749705295 -0.15347204381511642 -0.030850636634364714 0.0028834637591378578 0.069854418920452896 -0.083372955712623528 0.050820800760498511 -0.25665260833641979 -0.031911386833938342 -0.022853637669324214 -0.043940066897640767 0.0030808187484187731 0.058625219549700194 -0.0016346138828450887 0.013757029761703888 -0.044150693080300063 -0.13226300823030243 -0.0093908231468041309 -0.049381781435404892 0.0018037959382023875 0.044092064940590939 -0.12824778765312486 0.024861170752093174 0.054191516321711888 0.032389088861211161 -0.013498781527074925
leaf_weight=56.596581068472005 2.6947489881422353 5.175214538350704 0.85776530252769534 0.51966055948287282 6.0184574716840871 0.44341787719167669 9.8605325244134274 1.6977890782291059 1.9010493716923518 0.91594395972788234 4.17596411582781 0.16178742510965083 4.3877070363960229 19.149381988449022 1.3805232178419817 231.80100079323165 8.0972161979880166 129.64495045936201 4.3977770588826415 1.7092875298112655 0.49878971127327432 33.450213307864033 3.5037541275378308 14.774480541527735 20.970701810147148 0.51499556936323632 28.170798544539139 5.2449766314821309 7.1464683115482321 91.945545747876167
leaf_count=9073 172 42 17 29 1946 15 230 250 468 23 1540 40 277 1150 26 8817 501 6903 229 17 31 667 121 3148 3122 10 548 154 32 1245
internal_value=0.000680765 0.0158121 0.0380129 0.0898198 0.0185198 -7.18355e-05 0.00317761 -0.0080904 0.0424768 0.000242938 0.029094 -0.0196968 -0.0430687 0.000359156 0.00127937 0.00313101 0.0436856 -0.00436544 0.00226557 0.00942228 0.0213762 0.00206102 0.0135356 -0.00257452 0.0355089 -0.00112904 0.0209134 -3.36622e-05 -0.00695297 -0.0101894
internal_weight=697.807 33.063 11.9917 3.27848 8.71321 664.745 21.0713 15.8961 2.42071 659.913 6.03554 1.85958 4.83112 658.997 602.401 453.607 9.47774 148.794 444.129 107.991 41.1567 66.8341 33.3838 15.2733 25.8835 4.91277 29.8801 336.138 104.337 99.092
internal_count=40843 4734 2632 514 2118 36109 2102 2060 497 35817 1830 290 292 35794 26721 18668 527 8053 18141 7893 6540 1353 686 3179 3361 239 565 10248 1431 1277
is_linear=0
shrinkage=0.05


Tree=148
num_leaves=31
num_cat=0
split_feature=15 14 0 15 4 2 14 4 11 11 14 4 0 10 4 5 0 3 15 4 4 14 4 14 11 0 4 14 15 4
split_gain=2.92238 3.42685 4.36134 3.24851 3.01377 4.94134 2.68383 6.24359 4.05585 2.46197 2.44504 3.51999 13.6707 2.36728 5.1148 3.98745 3.51618 3.13857 3.01682 2.49106 3.40322 3.53007 3.3534 4.77629 7.74678 2.77407 3.54012 3.00757 2.26311 3.75567
threshold=13.060200668896323 7.5000000000000009 18.500000000000004 12.909177478871564 3.6424896731661272 1.5000000000000002 6.5000000000000009 3.7409676809694572 3.5000000000000004 3.5000000000000004 9.5000000000000018 3.9394709940012875 27.500000000000004 1.0000000180025095e-35 3.6538767234763556 4.5000000000000009 16.500000000000004 1.0000000180025095e-35 5.8608844997853167 4.182171324392594 4.0931444323516901 17.500000000000004 3.9677201004745002 9.5000000000000018 1.5000000000000002 28.500000000000004 3.975297397565547 18.500000000000004 8.5825892857142865 4.0931444323516901
decision_type=2 2 2 2 2 2 2 2 2 2 2 2 2 2 2 2 2 2 2 2 2 2 2 2 2 2 2 2 2 2
left_child=3 2 -2 13 -3 -6 8 -8 -4 -9 11 -7 -13 16 18 17 -1 -16 -15 20 22 -22 -19 24 -24 26 -25 -27 -17 -30
right_child=1 4 6 -5 5 10 7 9 -10 -11 -12 12 -14 14 15 28 -18 19 -20 -21 21 -23 23 25 -26 27 -28 -29 29 -31
leaf_value=-0.036730352687028428 -0.036525833527979813 0.036516770792447299 -0.040115242934289017 -0.076990227154032295 -0.029515545760492475 0.070010924602426791 0.19565534728475265 -0.057559861027292894 0.052552472087820129 0.069319683387495543 0.050783808448944145 -0.45110190676174966 0.004790998022895487 0.033852430721331719 -0.094538714444734342 0.01466657751362466 -0.00090985016019304386 -0.0092055300440483639 0.13889308302779838 0.078335303813537427 -0.066659035014832224 0.020074303058546315 0.20021605957069918 0.074742747196367559 -0.050374325689740276 0.080215119858907016 -0.035244152508835905 -0.0024329891087200291 -0.045453087436878176 0.0387477608927774
leaf_weight=6.941300334990955 1.7244133232161392 5.0898395404219654 1.5253693159902448 1.3696038806810964 9.7930003930814546 0.70877122320234676 0.93873424082994494 0.48386978358030353 5.2266765221138485 1.8219385432894339 3.9751205833745189 0.19709848798811413 0.99237797223031521 8.2356844022870028 0.99598367232829232 59.702443573798519 526.02920315373922 35.692379564512521 0.74542567762546319 0.88285272847860952 4.1932641435414544 1.6288449615240095 0.86463942378759273 0.89130192156880905 0.47941907308995724 2.2048282418400049 4.0831985576078296 2.1981883496046066 4.002359334845095 1.9792180890799498
leaf_count=2758 166 42 132 80 230 9 12 27 1827 468 1540 7 274 274 27 4743 26226 890 13 22 65 17 21 33 65 24 137 32 175 507
internal_value=0.000651652 0.0152959 0.0369091 -6.55677e-05 0.00309089 -0.00776883 0.0495766 0.08695 0.0316177 0.0426942 0.0284907 -0.0181932 -0.0707513 9.36408e-05 0.00617744 0.0034491 -0.00137637 -0.00660082 0.0425707 -0.00495198 -0.00635963 -0.0423937 -0.00183956 0.0226819 0.110832 0.0100476 -0.0155373 0.0389534 0.0117289 -0.0175922
internal_weight=695.597 32.4772 11.721 663.12 20.7562 15.6664 9.99659 3.24454 6.75205 2.30581 5.87337 1.89825 1.18948 661.751 128.78 119.799 532.971 54.1149 8.98111 53.1189 52.2361 5.82211 46.414 10.7216 1.34406 9.37752 4.9745 4.40302 65.684 5.98158
internal_count=40843 4734 2632 36109 2102 2060 2466 507 1959 495 1830 290 281 36029 7045 6758 28984 1333 287 1306 1284 82 1202 312 86 226 170 56 5425 682
is_linear=0
shrinkage=0.05


Tree=149
num_leaves=31
num_cat=0
split_feature=8 11 6 2 14 8 14 10 4 9 4 8 9 2 4 8 9 4 14 14 4 11 2 5 9 8 14 4 14 9
split_gain=2.45918 2.39675 6.65437 2.72386 2.29625 2.36063 2.01615 1.76354 4.47192 3.70171 4.15281 4.26112 3.27576 2.4651 3.7158 2.399 5.81921 2.45917 2.1866 3.36906 2.15898 3.03379 1.98996 2.43665 4.14548 3.03848 5.29404 3.40572 3.25526 4.56291
threshold=8.5000000000000018 3.5000000000000004 1.0000000180025095e-35 6.5000000000000009 7.5000000000000009 5.5000000000000009 13.500000000000002 1.0000000180025095e-35 3.6635327548042551 3.5000000000000004 3.7409676809694572 2.5000000000000004 38.500000000000007 1.5000000000000002 3.6836422721317601 5.5000000000000009 1.0000000180025095e-35 3.9219331703790541 29.500000000000004 27.500000000000004 4.5172723438944473 2.5000000000000004 3.5000000000000004 4.5000000000000009 6.5000000000000009 2.5000000000000004 3.5000000000000004 3.9320914329292056 4.5000000000000009 1.0000000180025095e-35
decision_type=2 2 2 2 2 2 2 2 2 2 2 2 2 2 2 2 2 2 2 2 2 2 2 2 2 2 2 2 2 2
left_child=1 7 4 -4 5 -3 -5 15 -9 10 11 13 20 14 -10 18 17 -17 19 22 -11 -22 23 24 25 26 27 -1 29 -28
right_child=-2 2 3 6 -6 -7 -8 8 9 12 -12 -13 -14 -15 -16 16 -18 -19 -20 -21 21 -23 -24 -25 -26 -27 28 -29 -30 -31
leaf_value=-0.016960891064021526 -0.082125323784162804 0.047812710518287199 0.037977169246633982 0.050339159177296311 -0.022824966031257957 -0.099917033426547439 -0.22373005802176996 0.037808150208981213 0.075216157991174315 0.03177448811867984 0.0024933867400523651 -0.055829025492310107 -0.15748087123400234 0.075727737271858497 -0.068604180708064247 0.07880671820750125 -0.019134564804946113 0.0038945259869809508 -0.078956242086695383 0.13591229972676835 0.050765658377306094 -0.24931201549863455 0.034180845094225185 -0.010166539292267206 0.031266786210163391 0.0010315724095568718 -0.051782682072478041 -0.056401417401627713 -0.0050343220362014073 0.050327418424409243
leaf_weight=22.262622571550313 0.89676820137537916 2.2509733745246225 16.537915062857795 0.10903871437767421 10.371792247111442 0.30733721586875606 0.17447770514991134 9.8294296360108984 0.69553630985319448 14.422017586533906 92.046385190973524 6.3318619653582573 0.23970344313420433 1.1044405568391085 1.2676026737317441 3.9270299824420345 4.4564264791551977 1.5193956932052968 0.91197882499545713 0.44589743483811517 0.1719308227766313 0.16511987696867436 3.8607726502232245 75.342659618821926 10.072400690405628 341.24743092770223 1.3522354852175329 7.2579084690660229 59.214658081065863 5.7305418199393898
leaf_count=2022 24 446 5786 64 330 8 8 305 15 2351 3374 169 24 13 40 136 93 22 8 6 22 18 128 3433 2365 15264 494 212 3564 99
internal_value=0.00062018 0.000727159 0.0146109 0.0353428 -0.0123602 0.0300655 -0.118325 0.000104959 0.00542228 0.00268849 -0.00073936 -0.0323968 0.0258731 0.0159701 -0.0176489 -0.00114399 0.0232379 0.0579084 -0.00160155 -0.00146763 0.028851 -0.0962413 -0.00158401 -0.00184829 -0.000446667 -0.00117752 -0.00904501 -0.0266577 -0.00120253 0.0308327
internal_weight=694.524 693.628 29.7515 16.8214 12.9301 2.55831 0.283516 663.876 126.274 116.445 101.446 9.39944 14.9988 3.06758 1.96314 537.602 9.90285 5.44643 527.699 526.787 14.7591 0.337051 526.341 522.48 447.138 437.065 95.818 29.5205 66.2974 7.08278
internal_count=40843 40819 6642 5858 784 454 72 34177 6331 6026 3611 237 2415 68 55 27846 251 158 27595 27587 2391 40 27581 27453 24020 21655 6391 2234 4157 593
is_linear=0
shrinkage=0.05


Tree=150
num_leaves=31
num_cat=0
split_feature=0 14 14 5 0 2 14 14 14 4 4 0 15 0 14 4 6 5 9 4 5 9 0 15 14 4 6 14 14 14
split_gain=2.57328 3.64928 3.24327 2.96306 4.08214 3.3208 2.79185 2.12234 2.63957 2.75429 2.24296 4.31132 3.98059 7.13224 3.94262 3.12003 6.48279 2.81153 2.60662 2.55053 7.36395 2.56968 2.50282 2.87562 4.24388 5.02741 4.37186 5.07301 3.61963 3.40731
threshold=47.500000000000007 8.5000000000000018 16.500000000000004 7.5000000000000009 50.500000000000007 3.5000000000000004 36.500000000000007 23.500000000000004 25.500000000000004 4.0323172913475043 3.8538937038720271 34.500000000000007 29.758481886141464 29.500000000000004 20.500000000000004 3.8367752889555722 1.0000000180025095e-35 7.5000000000000009 10.500000000000002 3.8556271184800082 3.5000000000000004 1.0000000180025095e-35 25.500000000000004 7.672684458398745 9.5000000000000018 3.7622890633926835 1.0000000180025095e-35 15.500000000000002 14.500000000000002 16.500000000000004
decision_type=2 2 2 2 2 2 2 2 2 2 2 2 2 2 2 2 2 2 2 2 2 2 2 2 2 2 2 2 2 2
left_child=7 -2 3 5 -5 -3 -4 10 9 -9 11 14 19 -14 15 22 -17 -15 -13 20 21 -12 -1 24 -24 29 27 28 -27 -26
right_child=1 2 6 4 -6 -7 -8 8 -10 -11 12 18 13 17 -16 16 -18 -19 -20 -21 -22 -23 23 -25 25 26 -28 -29 -30 -31
leaf_value=-0.0044842514980636605 0.039546169658374229 0.039063058654815665 0.053341996295961064 -0.15286804393615358 -0.021629547429187625 -0.16183147678081697 -0.062737118971188971 0.0031241340226552056 0.0032784323271574916 -0.077672278997689193 0.022442749417006295 0.067374435791507467 -0.25011734080050035 0.051747431112875247 -0.097579452286238044 0.001756093967283899 -0.050868504049821663 -0.15608502202217589 -0.016730079143667399 0.0026306314231648604 -0.0072699683151525212 0.13715582357349626 0.025279328864363189 -0.043463722174040209 0.0058797650860869331 -0.0018764771788314519 -0.060711023176283775 -0.036063111130394065 0.06193986933696926 0.051381577074855501
leaf_weight=238.88201473851223 9.8464519744738954 2.8754601338296184 3.598634516936726 0.65615776344202448 6.1097922617336735 0.22155527083668847 0.60508991684764613 1.5913658170029501 4.439757268410176 3.1282480892259628 0.68556026648729962 3.420527948299422 0.43303565261885413 0.63905261928448454 1.1120885061100114 13.721037958050147 10.204807654954493 0.21831725933589041 1.2608326571062205 303.31912075547734 3.9343327363021672 1.6957720667123795 23.613849608227611 2.8410831764340392 20.865010296460245 8.2345117228105718 4.5950158515479407 8.3543668934144062 3.0431296350434414 5.1248238049447528
leaf_count=15818 3971 355 435 30 865 4 14 19 51 36 73 93 13 286 17 863 167 2 24 16559 48 9 474 30 318 104 47 111 62 56
internal_value=8.53048e-05 0.0162002 -0.000141554 -0.0158155 -0.034357 0.0246914 0.0366334 -0.00049387 -0.0243959 -0.0504292 -0.00016024 -0.00293426 0.00292023 -0.0847148 -0.00358929 -0.0032814 -0.0206893 -0.0011742 0.0447225 0.00328545 0.034734 0.104131 -0.0019615 0.00589849 0.007798 -0.000422378 -0.0168082 -0.00653246 0.0153436 0.0148521
internal_weight=689.271 23.9131 14.0667 9.86297 6.76595 3.09702 4.20372 665.358 9.15937 4.71961 656.198 345.273 310.925 1.29041 340.592 339.48 23.9258 0.85737 4.68136 309.635 6.31567 2.38133 315.554 76.6718 73.8307 50.2169 24.227 19.632 11.2776 25.9898
internal_count=40954 5674 1703 1254 895 359 449 35280 106 55 35174 18184 16990 301 18067 18050 1030 288 117 16689 130 82 17020 1202 1172 698 324 277 166 374
is_linear=0
shrinkage=0.05


Tree=151
num_leaves=31
num_cat=0
split_feature=8 0 14 14 5 14 14 14 14 0 9 9 15 4 8 14 6 3 4 14 9 0 4 4 6 3 4 9 9 4
split_gain=2.45319 2.35846 3.10977 2.86028 2.75474 3.29924 2.52704 1.84775 3.6631 2.24164 8.56308 3.85023 3.83727 6.33742 3.29572 4.09024 6.57009 7.50646 5.2741 5.22991 8.80699 5.50319 6.61471 5.06712 5.46034 7.5835 5.23859 4.79382 5.74257 3.73271
threshold=8.5000000000000018 44.500000000000007 8.5000000000000018 16.500000000000004 7.5000000000000009 5.5000000000000009 27.500000000000004 23.500000000000004 25.500000000000004 26.500000000000004 4.5000000000000009 3.5000000000000004 18.075692600912127 3.8731406795131327 3.5000000000000004 9.5000000000000018 1.0000000180025095e-35 1.0000000180025095e-35 4.167960672279321 4.5000000000000009 1.5000000000000002 36.500000000000007 3.7350938664410984 3.7502323533268509 1.0000000180025095e-35 1.0000000180025095e-35 3.824093863783522 1.5000000000000002 4.5000000000000009 3.958462069116361
decision_type=2 2 2 2 2 2 2 2 2 2 2 2 2 2 2 2 2 2 2 2 2 2 2 2 2 2 2 2 2 2
left_child=1 4 -3 -4 7 -6 -5 9 -9 10 11 -1 -12 -14 15 19 17 -17 -19 -11 -21 22 -22 -24 25 -25 -26 29 -29 -18
right_child=-2 2 3 6 5 -7 -8 8 -10 14 12 -13 13 -15 -16 16 27 18 -20 20 21 -23 23 24 26 -27 -28 28 -30 -31
leaf_value=-0.0031713500656252464 -0.087729931095248209 0.032161914087141315 -0.012273204398516244 0.053306871318818373 0.017885446970466581 -0.076503122703471038 -0.018345350550547024 -0.054150543094667596 0.013860508202659043 -0.0063468591162414937 0.037735003575664505 -0.03701030960720747 -0.48595285916763808 0.0502428026320835 0.023107158266064708 -0.075116898679522009 -0.021693986969724046 0.011156051085954542 -0.034083360314871212 0.042389182549953629 0.056312056618699841 0.037957199512313772 -0.1685750374310504 -0.19735345820513805 0.035688767763760045 0.030699082674703185 -0.063380981679399456 -0.08404302955548415 -0.0081667288715942515 0.0030329675567745506
leaf_weight=348.29711532779038 0.79443470272235472 13.099163435865195 13.216600288229531 3.8255253028473808 1.4616840443341055 2.5251931163948029 1.8140380979748441 4.4737594323232752 3.5515583576634526 26.552364340052009 14.759951050509695 8.6139483787119371 0.093214023625478926 0.13479734060820192 19.94442059576977 2.7884733281098297 29.025256130727939 93.7565120565705 6.9178630467504254 24.689637015224434 2.8445297339931193 7.0991261767339884 0.60398044995963474 0.38972321804612775 1.6282777627930043 5.6404130392475036 7.3921515269903466 4.9829872639384103 4.9915824610507116 32.187688986537978
leaf_count=19902 24 4691 1622 454 110 106 104 47 39 926 4170 53 15 37 1084 42 253 1509 180 2437 45 1090 8 6 23 341 165 41 162 1268
internal_value=8.24072e-05 0.000183907 0.0134479 0.000447471 -0.000462858 -0.041898 0.030259 -0.000209239 -0.0240526 8.81975e-05 -0.00243328 -0.00398804 0.0345905 -0.168961 0.00354293 0.00199139 -0.00223814 0.00580602 0.00804741 0.0116047 0.0210833 0.000533628 -0.0138279 -0.0265728 -0.0208742 0.0159602 -0.0454979 -0.0139294 -0.0460722 -0.00869178
internal_weight=688.096 687.302 31.9553 18.8562 655.346 3.98688 5.63956 651.359 8.02532 643.334 371.899 356.911 14.988 0.228011 271.435 251.491 174.65 103.463 100.674 76.8402 50.2878 25.5982 18.4991 15.6545 15.0506 6.03014 9.02043 71.1875 9.97457 61.2129
internal_count=40954 40930 6871 2180 34059 216 558 33843 86 33757 24177 19955 4222 52 9580 8496 3455 1731 1689 5041 4115 1678 588 543 535 347 188 1724 203 1521
is_linear=0
shrinkage=0.05


Tree=152
num_leaves=31
num_cat=0
split_feature=8 0 14 14 14 2 6 6 8 10 0 7 0 14 4 10 4 9 0 3 4 14 0 0 4 14 9 0 0 8
split_gain=2.31568 2.17929 3.30532 2.80838 2.55934 1.96678 2.83757 1.98707 3.39371 2.57228 4.07154 3.13519 5.20614 1.74919 2.37949 2.05574 4.35161 3.53734 3.35233 4.26723 4.13794 3.02456 3.0116 2.99118 4.49725 2.90755 4.72639 2.97438 2.38292 2.19903
threshold=8.5000000000000018 47.500000000000007 8.5000000000000018 16.500000000000004 36.500000000000007 2.5000000000000004 1.0000000180025095e-35 1.5000000000000002 5.5000000000000009 1.0000000180025095e-35 70.500000000000014 1.0000000180025095e-35 49.500000000000007 23.500000000000004 4.1523912776298664 1.0000000180025095e-35 3.6402898623546771 3.5000000000000004 28.500000000000004 1.0000000180025095e-35 4.1062197917419176 2.5000000000000004 15.500000000000002 31.500000000000004 3.6978458230844127 15.500000000000002 1.5000000000000002 37.500000000000007 23.500000000000004 2.5000000000000004
decision_type=2 2 2 2 2 2 2 2 2 2 2 2 2 2 2 2 2 2 2 2 2 2 2 2 2 2 2 2 2 2
left_child=1 13 -3 5 -5 -4 -7 9 -9 11 -11 12 -8 15 -15 22 -17 18 19 -18 21 28 -1 -20 -25 26 -26 29 -21 -27
right_child=-2 2 3 4 -6 6 7 8 -10 10 -12 -13 -14 14 -16 16 17 -19 23 20 -22 -23 -24 24 25 27 -28 -29 -30 -31
leaf_value=-0.050506532844969865 -0.087070748569921017 0.038472378676195816 0.0095356921435187647 0.05310306097231781 -0.058968312059742269 0.058353747138177675 -0.11764293022103389 0.053231417054661528 -0.17134466001726301 -0.28565087413568618 0.050264771548650777 -0.11435896922461988 0.052804698507381599 -0.0073437510785173566 -0.066199738360350854 0.04287956725566764 -0.072353891225843986 0.028707413397201884 0.027942754995234149 0.011821242623744952 -0.051034226165709684 -0.0030983546747713102 -0.0010799968568407611 -0.27190903859679327 0.032825837516482818 -0.066070401371498583 -0.083462992844735018 0.054009913136021562 0.11896206302973605 -0.011080412828979634
leaf_weight=3.0999031915562218 0.7612711675465097 9.2258420329890232 4.6703749861917441 3.3047599885612722 0.60225978516973544 0.70762817992363114 0.71980615740176368 0.87571964738890506 0.20822325861081481 0.29445749812293787 0.1300458645564504 1.2140714957495218 1.1863784672459585 6.8819939177483302 2.2882916271919385 7.4553466229699543 2.4214462016243479 12.314675591129342 16.2470967406407 1.2060047769919031 4.4143558552023014 49.688352347584441 530.4121817452251 0.15079009206965821 9.4347423744038679 2.2015844676643601 0.96294129220768887 1.4909940538927902 0.91097618453204621 10.435684808995573
leaf_count=1659 24 3970 871 435 14 44 11 129 5 19 68 38 69 77 29 238 60 2190 447 50 99 1364 26668 3 2084 18 14 122 13 122
internal_value=8.55386e-05 0.000182377 0.0152654 -0.000122507 0.0358275 -0.0141588 -0.0348963 -0.0491523 0.0100908 -0.067268 -0.182744 -0.0515579 -0.0115591 -0.000344823 -0.0220303 -4.02157e-05 0.00589227 0.00342754 0.000300805 -0.00736357 -0.00456437 -0.000604649 -0.00136718 0.0112834 0.000314846 0.00198853 0.0220562 -0.0127803 0.0579259 -0.0206604
internal_weight=685.918 685.157 23.1396 13.9137 3.90702 10.0067 5.33633 4.6287 1.08394 3.54476 0.424503 3.12026 1.90618 662.017 9.17029 652.847 119.335 111.88 99.565 58.6411 56.2197 51.8053 533.512 40.9238 24.6767 24.5259 10.3977 14.1283 2.11698 12.6373
internal_count=40954 40930 5673 1703 449 1254 383 339 134 205 87 118 80 35257 106 35151 6824 6586 4396 1586 1526 1427 28327 2810 2363 2360 2098 262 63 140
is_linear=0
shrinkage=0.05


Tree=153
num_leaves=31
num_cat=0
split_feature=0 14 14 5 0 2 5 6 14 4 10 4 0 7 9 9 0 4 4 3 9 5 9 4 4 9 4 9 14 15
split_gain=2.05479 3.10904 2.607 2.5509 3.22196 2.531 2.42529 1.62229 1.56579 2.16237 1.88577 3.88104 3.36246 5.40222 4.39196 4.20487 2.85833 2.59104 2.79734 4.02789 4.19824 2.55901 3.43551 3.40109 6.58816 3.2196 3.11631 4.3048 4.96155 6.22552
threshold=47.500000000000007 8.5000000000000018 16.500000000000004 7.5000000000000009 52.500000000000007 3.5000000000000004 3.5000000000000004 1.5000000000000002 23.500000000000004 4.1523912776298664 1.0000000180025095e-35 3.6402898623546771 39.500000000000007 1.0000000180025095e-35 12.500000000000002 3.5000000000000004 15.500000000000002 3.7295856422037628 4.1062197917419176 1.0000000180025095e-35 1.0000000180025095e-35 5.5000000000000009 4.5000000000000009 3.9998247653506493 3.9790978911348049 19.500000000000004 3.8843921912357744 5.5000000000000009 3.5000000000000004 7.672684458398745
decision_type=2 2 2 2 2 2 2 2 2 2 2 2 2 2 2 2 2 2 2 2 2 2 2 2 2 2 2 2 2 2
left_child=8 -2 3 5 -5 -3 -4 -6 10 -10 16 -12 14 -14 15 17 -1 -13 19 20 -19 22 -18 24 25 26 27 -24 -29 -30
right_child=1 2 6 4 7 -7 -8 -9 9 -11 11 12 13 -15 -16 -17 21 18 -20 -21 -22 -23 23 -25 -26 -27 -28 28 29 -31
leaf_value=-0.050483921637853015 0.037879013442752935 0.038818785048593187 -0.094883653479700389 -0.10938590068361249 -0.025488942417448125 -0.12536820193527465 0.047900346609007521 0.053397180651463663 -0.0069745688187557503 -0.0631707099858827 0.04028179945431544 -0.025418734808635348 0.05235539052590632 -0.11353241854358898 -0.14685748621468184 0.035494973785310142 -0.0014384704076388399 0.051021916120705779 -0.017775184781731575 0.008044163849978055 -0.096082820505782388 -0.0157818988465303 0.054104882548449945 0.035669512415326607 -0.11095918727860876 -0.18722015593083563 0.035850547460816083 0.035240263052989697 -0.026828494467715965 -0.19645118851479049
leaf_weight=2.9500065699685356 8.9183271488873306 2.7720340702799136 0.32567695528268759 1.0811477893148547 5.1282255100668408 0.2564366916194557 3.4255243389052339 0.74661287997150783 6.8839113805443031 2.2783750016242266 7.5371740353293708 9.9100464954972249 5.8496562213404095 0.53572167665697623 0.49939272273331781 8.4939960328047146 467.71777569607366 0.66152125969529074 15.345524920325259 68.326345842448063 1.8177507829386741 28.21821601735428 2.5798307489603856 12.534302516956812 1.1973157268948842 0.20579807180911203 8.0934459597337973 3.0724873495055345 6.7153823501430452 0.58832990948576469
leaf_count=1659 3971 355 2 48 740 4 447 107 77 29 238 251 2037 15 26 1388 21118 77 896 1850 47 1301 58 2337 34 7 1058 518 238 21
internal_value=8.41094e-05 0.0148914 -3.40701e-05 -0.0133858 -0.0300616 0.0249162 0.0355039 -0.0154636 -0.000422594 -0.0209488 -0.000134524 0.00555788 0.00320934 0.0384377 0.00106811 0.00177466 -0.00140311 -0.00120699 0.00157811 0.0057725 -0.0568322 -0.0011304 -0.000307972 0.0148049 0.00315717 0.00958538 0.0115095 -0.00369596 -0.018067 -0.040492
internal_weight=684.666 22.654 13.7357 9.98446 6.95599 3.02847 3.7512 5.87484 662.012 9.16229 652.85 118.977 111.44 6.38538 105.055 104.555 533.873 96.0612 86.1511 70.8056 2.47927 530.923 502.705 34.9869 22.4526 21.2553 21.0495 12.956 10.3762 7.30371
internal_count=40954 5674 1703 1254 895 359 449 847 35280 106 35174 6825 6587 2052 4535 4509 28349 3121 2870 1974 124 26690 25389 4271 1934 1900 1893 835 777 259
is_linear=0
shrinkage=0.05


Tree=154
num_leaves=31
num_cat=0
split_feature=8 9 9 2 0 9 9 15 4 9 4 4 4 4 4 9 8 15 0 4 9 5 4 4 9 8 5 0 9 4
split_gain=2.18377 1.99842 2.05035 4.43951 1.85139 7.56294 3.45532 2.94657 5.30121 2.3058 3.16602 2.19267 2.36259 2.12287 4.75931 5.71369 3.97189 3.32154 3.05386 1.79143 2.20059 4.67613 1.77282 2.89714 4.69716 3.88535 2.84689 3.08768 2.93456 5.26152
threshold=8.5000000000000018 39.500000000000007 35.500000000000007 2.5000000000000004 26.500000000000004 4.5000000000000009 3.5000000000000004 18.075692600912127 3.8036941975951835 1.5000000000000002 3.6836422721317601 3.572546561332651 3.7722117838879714 3.9790978911348049 3.9861879650463048 5.5000000000000009 6.5000000000000009 11.379679665060126 43.500000000000007 3.8036941975951835 7.5000000000000009 4.5000000000000009 4.0931444323516901 4.137689256062056 31.500000000000004 5.5000000000000009 5.5000000000000009 47.500000000000007 7.5000000000000009 4.0667306435901676
decision_type=2 2 2 2 2 2 2 2 2 2 2 2 2 2 2 2 2 2 2 2 2 2 2 2 2 2 2 2 2 2
left_child=1 2 4 -4 5 6 9 19 -9 -1 -11 -8 -13 16 15 -15 17 18 -6 20 -7 -22 26 24 25 -24 -16 28 -28 -30
right_child=-2 -3 3 -5 13 7 11 8 -10 10 -12 12 -14 14 22 -17 -18 -19 -20 -21 21 -23 23 -25 -26 -27 27 -29 29 -31
leaf_value=-0.0036536677973695608 -0.086314725789447044 0.05028572463788409 0.050684436920631681 -0.19972899846858527 0.0044833694591084631 0.028670570235891493 -0.075568582848532129 -0.3917050734258779 0.050251274884677191 0.040029792344121302 -0.014759476711388275 0.013206138534670517 -0.048055174542041182 -0.012321739114265623 -0.00085785050895644194 -0.14729236371814386 0.084534681975944909 0.075368486311319732 0.057010407719888558 0.050342485630108104 0.050563846242929825 -0.17517527142075748 0.02880681695534917 -0.00050469816437047495 -0.13236831447294023 -0.10559877505657263 -0.0025353760579347969 0.05146069437515513 -0.031732559256393289 -0.13459536743299941
leaf_weight=336.22223876346834 0.73055675905197759 1.9840435017249536 0.32730505318613623 0.38540939934318885 152.91686232783832 4.073937515728173 2.3915719091892225 0.11292107449844557 0.16999799851328135 6.9960298761725408 4.2315094526857138 2.9605296477675438 3.3599997796118259 2.2539248606190081 55.916195972473361 1.2024178612045942 1.6348370362538833 1.7165473211789493 2.8180866867769501 8.8669431245652941 0.48164299246855069 0.43806364526972175 19.476124496664859 57.683945859025698 0.48506850330158968 0.55296018812805314 4.4990088020567764 1.1490924947429437 5.8060506416950375 1.5818924097111446
leaf_count=19836 24 1395 96 37 2718 352 12 8 44 38 29 17 24 79 1586 32 34 80 139 3722 77 19 991 8920 11 12 259 109 190 64
internal_value=8.53979e-05 0.000177855 3.18077e-05 -0.0847298 0.000120647 -0.00226525 -0.00368918 0.0335923 -0.126146 -0.00290934 0.0193804 -0.0347902 -0.0193604 0.0029735 -0.00128111 -0.0592763 0.00700134 0.0061963 0.00543387 0.0368528 0.0129 -0.0569575 8.11075e-05 0.00523456 0.0213728 0.0250962 -0.00576337 -0.0268049 -0.0343707 -0.0537573
internal_weight=683.426 682.695 680.711 0.712714 679.998 370.305 356.162 14.1435 0.282919 347.45 11.2275 8.7121 6.32053 309.693 150.607 3.45634 159.086 157.451 155.735 13.8606 4.99364 0.919707 147.15 78.1981 20.5142 20.0291 68.9522 13.036 11.887 7.38794
internal_count=40954 40930 39535 133 39402 24178 19956 4222 52 19903 67 53 41 15224 12253 111 2971 2937 2857 4170 448 96 12142 9934 1014 1003 2208 622 513 254
is_linear=0
shrinkage=0.05


Tree=155
num_leaves=31
num_cat=0
split_feature=15 15 15 5 0 9 15 9 14 0 14 5 0 9 0 0 14 14 0 5 7 0 14 0 9 8 15 15 0 14
split_gain=2.61132 2.44018 5.95489 2.53426 2.25126 8.08057 3.59678 3.38214 3.75866 5.71377 3.63728 3.49638 5.20097 4.05176 4.39767 4.20116 3.78889 3.12318 3.08723 3.24788 2.66654 2.28693 2.63828 5.37092 2.27043 5.55536 3.22112 6.16959 3.0907 5.7668
threshold=23.845060412224594 37.573529411764717 37.965517241379317 3.5000000000000004 23.500000000000004 6.5000000000000009 18.075692600912127 5.5000000000000009 15.500000000000002 32.500000000000007 4.5000000000000009 4.5000000000000009 35.500000000000007 7.5000000000000009 28.500000000000004 30.500000000000004 6.5000000000000009 14.500000000000002 28.500000000000004 6.5000000000000009 1.0000000180025095e-35 24.500000000000004 9.5000000000000018 29.500000000000004 1.0000000180025095e-35 7.5000000000000009 15.67446255610678 16.532179345350432 22.500000000000004 7.5000000000000009
decision_type=2 2 2 2 2 2 2 2 2 2 2 2 2 2 2 2 2 2 2 2 2 2 2 2 2 2 2 2 2 2
left_child=4 -2 -3 -4 5 24 -7 8 9 20 -11 21 13 14 16 -16 -13 -12 -15 -20 -6 -9 -23 -24 25 26 -1 -28 -26 -30
right_child=1 2 3 -5 7 6 -8 11 -10 10 17 12 -14 18 15 -17 -18 -19 19 -21 -22 22 23 -25 28 -27 27 -29 29 -31
leaf_value=-0.015504877444258375 0.042260802688514905 -0.37439911188081015 -0.08898408093163919 0.060287872239502632 0.0021046242119976853 0.050125328156239039 -0.13689774632541926 -0.11376368481012998 -0.0065768034635367125 0.00045827409662751772 0.043509406859064001 -0.094031316271378146 -0.0037180830192188896 -0.090512705003907401 -0.15651716100364738 -0.058140213571223703 0.054945599752914215 -0.015501808806042117 0.00035575081138354824 -0.062713697331117285 0.089416677808661083 0.051573363937821116 -0.1125590515432557 0.03154587274474354 0.00072219687060353927 0.29690240147263025 0.13252838216819549 -0.023009886304400266 -0.039997908657069224 0.0018392464961238236
leaf_weight=92.794305452611297 5.8202273788629091 0.11662927351426322 0.47647730261087395 0.70511469803750515 241.52511995006353 7.6412783508421844 0.26602724404074241 0.30083206272683849 93.342118586762808 10.28917436808115 19.078690521244429 0.67247679561842488 45.473783078603446 1.3624852214707051 1.6046852786093948 3.3524812220130116 1.1681742989458141 2.5407617363380259 10.853610297082922 2.5141188479028633 0.87763600004836817 4.5040959969628602 0.88589251786470447 2.393711612559855 105.46213995991275 0.14394007483497162 1.0777586805634194 1.5609727113042025 14.814968133810906 18.54968123883009
leaf_count=15762 1454 13 4 309 5429 3791 35 20 1485 651 4177 18 5270 68 24 61 63 75 264 36 12 527 11 82 913 21 42 129 100 118
internal_value=-0.00169252 0.0284349 -0.0335497 9.39156e-05 -0.00200558 -0.00588003 0.0438333 0.000114896 0.00208983 0.0050389 0.0249284 -0.00955519 -0.0133031 -0.0335494 -0.0654802 -0.0899858 0.000517295 0.0365743 -0.0188138 -0.011506 0.00242074 0.0215058 0.0267338 -0.00738001 -0.00755704 -0.0134877 -0.0139558 0.0405179 -0.00347401 -0.0167378
internal_weight=692.169 7.11845 1.29822 1.18159 685.051 242.311 7.90731 442.74 367.654 274.311 31.9086 75.0863 67.0018 21.528 6.79782 4.95717 1.84065 21.6195 14.7302 13.3677 242.403 8.08453 7.7837 3.2796 234.404 95.577 95.433 2.63873 138.827 33.3646
internal_count=40964 1780 326 313 39184 20911 3826 18273 11829 10344 4903 6444 5804 534 166 85 81 4252 368 300 5441 640 620 93 17085 15954 15933 171 1131 218
is_linear=0
shrinkage=0.05


Tree=156
num_leaves=31
num_cat=0
split_feature=8 4 4 9 4 4 2 9 5 15 0 9 9 2 9 2 4 0 4 4 15 4 4 0 15 15 15 9 0 7
split_gain=2.41557 2.49871 2.25679 2.31579 2.65003 6.37963 2.45892 2.14296 2.31901 2.40466 2.13343 1.92725 2.29103 2.22164 2.09776 2.07037 1.87974 2.49775 2.38395 5.04928 1.84549 3.58838 1.81439 2.55732 1.79126 4.20103 2.10422 1.80718 2.50972 5.26754
threshold=3.5000000000000004 3.6978458230844127 3.4531751604797889 9.5000000000000018 4.2561619340939556 4.2295680751440381 1.5000000000000002 1.0000000180025095e-35 3.5000000000000004 14.218667950288816 24.500000000000004 39.500000000000007 31.500000000000004 2.5000000000000004 25.500000000000004 1.5000000000000002 3.5587990918365406 22.500000000000004 3.4199948370071587 3.547173126177551 3.5875160875160881 4.0931444323516901 3.4514242032816247 19.500000000000004 37.573529411764717 37.965517241379317 23.845060412224594 12.500000000000002 41.500000000000007 1.0000000180025095e-35
decision_type=2 2 2 2 2 2 2 2 2 2 2 2 2 2 2 2 2 2 2 2 2 2 2 2 2 2 2 2 2 2
left_child=1 7 -2 20 5 6 -5 8 9 16 -10 12 14 15 24 -14 17 22 -19 -20 -4 -22 -1 -24 26 -26 27 28 -3 -30
right_child=2 11 3 4 -6 -7 -8 -9 10 -11 -12 -13 13 -15 -16 -17 -18 18 19 -21 21 -23 23 -25 25 -27 -28 -29 29 -31
leaf_value=-0.046083841033898329 -0.045840751390836994 -0.00099932965671326382 0.018230957172160649 -0.10017827156789601 0.050731858771159322 -0.20489194236054287 0.019854055226835681 -0.0039805325561659208 0.0054024332158078871 0.011446075454592287 -0.06520570014239753 0.050291568978672346 -0.10660102329832984 -0.096573997649572391 0.051155952463553013 0.050998266742304066 -0.038824342297084827 0.1298386617938333 -0.047358497285570775 0.25560144657254719 -0.029955209179047877 0.035579460430504729 0.019532255186465484 -0.048422642923701353 -0.33852334187270877 -0.027801768472145872 0.035321655096051709 -0.01376773768359903 0.037072387683155558 -0.024639034204629252
leaf_weight=4.5356491645798105 1.8352866088971485 425.56284995516762 38.656020694877952 0.59108032518997822 0.80488211871124793 0.54784498712979246 1.5338976121274752 108.51301965035964 13.786697621457277 4.2774480211082837 1.1598130045458663 1.8484967336989928 0.29701630026102011 1.2260473413043653 1.9479701857781027 0.69840228668181226 18.101492160232738 0.54534518904983897 0.86879532318562247 0.16339606884866953 5.9010932246455905 3.2332701262203045 3.9480622605187818 2.1321554644964635 0.12629643682157521 0.78437470144126564 4.0191677957191123 26.211279922164977 11.689706248696895 4.9105129477684377
leaf_count=2059 88 19403 1346 36 309 10 82 1039 1028 132 38 1325 18 76 400 157 3886 28 100 24 188 852 1687 432 10 247 1098 1794 2550 522
internal_value=-0.00160782 -0.00246148 0.00863786 0.0105881 -0.028805 -0.0527563 -0.0135339 -0.00791376 -0.0165328 -0.0236473 -7.65868e-05 -0.000663865 -0.000861135 -0.0515197 -0.000624342 0.00397327 -0.0286023 -0.0134272 0.0452771 0.000600112 0.0134547 -0.00675805 -0.0221508 -0.00429755 -0.000837453 -0.0708942 -0.000702399 -0.00101153 -0.000255341 0.0188175
internal_weight=690.457 637.354 53.1034 51.2681 3.47771 2.67282 2.12498 158.032 49.5189 34.5723 14.9465 479.322 477.474 2.22147 475.252 0.995419 30.2949 12.1934 1.57754 1.03219 47.7904 9.13436 10.6159 6.08022 473.304 0.910671 472.394 468.374 442.163 16.6002
internal_count=40964 38053 2911 2823 437 128 118 10453 9414 8348 1066 27600 26275 251 26024 175 8216 4330 152 124 2386 1040 4178 2119 25624 257 25367 24269 22475 3072
is_linear=0
shrinkage=0.05


Tree=157
num_leaves=31
num_cat=0
split_feature=8 4 4 4 4 4 4 9 5 3 11 4 9 4 4 2 9 9 9 2 4 4 4 8 9 6 4 4 11 9
split_gain=2.18866 2.28161 2.07394 2.28511 2.38814 4.55507 2.91329 2.00325 2.18187 2.67249 1.96864 2.64743 1.91533 2.56372 4.7803 2.36295 2.21402 1.82984 2.01359 2.44835 1.72466 2.27565 2.15638 1.92585 1.52407 2.38916 4.06399 1.49041 3.47103 4.22643
threshold=3.5000000000000004 3.6978458230844127 3.500698912717052 3.5587990918365406 3.6424896731661272 3.6897977004747777 3.6306988403295679 1.0000000180025095e-35 3.5000000000000004 1.0000000180025095e-35 2.5000000000000004 3.6306988403295679 9.5000000000000018 4.2561619340939556 4.2295680751440381 1.5000000000000002 1.5000000000000002 39.500000000000007 34.500000000000007 2.5000000000000004 3.5587990918365406 3.3929372919485519 3.4199948370071587 2.5000000000000004 5.5000000000000009 1.0000000180025095e-35 3.6843722670327392 3.7216117239699007 1.0000000180025095e-35 1.0000000180025095e-35
decision_type=2 2 2 2 2 2 2 2 2 2 2 2 2 2 2 2 2 2 2 2 2 2 2 2 2 2 2 2 2 2
left_child=1 7 -2 -4 6 -6 -5 8 9 -1 20 -12 16 14 15 -14 -7 18 27 -20 21 -11 23 -23 -9 26 -26 28 29 -3
right_child=2 17 3 4 5 12 -8 24 -10 10 11 -13 13 -15 -16 -17 -18 -19 19 -21 -22 22 -24 -25 25 -27 -28 -29 -30 -31
leaf_value=0.052701870217132241 -0.033527833094243759 -0.04870025537436818 0.056426394115288728 -0.0014499789848560665 0.067239285392435164 0.0049854144500779615 -0.11418084001861167 -0.002641700426093168 -7.7235520938348544e-05 -0.050351561278058378 0.026420329524065519 -0.059240465864707485 -0.10204638328156368 0.05069834444809438 -0.17713993679239035 0.017758044143974226 0.041594651555976199 0.0502775653594143 0.050642227381178698 -0.10959046329969935 -0.04112631761943663 -0.050879432876504205 -0.0099158237985495241 0.1267404750644226 0.012747087999359278 -0.107108531068072 -0.14250084499030985 -0.0011441717453149172 0.095279206730624497 0.022074534949808558
leaf_weight=1.1263022813945998 2.8145625302568069 2.6487834582803762 2.5782339326106003 1.7423495703842484 3.3103423027787349 33.56538272567559 0.85402217227965582 104.50708459620364 14.938227726845069 3.3958635543240261 3.490319915348663 1.2163146631792185 0.57597573380917344 0.76612092903815199 0.60045614140108217 1.4419361603213472 4.7093400658923192 1.7588218809105445 0.328654026496223 0.86815753724658862 16.361113641178235 0.21014716359786501 7.4422043691156432 0.55737384548410773 2.506185078760609 0.87768188212066878 0.5067830616608261 461.96308284334373 1.2379507909063239 10.358484517084433
leaf_count=26 134 383 51 139 118 1638 19 857 1066 1795 95 23 34 309 10 80 379 1325 98 47 3867 53 2393 96 137 11 34 25602 33 112
internal_value=-0.00152995 -0.00234279 0.00823635 0.0105806 0.00809555 0.0107876 -0.0385304 -0.00757113 -0.0159905 -0.0230235 -0.0256339 0.00428339 0.00630177 -0.0297516 -0.0532908 -0.0164379 0.00948983 -0.00062822 -0.000815764 -0.0655893 -0.0306688 -0.0159262 -0.00168653 0.0781082 -0.00378563 -0.0345129 -0.0133657 -0.000652974 0.0152762 0.00766205
internal_weight=689.258 636.3 52.9587 50.1442 47.5659 44.9696 2.59637 157.136 48.7379 33.7996 32.6733 4.70663 41.6592 3.38449 2.61837 2.01791 38.2747 479.164 477.405 1.19681 27.9667 11.6056 8.20973 0.767521 108.398 3.89065 3.01297 476.208 14.2452 13.0073
internal_count=40964 38053 2911 2777 2726 2568 158 10453 9414 8348 8322 118 2450 433 124 114 2017 27600 26275 145 8204 4337 2542 149 1039 182 171 26130 528 495
is_linear=0
shrinkage=0.05


Tree=158
num_leaves=31
num_cat=0
split_feature=15 15 15 2 0 9 4 9 14 3 0 15 4 3 14 0 9 4 0 14 4 2 4 0 4 4 4 4 4 4
split_gain=2.27301 2.0062 2.61789 2.24337 1.85141 7.49247 6.30517 2.81472 3.44338 5.66112 5.18164 3.87298 3.5292 3.37039 3.31211 3.31016 3.14554 3.10538 3.41986 3.06802 3.03124 2.89621 5.5369 5.07082 4.85543 4.85249 3.72596 2.78052 2.63134 2.57903
threshold=23.845060412224594 37.573529411764717 37.965517241379317 1.5000000000000002 23.500000000000004 6.5000000000000009 3.608884070537635 5.5000000000000009 15.500000000000002 1.0000000180025095e-35 32.500000000000007 20.72734124740909 4.1479698406581758 1.0000000180025095e-35 4.5000000000000009 25.500000000000004 20.500000000000004 3.8731406795131327 41.500000000000007 14.500000000000002 4.7814094910137923 1.5000000000000002 3.8332696895151082 25.500000000000004 3.6843722670327392 3.7295856422037628 3.7952067930466749 4.182171324392594 4.1923759468600208 4.1416836558131678
decision_type=2 2 2 2 2 2 2 2 2 2 2 2 2 2 2 2 2 2 2 2 2 2 2 2 2 2 2 2 2 2
left_child=4 -2 -3 -4 5 27 -7 8 9 11 -11 20 13 -10 17 -13 21 -12 28 -16 -6 22 24 -23 -9 -26 -27 -1 29 -19
right_child=1 2 3 -5 7 6 -8 16 12 10 14 15 -14 -15 19 -17 -18 18 -20 -21 -22 23 -24 -25 25 26 -28 -29 -30 -31
leaf_value=-0.0070862213525277537 0.040211854230211286 -0.1970102288120372 -0.081926857110185686 0.060155666621060436 0.046621443455046485 -0.27307548546766963 0.050133677594807836 0.052560594261631566 -0.050588469091475463 0.00079712292268309067 0.10582177592623623 -0.33543166834679145 -0.030520904899760351 -0.00022065166590162484 0.042491793703401358 0.050136018586398129 0.015431902450060748 -0.024195712372168669 0.048010408458477344 -0.017339134049049156 -0.12730425739140053 -0.19633951274356198 0.025085745922314696 -0.017494249592296264 -0.16978292981954216 0.024859418961594382 -0.093867395440405746 0.1461812148607548 -0.089604255455830478 0.074146539124996136
leaf_weight=231.39910742908251 5.5880044436780727 0.19551121548283834 0.47611204278655328 0.66704607574502006 11.283536066883238 0.15401658904738624 7.440761084202677 1.0803025094792236 3.4716946217231444 232.14609205606394 0.63601491984445857 0.12684227526187974 12.963229316344949 76.693612759001553 17.080685610475488 0.099200437834952027 11.52938509674277 4.7999855172820372 2.0581601675366983 2.4499560947297132 0.25620274967514056 0.39963050233200093 10.993754555413032 48.069066150288563 0.88687144592404399 1.3189836377277973 1.3242933447472749 0.29629346262663503 1.2971158241271039 0.77420929132495064
leaf_count=17073 1454 13 11 302 965 17 3809 41 50 5145 18 1 366 1069 3490 63 2787 122 418 41 18 11 983 2530 18 35 39 12 38 25
internal_value=-0.00145645 0.0270413 -0.0279363 0.00097995 -0.0017463 -0.00528838 0.0435792 0.000172451 0.00198609 0.0048181 0.0032901 0.038745 -0.006316 -0.00240192 0.0231806 -0.166223 -0.00861087 -0.000924562 -0.00852773 0.0349865 0.04276 -0.0129372 0.00579802 -0.0189689 -0.0401941 -0.0685791 -0.0346232 -0.00689022 -0.0254626 -0.0105368
internal_weight=687.956 6.92667 1.33867 1.14316 681.029 239.29 7.59478 441.739 366.137 273.008 261.242 11.7658 93.1285 80.1653 29.0961 0.226043 75.6023 9.56549 8.92947 19.5306 11.5397 64.0729 15.6042 48.4687 4.61045 3.53015 2.64328 231.695 6.87131 5.57419
internal_count=40964 1780 326 313 39184 20911 3826 18273 11829 10344 9297 1047 1485 1119 4152 64 6444 621 603 3531 983 3657 1116 2541 133 92 74 17085 185 147
is_linear=0
shrinkage=0.05


Tree=159
num_leaves=31
num_cat=0
split_feature=8 4 14 4 14 9 14 2 0 14 9 0 4 10 9 7 0 11 6 14 0 0 8 4 4 9 11 9 4 4
split_gain=1.96151 1.93696 3.59487 3.45881 3.3501 3.28254 2.17711 3.34049 3.6701 6.63951 9.18093 8.54738 5.34188 5.25552 4.75227 4.05316 5.78447 3.15873 2.98868 2.82421 2.88611 3.90962 3.9954 2.49262 2.75913 3.06765 3.2079 2.47561 5.80354 3.58927
threshold=3.5000000000000004 3.6978458230844127 2.5000000000000004 3.6843722670327392 19.500000000000004 2.5000000000000004 7.5000000000000009 1.5000000000000002 24.500000000000004 4.5000000000000009 3.5000000000000004 38.500000000000007 3.9484068639697156 1.0000000180025095e-35 3.5000000000000004 1.0000000180025095e-35 36.500000000000007 3.5000000000000004 1.5000000000000002 6.5000000000000009 23.500000000000004 22.500000000000004 2.5000000000000004 4.4275831254543956 4.4515090754804829 16.500000000000004 2.5000000000000004 6.5000000000000009 3.7952067930466749 3.824093863783522
decision_type=2 2 2 2 2 2 2 2 2 2 2 2 2 2 2 2 2 2 2 2 2 2 2 2 2 2 2 2 2 2
left_child=1 2 3 5 -4 -1 7 27 14 12 15 -12 13 -10 17 -11 -17 19 23 20 21 22 -9 -8 -25 26 -26 28 -3 -30
right_child=-2 6 4 -5 -6 -7 18 8 9 10 11 -13 -14 -15 -16 16 -18 -19 -20 -21 -22 -23 -24 24 25 -27 -28 -29 29 -31
leaf_value=-0.0070961061178161054 0.0078924910491995539 0.031193460983054241 -0.0081673080708493783 0.14501955601546943 -0.11681413319705143 0.066648337713934011 -0.0025072581077967369 -0.030598021912690811 0.0013461625010880757 0.046675598019029006 -0.037617914224455123 0.033999113812865918 -0.023530194261204933 0.07790634980378458 0.050216645838301391 -0.45249120326274028 0.050211175227882356 0.059311778205424173 0.056179064051453426 -0.052641684917372422 0.021176106726372452 -0.049175293911494007 0.028049635839108689 -0.1114710755764739 0.057682678045469338 0.050561196249192412 -0.060306308848417402 0.044074424030922564 -0.1668719124728279 -0.015487865587643491
leaf_weight=4.5986547663342199 52.645964710158296 13.056664049159741 147.73442396556493 0.57267149351537217 0.71294156275689502 2.2460227054543793 331.16751591610955 6.3899694290012228 13.021139503922312 20.33978519693483 9.2869471639860439 7.5557922309380947 22.287516407377552 2.7076789572602129 2.7537056158762416 0.099167060106991722 0.13529893453232944 1.2597663085907687 2.1397669470170504 5.8684346470981827 4.7048982777632764 8.0686946026980877 5.3232390647754073 0.97760878736153145 0.69229855248704542 1.1923348516575059 3.4314115465385839 7.7583662760443977 0.41403447091579337 7.2098762065870687
leaf_count=539 2911 1179 9854 19 9 32 11156 439 328 3296 211 2418 1426 84 932 5 60 17 199 29 135 169 31 51 32 496 589 3487 3 828
internal_value=-0.00138121 -0.00215163 -0.00699173 0.0269786 -0.0086891 0.0171025 -0.000572863 0.00471688 0.000761316 0.00693158 0.0218838 -0.00548992 -0.00778496 0.0145258 -0.0127813 0.0442929 -0.162406 -0.0182685 -0.00272615 -0.0214882 -0.014022 -0.0223935 -0.00394474 -0.00309966 -0.0342712 -0.0200744 -0.040498 0.0199892 0.0109536 -0.0237091
internal_weight=686.353 633.707 155.865 7.41735 148.447 6.84468 477.842 138.241 109.802 75.4333 37.417 16.8427 38.0163 15.7288 34.3687 20.5743 0.234466 31.615 339.601 30.3552 24.4868 19.7819 11.7132 337.461 6.29365 5.31604 4.12371 28.4389 20.6806 7.62391
internal_count=40964 38053 10453 590 9863 571 27600 15077 9580 7828 5990 2629 1838 412 1752 3361 65 820 12523 803 774 639 470 12324 1168 1117 621 5497 2010 831
is_linear=0
shrinkage=0.05


Tree=160
num_leaves=31
num_cat=0
split_feature=4 4 4 5 8 4 7 14 4 8 4 4 10 14 5 4 4 4 14 4 14 11 2 8 14 10 14 15 14 15
split_gain=2.43447 3.97802 3.99412 2.70423 4.1182 1.99822 4.75158 3.24125 3.68286 4.53926 4.26381 3.24426 3.17271 4.02819 2.72259 5.01769 4.73597 3.01221 5.45281 2.52528 2.47289 2.34774 2.1169 2.7265 2.17824 3.04948 2.85774 4.13355 2.25028 2.05114
threshold=4.0114570089332817 4.0270779758999522 4.023139138167485 3.5000000000000004 2.5000000000000004 4.0558167694895912 1.0000000180025095e-35 13.500000000000002 4.1479698406581758 3.5000000000000004 4.0575256179842079 4.218898145631699 1.0000000180025095e-35 4.5000000000000009 4.5000000000000009 4.0797256906719221 4.0797256906719221 4.1131893947952252 18.500000000000004 4.0965037564256042 16.500000000000004 2.5000000000000004 2.5000000000000004 3.5000000000000004 15.500000000000002 1.0000000180025095e-35 13.500000000000002 4.7847985347985356 6.5000000000000009 2.1054964539007095
decision_type=2 2 2 2 2 2 2 2 2 2 2 2 2 2 2 2 2 2 2 2 2 2 2 2 2 2 2 2 2 2
left_child=-1 2 -2 -4 -5 6 22 12 10 11 -9 -10 29 21 15 -12 20 18 -17 -18 -16 -14 23 24 26 -26 27 -3 -29 -7
right_child=1 5 3 4 -6 7 -8 8 9 -11 14 -13 13 -15 16 17 19 -19 -20 -21 -22 -23 -24 -25 25 -27 -28 28 -30 -31
leaf_value=0.0021417899748388774 -0.0095897297398268612 0.025560320131152815 -0.00052107658800756547 -0.012989300497586641 -0.11339860231521726 -0.011968785755604918 -0.10688133431455174 -0.079459796347712677 -0.057765402691545648 0.034529125486816178 0.03888691415797052 -0.016592093489322522 -0.042067401728562041 0.034784115918787717 -0.12398910872323687 -0.08014335150546327 0.1055115458003608 0.0046023341910524269 0.019161247833371055 0.029843903985690673 0.004425503753030721 0.05436969713067006 -0.044245764992375543 0.096144380343113331 -0.038751351309133597 0.03425275135254411 0.05436109278616285 0.050870685555830922 -0.076773965802565958 0.0077597490131623538
leaf_weight=523.2146122881677 10.496064644423315 8.1158545520156746 1.4207321675494302 1.5414620389929039 3.0254413941293024 32.979792108875699 0.83192793279886146 1.654438267461958 10.19688535528258 2.3967646430246523 4.0532934563234475 9.0134884937433508 3.1874554979149283 12.555957015894817 0.65517731173895188 4.3373997781891358 1.447654564050026 4.6019097761018202 2.0290297381579876 4.6263690317282453 0.87637281173374504 0.78691080340649922 1.4349056382197876 1.0737072725314636 3.7510300083085886 2.3121996042318642 5.2703493187436825 0.4292844859301107 1.7644475776469333 21.939200605353108
leaf_count=25204 382 504 31 21 80 2641 9 56 185 340 71 828 141 3864 17 77 32 82 23 101 30 572 30 53 50 43 55 155 69 5191
internal_value=0.000496028 -0.00492624 -0.0281792 -0.0607658 -0.0795076 -0.00223308 0.0106064 -0.00496687 -0.0153362 -0.0303521 -0.00197433 -0.0384469 0.00169293 0.0208976 0.00369119 -0.00864989 0.0280658 -0.0262169 -0.0484942 0.0478782 -0.0505086 -0.0229732 0.0146533 0.0183737 0.0145155 -0.0109114 0.0244109 0.00910009 -0.0517956 -0.00408757
internal_weight=682.02 158.806 16.4837 5.98764 4.5669 142.322 24.9837 117.338 45.8888 21.6071 24.2816 19.2104 71.4493 16.5303 22.6272 15.0216 7.60557 10.9683 6.36643 6.07402 1.53155 3.97437 24.1518 22.7169 21.6432 6.06323 15.5799 10.3096 2.19373 54.919
internal_count=40937 15733 514 132 101 15219 968 14251 1842 1353 489 1013 12409 4577 433 253 180 182 100 133 47 713 959 929 876 93 783 728 224 7832
is_linear=0
shrinkage=0.05


Tree=161
num_leaves=31
num_cat=0
split_feature=0 4 4 4 14 0 14 8 4 4 7 14 4 8 14 4 4 8 14 0 6 14 2 14 13 4 15 11 15 2
split_gain=3.52218 2.41186 3.53081 3.44183 1.95395 2.68572 1.89912 3.0028 1.83598 1.81539 4.15548 2.95078 3.70873 4.11092 3.83489 5.4794 3.39782 6.44387 3.95869 3.20917 3.16832 2.23484 2.17265 3.28549 2.26483 8.06308 2.50593 2.29141 2.01279 2.29325
threshold=15.500000000000002 4.0114570089332817 4.0270779758999522 4.023139138167485 17.500000000000004 28.500000000000004 2.5000000000000004 2.5000000000000004 3.8843921912357744 4.0558167694895912 1.0000000180025095e-35 14.500000000000002 4.1479698406581758 3.5000000000000004 15.500000000000002 4.0836910582333941 4.1079885748647094 4.5000000000000009 8.5000000000000018 49.500000000000007 1.0000000180025095e-35 3.5000000000000004 2.5000000000000004 2.5000000000000004 1.0000000180025095e-35 4.2295680751440381 29.758481886141464 14.500000000000002 6.5828868578632216 1.5000000000000002
decision_type=2 2 2 2 2 2 2 2 2 2 2 2 2 2 2 2 2 2 2 2 2 2 2 2 2 2 2 2 2 2
left_child=-1 6 3 4 5 -3 7 -2 -9 10 -4 16 14 19 15 -13 17 18 21 20 -14 -11 23 -18 26 -26 -25 -28 29 -16
right_child=1 2 9 -5 -6 -7 -8 8 -10 11 -12 12 13 -15 28 -17 22 -19 -20 -21 -22 -23 -24 24 25 -27 27 -29 -30 -31
leaf_value=-0.052076171260420773 0.022441107841415758 -0.036569054257686882 0.014055997609757457 -0.056188894863558186 -0.059018298064450372 0.020795122042802549 0.0017715814664527791 -0.0060329262847580428 -0.14100675205009053 -0.015129850705851343 -0.097432747830123664 -0.12582769490312712 -0.029779144566228873 0.034426165323650434 0.0022395562286340021 -0.0010993390486413702 -0.061763157565754873 -0.15948448366934329 -0.029624178609941827 0.0085351172040573093 -0.078315450763104463 0.031317390731387888 -0.0099076434447689567 0.021996187564513499 0.053650929297612886 -0.096282673077505182 -0.1067976197011203 0.050091742977601939 -0.055346549760647623 0.045781057262733828
leaf_weight=3.1738490009447551 18.242699260590602 3.182347343303265 23.937882887257732 6.1437524750363073 1.6518059535883356 5.6862533626845106 500.98641410336131 0.57046683644875773 0.45123623311519623 4.4305949072586426 0.86603047093376417 1.3782775700092345 7.9628989554476046 2.0657723070471539 10.839588043745609 2.4381891749799252 1.406577510992064 0.74706137040629883 12.276187339215538 2.7892959828604935 5.8195851375348866 6.2333867718698457 13.266826282837426 35.336770192458062 1.7790340790525072 1.8079636479378676 0.71798857557587215 0.34435214067343622 1.1113007108215232 4.1940707215107969
leaf_count=1632 749 156 959 132 24 202 22779 41 3 462 9 29 180 287 202 41 51 34 595 519 170 1072 2623 7344 81 46 81 319 14 101
internal_value=0.00047343 0.000719184 -0.00468249 -0.0264536 -0.00908861 0.000210958 0.00236397 0.0177694 -0.0656443 -0.00212307 0.0101634 -0.004729 -0.0160444 -0.0320841 -0.00106845 -0.0461437 0.000845728 -0.0149717 -0.0102655 -0.0403749 -0.0502734 0.0120198 0.00770035 0.0133439 0.0159859 -0.0219205 0.0197215 -0.0559428 0.00958678 0.0143867
internal_weight=681.838 678.665 158.414 16.6642 10.5204 8.8686 520.251 19.2644 1.0217 141.75 24.8039 116.946 38.599 18.6376 19.9614 3.81647 78.3467 23.6872 22.9402 16.5718 13.7825 10.664 54.6595 41.3927 39.9861 3.587 36.3991 1.06234 16.145 15.0337
internal_count=40937 39305 15733 514 382 358 23572 793 44 15219 968 14251 1543 1156 387 70 12708 2163 2129 869 350 1534 10545 7922 7871 127 7744 400 317 303
is_linear=0
shrinkage=0.05


Tree=162
num_leaves=31
num_cat=0
split_feature=0 7 0 0 3 5 0 0 10 11 0 0 2 0 5 2 11 0 13 8 6 3 11 11 11 15 8 0 15 0
split_gain=3.3416 1.47256 3.64028 2.76623 1.89976 1.47218 2.31639 2.08893 2.07144 1.83505 1.42129 1.2271 2.26879 1.5467 2.17362 1.29244 1.24211 1.58365 1.2093 2.86815 1.08111 6.20243 4.36875 7.88324 4.3497 4.41821 2.9477 2.48783 2.35564 2.20472
threshold=15.500000000000002 1.0000000180025095e-35 32.500000000000007 58.500000000000007 1.0000000180025095e-35 7.5000000000000009 56.500000000000007 49.500000000000007 1.0000000180025095e-35 2.5000000000000004 41.500000000000007 34.500000000000007 1.5000000000000002 54.500000000000007 9.5000000000000018 6.5000000000000009 5.5000000000000009 62.500000000000007 1.0000000180025095e-35 2.5000000000000004 1.0000000180025095e-35 1.0000000180025095e-35 3.5000000000000004 2.5000000000000004 1.0000000180025095e-35 3.9344685242518063 3.5000000000000004 48.500000000000007 37.573529411764717 27.500000000000004
decision_type=2 2 2 2 2 2 2 2 2 2 2 2 2 2 2 2 2 2 2 2 2 2 2 2 2 2 2 2 2 2
left_child=-1 3 -3 5 -4 7 8 20 18 -8 -10 -6 -13 14 -14 16 17 -15 -7 -20 27 28 23 24 26 -26 -23 -2 29 -22
right_child=1 2 4 -5 11 6 9 -9 10 -11 -12 12 13 15 -16 -17 -18 -19 19 -21 21 22 -24 -25 25 -27 -28 -29 -30 -31
leaf_value=-0.051993767336523514 0.0026406370199292418 0.088230261005596999 -0.09165115177406466 0.039929388716103742 -0.08353533483573336 -0.057892984311480315 -0.029748197034605486 0.038498756831507462 -0.045667105909455059 -0.17377074857117236 0.051715542783173155 0.051340099562261293 -0.05890670387517051 0.053127317011228872 0.050514262724601133 -0.10655072723714294 0.050101737660758511 -0.026583784346382741 0.054054391836138353 -0.043582780676131111 0.014678517425304988 -0.0060477393259318396 0.033713635757794867 -0.049432441172885998 0.05542491536815395 0.0032342617663565043 0.023166441058961446 -0.12682242568100716 -0.11176520268928601 0.052918228437473624
leaf_weight=3.0237230591010293 379.57342274487019 0.78548476356081565 0.92646470255567415 4.5343889931973527 0.65497762057930309 2.0514166150242072 0.47833762387745071 3.6949192404863416 0.48130652110558036 0.41138066427083686 1.6912608318380078 1.2121386703220185 3.5024711870355514 0.77843403804581646 0.52142974012531329 0.28786366654094298 1.0714438926370347 3.122708267706912 1.1652600802481177 2.1216948668006808 8.4618154420750162 209.02356253261678 7.6448789311689316 9.4563569850288314 6.0669098664075163 12.228709640854502 9.0065160347148758 0.37144422449637104 0.29154080268926996 6.7971335515030669
leaf_count=1632 21920 28 89 2302 16 99 29 876 39 27 783 140 137 81 112 53 1152 110 31 76 115 6451 1590 340 456 848 404 12 15 974
internal_value=0.000452048 0.000685801 -0.0160702 0.00100965 -0.0228534 0.000742674 -0.020055 0.00101039 -0.0110186 -0.0963402 0.0301416 -0.0171377 -0.0129945 -0.0213938 -0.0447276 -0.00354498 0.00241804 -0.0106782 -0.0277696 -0.00896938 0.000796932 -0.00162862 -0.0035094 -0.0046672 -0.00287596 0.0205409 -0.00484094 0.00251407 0.0290226 0.0317125
internal_weight=681.439 678.416 12.8634 665.552 12.0779 661.018 8.40066 652.617 7.51094 0.889718 2.17257 11.1515 10.4965 9.28435 4.0239 5.26045 4.97259 3.90114 5.33837 3.28695 648.922 268.977 253.427 245.782 236.326 18.2956 218.03 379.945 15.5505 15.2589
internal_count=40937 39305 1918 37387 1890 35085 1084 34001 1028 56 822 1801 1785 1645 249 1396 1343 191 206 107 33125 11193 10089 8499 8159 1304 6855 21932 1104 1089
is_linear=0
shrinkage=0.05


Tree=163
num_leaves=31
num_cat=0
split_feature=0 9 15 15 5 15 9 15 14 14 14 0 7 14 0 0 14 5 14 7 5 14 2 14 0 15 9 0 2 14
split_gain=3.17079 1.9193 3.29245 8.45205 3.81171 3.26924 4.48434 4.38676 9.61565 2.36195 1.67857 2.11686 3.71186 5.99433 2.37725 3.08331 2.36901 4.21346 3.0008 2.28206 2.06182 2.04524 1.91293 3.23191 1.83434 1.67262 1.63612 3.22975 2.95081 1.62361
threshold=15.500000000000002 12.500000000000002 5.2830940988835726 4.5115332428765269 7.5000000000000009 2.1054964539007095 13.500000000000002 1.9512659432705119 8.5000000000000018 9.5000000000000018 23.500000000000004 32.500000000000007 1.0000000180025095e-35 16.500000000000004 33.500000000000007 39.500000000000007 4.5000000000000009 4.5000000000000009 11.500000000000002 1.0000000180025095e-35 6.5000000000000009 21.500000000000004 2.5000000000000004 12.500000000000002 37.500000000000007 5.150309460654289 10.500000000000002 31.500000000000004 1.5000000000000002 2.5000000000000004
decision_type=2 2 2 2 2 2 2 2 2 2 2 2 2 2 2 2 2 2 2 2 2 2 2 2 2 2 2 2 2 2
left_child=-1 10 3 5 -5 6 9 -8 -9 -3 11 19 13 16 -15 21 17 29 -18 20 26 -16 -20 -24 -12 -6 -2 28 -28 -13
right_child=1 2 -4 4 25 -7 7 8 -10 -11 24 12 -14 14 15 -17 18 -19 22 -21 -22 -23 23 -25 -26 -27 27 -29 -30 -31
leaf_value=-0.051913813723406449 0.00043825995790468795 -0.093218779893291415 0.024845657216665814 -0.30122336997400889 -0.01801596832744062 0.037311884592836381 -0.0050883804858193578 0.050241106430331889 -0.40762282173198811 -0.0081522567416707891 -0.05663270335664336 -0.14217434521585551 -0.023961763387545708 0.027495671421884707 -0.030159687933877757 0.036584655028513574 0.042144846907810528 0.019564950204767791 0.017107542512889068 0.087715670786535527 0.091446311464573382 0.002175909761894689 -0.14363363107154503 0.05193421225783823 -0.0068487391076468814 -0.14458931385826185 0.05104704124359332 -0.17520334761954037 -0.071919469689179769 -0.036032091505822803
leaf_weight=2.8805727700819252 546.04625219327863 2.6555587738985298 5.5119661889912086 0.28380045248195429 0.42515012726653345 3.078862380469217 21.191600961494263 0.24863892025314172 0.2128174202516675 1.1779799838550387 2.4499941095709783 0.44417311251163427 7.712071612069848 4.5821077497676042 13.475424117874359 2.8960454569896674 20.679134715988766 8.4745331937447173 13.871425421792079 0.7486873771995296 0.62060709623619814 7.6756052970886222 0.49192694702651429 0.37025789066683501 7.5591793656349182 0.6760387719841674 0.89912430464755666 0.37834077142179001 1.0666450401768088 1.9076150644687002
leaf_count=1632 26111 59 2840 38 50 437 938 90 3 30 22 3 984 49 143 270 5063 799 677 27 8 77 50 22 183 14 170 5 15 128
internal_value=0.000433396 0.000655861 -0.0106678 -0.0172036 -0.137831 -0.011355 -0.0172341 -0.00840936 -0.16092 -0.0670793 0.00128101 0.00160259 0.00906688 0.0124691 -0.00551096 -0.0118003 0.0236016 0.00313296 0.0298592 0.00048136 0.000362399 -0.0184253 0.0126159 -0.0596487 -0.0190346 -0.0957215 0.00025932 -0.0414236 -0.0156758 -0.0560788
internal_weight=680.692 677.812 35.4624 29.9504 1.38499 28.5655 25.4866 21.6531 0.461456 3.83354 642.349 632.34 82.5803 74.8682 28.6292 24.0471 46.2391 10.8263 35.4127 549.76 549.011 21.151 14.7336 0.862185 10.0092 1.10119 548.39 2.34411 1.96577 2.35179
internal_count=40937 39305 4499 1659 102 1557 1120 1031 93 89 34806 34601 8265 7281 539 490 6742 930 5812 26336 26309 220 749 72 205 64 26301 190 185 131
is_linear=0
shrinkage=0.05


Tree=164
num_leaves=31
num_cat=0
split_feature=0 9 15 15 15 9 15 14 0 14 6 9 14 0 0 5 0 13 9 5 13 14 14 0 5 10 14 0 5 14
split_gain=3.00913 1.71049 2.96654 6.79896 2.98299 3.84837 3.53699 6.37352 2.43513 1.94898 1.77656 3.08005 2.47821 2.88651 2.07947 3.44996 2.01488 1.84131 1.73717 1.79945 3.35623 1.96674 1.51871 1.98126 3.71186 2.65679 2.347 1.69168 1.65862 1.56009
threshold=15.500000000000002 12.500000000000002 5.2830940988835726 4.5115332428765269 2.1054964539007095 13.500000000000002 1.9512659432705119 8.5000000000000018 58.500000000000007 9.5000000000000018 1.0000000180025095e-35 17.500000000000004 10.500000000000002 34.500000000000007 49.500000000000007 9.5000000000000018 45.500000000000007 1.0000000180025095e-35 20.500000000000004 6.5000000000000009 1.0000000180025095e-35 4.5000000000000009 23.500000000000004 41.500000000000007 7.5000000000000009 1.0000000180025095e-35 2.5000000000000004 37.500000000000007 7.5000000000000009 21.500000000000004
decision_type=2 2 2 2 2 2 2 2 2 2 2 2 2 2 2 2 2 2 2 2 2 2 2 2 2 2 2 2 2 2
left_child=-1 22 3 4 5 9 10 -8 -5 -3 11 -7 13 -12 -14 -16 17 -13 19 -15 21 -21 23 28 29 26 -26 -24 -2 -25
right_child=1 2 -4 8 -6 6 7 -9 -10 -11 12 16 14 18 15 -17 -18 -19 -20 20 -22 -23 27 24 25 -27 -28 -29 -30 -31
leaf_value=-0.051836308916791418 0.0011800075598198227 -0.084270572959229295 0.024092072395284242 -0.15912512069928886 0.036693724555469411 0.052798841814527722 0.050229428815617573 -0.30603806182300958 -0.017780178280338343 -0.0077026009554703777 -0.11049945360956939 0.016990803296418125 -0.083752627683264247 0.0511746219200961 0.052869759049363724 -0.099787824057756255 0.030595894968828408 -0.053783981114398763 0.037391460091204941 -0.11828704308845102 0.031206630796129925 -0.027252711434256206 -0.054531627761228746 0.044604848202417349 0.050469903353946445 0.03227471895238785 -0.056483628143832856 -0.0064946913691500954 -0.077460201728030031 -0.049290577911591665
leaf_weight=2.7440794914145945 616.14306986989686 2.7870434429496629 5.402978289872407 1.0874236507806916 2.9768024729564777 3.0491273237858021 0.23656625812873144 0.26747125387191772 0.42335359647404391 1.1842442103661595 0.57514948770403673 1.4055394425522534 2.1292248545214529 0.91964832972735155 0.93454432091675677 0.61276726005598903 2.1480412848759443 2.6547536263242364 2.7645895772147924 0.96060274913907084 1.5656977198086677 1.5516785846557466 2.4180045649409276 8.5145566622086299 0.61984091758495141 2.1456095033790916 2.9740204620175064 7.572346779925283 0.67122680728789319 0.46662923996336836
leaf_count=1632 30153 59 2840 43 437 141 90 3 59 30 5 85 19 59 40 20 117 38 293 8 42 71 22 2809 158 1205 191 183 34 51
internal_value=0.000417062 0.000628809 -0.0100332 -0.0161315 -0.0106937 -0.0161726 -0.00791733 -0.138827 -0.119517 -0.0614379 -0.00481536 0.0116457 -0.0174996 -0.00241961 -0.051697 -0.00758579 -0.00856602 -0.0292841 0.00558868 -0.012004 -0.0262518 -0.0620608 0.00122109 0.00152707 0.0196553 -0.0117522 -0.0380371 -0.0181213 0.00109443 0.0397264
internal_weight=679.907 677.163 35.6372 30.2343 28.7235 25.7467 21.7754 0.504038 1.51078 3.97129 21.2714 9.25746 12.0139 8.33737 3.67654 1.54731 6.20833 4.06029 7.76222 4.99763 4.07798 2.51228 641.525 631.535 14.7207 5.73947 3.59386 9.99035 616.814 8.98119
internal_count=40937 39305 4499 1659 1557 1120 1031 93 102 89 938 381 557 478 79 60 240 123 473 180 121 79 34806 34601 4414 1554 349 205 30187 2860
is_linear=0
shrinkage=0.05


Tree=165
num_leaves=31
num_cat=0
split_feature=8 9 4 4 15 2 10 9 14 8 14 14 9 14 4 10 15 4 4 9 15 14 14 14 4 15 11 2 9 6
split_gain=2.01958 1.43511 1.73681 3.30014 3.60319 4.58367 3.93363 2.88104 4.38145 3.00743 3.37868 2.44957 6.09729 2.86248 3.74822 3.22449 2.49984 2.41659 2.90917 2.24516 2.22116 2.15725 2.22373 2.00464 2.18281 1.86995 2.00269 1.81373 3.60481 2.19167
threshold=9.5000000000000018 39.500000000000007 4.0797256906719221 4.0931444323516901 3.4785238959467635 1.5000000000000002 1.0000000180025095e-35 5.5000000000000009 10.500000000000002 2.5000000000000004 7.5000000000000009 2.5000000000000004 1.5000000000000002 12.500000000000002 4.0965037564256042 1.0000000180025095e-35 20.948987246811708 4.1479698406581758 4.1131893947952252 31.500000000000004 7.672684458398745 12.500000000000002 2.5000000000000004 28.500000000000004 4.3522215471191368 29.758481886141464 14.500000000000002 1.5000000000000002 1.0000000180025095e-35 1.0000000180025095e-35
decision_type=2 2 2 2 2 2 2 2 2 2 2 2 2 2 2 2 2 2 2 2 2 2 2 2 2 2 2 2 2 2
left_child=1 2 -1 4 6 -6 7 8 9 -4 -11 12 -5 15 -15 19 17 18 -16 25 -7 22 -8 -19 -25 27 -27 28 -13 -29
right_child=-2 -3 3 11 5 20 21 -9 -10 10 -12 13 -14 14 16 -17 -18 23 -20 -21 -22 -23 -24 24 -26 26 -28 29 -30 -31
leaf_value=0.00156743614583135 -0.10520877817022307 0.050193331147163345 0.00039917331745682272 -0.10499601711706114 -0.21384289194896799 0.069735108101144389 -0.1829287024671411 -0.11189702620569918 -0.059292517856130413 0.050355297332733376 0.34897109515013519 -0.051536600675324201 0.025347413058271991 0.10135066614089693 -0.023602629488795879 0.031481248099327098 0.055646165679580875 -0.028845726666647364 0.021300809309754774 -0.059700085735420017 -0.090130434984142471 0.065119451686921279 0.024233662754433158 0.11605496172447494 -0.03581423626520145 -0.1125455256189337 0.050087601235538716 -0.038100403264687437 0.047908260937147007 0.0047279156015133774
leaf_weight=578.8717199707753 0.45096837123855849 1.4577631902357087 0.79747218661941432 1.8911027940921479 0.58857012074440695 0.32415818131994456 0.19862096011638675 1.2018526489846406 2.6190991492476314 0.2383521837182343 0.15719579928554595 1.118081988301127 1.7071772685158064 0.72893143980763753 6.7346100556896982 10.705875495012149 1.2781547404592846 21.59402721881634 7.7670028043212369 1.5015092092216935 0.65895631996681914 1.6288045505061743 0.37244467373238876 0.50808217423036595 0.44280370610067621 0.67355974594829504 0.26328566687880084 3.4342000223114182 4.9272172866039909 22.945263830246404
leaf_count=28250 10 1369 26 22 11 14 1 38 101 42 10 101 667 17 101 3563 581 825 166 180 44 30 85 17 42 48 273 118 1120 3172
internal_value=0.000566318 0.000636743 0.000529857 -0.00566174 -0.0348856 -0.103487 -0.0199395 -0.0443958 -0.0231146 0.0563087 0.169029 -0.00275147 -0.0431555 -0.00103343 -0.0109669 0.00747979 -0.0131032 -0.0154751 0.000447463 0.000109345 -0.0374186 0.0358017 -0.047819 -0.025717 0.0453333 0.00280119 -0.06684 0.00481333 0.0295159 -0.000847672
internal_weight=677.787 677.336 675.878 97.0064 8.78553 1.57168 7.21384 5.01397 3.81212 1.19302 0.395548 88.2209 3.59828 84.6226 39.0536 45.569 38.3247 37.0465 14.5016 34.8631 0.983115 2.19987 0.571066 22.5449 0.950886 33.3616 0.936845 32.4248 6.0453 26.3795
internal_count=41044 41034 39665 11415 402 69 333 217 179 78 52 11013 689 10324 1749 8575 1732 1151 267 5012 58 116 86 884 59 4832 321 4511 1221 3290
is_linear=0
shrinkage=0.05


Tree=166
num_leaves=31
num_cat=0
split_feature=8 9 4 4 15 2 10 14 9 8 14 14 9 14 4 10 15 4 10 14 0 0 14 8 14 14 9 15 2 9
split_gain=1.87547 1.36631 1.56415 2.91625 3.0816 3.92262 3.51843 2.64977 2.98442 3.06899 3.81738 2.25413 5.57217 2.59404 3.47796 2.98317 2.32279 2.16887 2.66218 3.40419 2.55582 2.38372 2.37254 2.28134 2.1214 2.00559 1.97232 1.92704 1.74193 3.53971
threshold=9.5000000000000018 39.500000000000007 4.0797256906719221 4.0931444323516901 3.4785238959467635 1.5000000000000002 1.0000000180025095e-35 10.500000000000002 5.5000000000000009 2.5000000000000004 7.5000000000000009 2.5000000000000004 1.5000000000000002 12.500000000000002 4.0965037564256042 1.0000000180025095e-35 20.948987246811708 4.1479698406581758 1.0000000180025095e-35 14.500000000000002 28.500000000000004 29.500000000000004 18.500000000000004 2.5000000000000004 6.5000000000000009 13.500000000000002 31.500000000000004 7.672684458398745 1.5000000000000002 1.5000000000000002
decision_type=2 2 2 2 2 2 2 2 2 2 2 2 2 2 2 2 2 2 2 2 2 2 2 2 2 2 2 2 2 2
left_child=1 2 -1 4 6 -6 7 8 9 -4 -11 12 -5 15 -15 26 17 18 20 -20 -16 -19 -22 -23 -8 -9 28 -7 29 -13
right_child=-2 -3 3 11 5 27 24 25 -10 10 -12 13 -14 14 16 -17 -18 21 19 -21 22 23 -24 -25 -26 -27 -28 -29 -30 -31
leaf_value=0.0014886933145014138 -0.10279620335665636 0.050183971113547381 0.0003791837991556085 -0.10108578558164126 -0.19466608826068066 0.068648321786684161 -0.077997602621911868 -0.11409643328632933 -0.070360556420220696 0.050337897668952018 0.38561725646060407 -0.033383730987779865 0.02463315101993363 0.099627809045697305 0.085407247239954298 0.030553398529344595 0.055441670859532527 -0.060619854824830226 -0.093625574879521584 -0.0048397623162258459 -0.012955538399702905 -0.058066553202099219 0.055085301802102464 -0.0096992801897245462 0.056008951366316131 -0.03353742466294992 -0.055132021663698329 -0.080620332657808477 -0.0026915163163078772 0.051583282533742017
leaf_weight=579.01232673769118 0.43878973368555207 1.3869193477439683 0.79753606929443577 1.8666672183899202 0.61353755206800986 0.31310623366152845 0.35221764433663372 1.418756428640336 0.79920105636119831 0.22680400311946869 0.13568711967673153 1.7213298795977596 1.6698092411097603 0.70507167535833914 1.2943302309140543 10.485158596013205 1.2201903492677946 3.7734643407166031 1.3231259182794017 5.865928138140589 4.168185954913497 2.8771975144045454 1.849758240394294 15.969956120650748 1.8286228721844962 1.6963819824159143 1.5434889582975291 0.69874727173009887 27.139669357798994 4.2576365706627257
leaf_count=28250 10 1369 26 22 11 14 30 74 27 42 10 116 667 17 53 3563 581 78 24 93 64 51 33 755 86 38 180 44 3575 1141
internal_value=0.000540774 0.00060775 0.00050598 -0.00538362 -0.0326874 -0.094915 -0.0187465 -0.0415731 0.00398642 0.0552078 0.175839 -0.00261978 -0.0417254 -0.000977203 -0.0104143 0.00718478 -0.0124378 -0.014669 0.00042551 -0.0211806 0.0216675 -0.0243456 0.00795843 -0.017083 0.0343662 -0.0702272 0.000115859 -0.0344309 0.00269068 0.0271215
internal_weight=677.45 677.011 675.624 96.6116 8.8806 1.62539 7.25521 5.07437 1.95923 1.16003 0.362491 87.731 3.53648 84.1945 39.0472 45.1473 38.3421 37.1219 14.5013 7.18905 7.31227 22.6206 6.01794 18.8472 2.18084 3.11514 34.6621 1.01185 33.1186 5.97897
internal_count=41044 41034 39665 11415 402 69 333 217 105 78 52 11013 689 10324 1749 8575 1732 1151 267 117 150 884 97 806 116 112 5012 58 4832 1257
is_linear=0
shrinkage=0.05


Tree=167
num_leaves=31
num_cat=0
split_feature=8 4 4 8 14 4 14 14 14 15 15 4 5 4 4 14 4 0 14 15 4 5 5 0 4 4 15 4 4 4
split_gain=1.73899 1.31577 1.5182 2.33587 3.68386 1.28041 2.89995 1.94554 1.92689 1.26859 5.34899 5.07789 6.01324 3.06236 5.18217 3.24819 3.18848 3.61175 3.96177 3.5966 4.86724 3.94543 2.81494 2.74749 5.0812 4.46092 2.5874 2.14001 2.96057 2.01977
threshold=9.5000000000000018 3.2361834261625892 3.2609360772808702 3.5000000000000004 4.5000000000000009 3.0974752156239549 5.5000000000000009 3.5000000000000004 9.5000000000000018 4.5115332428765269 2.9631255487269539 3.9394709940012875 4.5000000000000009 3.6306988403295679 3.7201755214643457 3.5000000000000004 3.7216117239699007 24.500000000000004 6.5000000000000009 5.2830940988835726 4.038686742164626 8.5000000000000018 3.5000000000000004 28.500000000000004 4.0889401542022119 4.1293760432004829 3.7268518518518521 3.6143694458867568 3.617254481676266 4.1479698406581758
decision_type=2 2 2 2 2 2 2 2 2 2 2 2 2 2 2 2 2 2 2 2 2 2 2 2 2 2 2 2 2 2
left_child=1 5 3 4 -3 6 7 -1 -7 10 29 22 23 27 15 -15 -16 18 -18 20 -19 -22 -12 24 26 -26 -13 -11 -29 -4
right_child=-2 2 9 -5 -6 8 -8 -9 -10 13 11 12 -14 14 16 -17 17 19 -20 -21 21 -23 -24 -25 25 -27 -28 28 -30 -31
leaf_value=-0.044660867172712233 -0.10029013632127098 -0.062906084342519195 0.0014580293280153313 -0.080033835604556694 0.13001442186072168 -0.07613225410603261 -0.06935755219141744 0.14400624045327293 0.072160914139251728 0.0057527980112964143 -0.00047023635345469966 0.055905022841288246 0.050789261920701156 0.04184420763356278 0.10995897822259543 -0.064157314474103375 0.0055917839271198092 -0.17930110739697838 -0.037647259337325274 0.0056695417815511495 0.05267625406896137 -0.077191664220953915 0.074514981574771724 0.036062206925109162 -0.23310578534320225 -0.0028638780824816676 -0.064963307411385049 0.14390923097994854 0.028363473193567856 -0.011076936376342029
leaf_weight=0.20093355007702418 0.42755680019035835 0.33647004084195831 533.35489225032507 0.28222829289734352 0.9352770708501339 1.6875587110407648 0.61107809178065509 0.42706612276379019 0.25173166301101435 7.8717980220681039 1.5721428357064704 0.71684429980814535 3.1467258819029666 0.82649697409942646 0.60338063491508265 5.7544377797748893 8.3427295227302256 0.59298324363771771 14.513627478387205 45.834559130249545 1.0581367716076786 1.307466654165182 6.1381083148298785 0.84119001578073938 0.66038564883638162 0.30872436356730759 1.1580762336961923 0.71527652582153711 2.4645208045840263 34.196810820605606
leaf_count=89 10 80 24925 5 55 357 24 31 4 389 39 34 894 71 17 134 1854 11 622 7721 187 63 202 67 18 43 48 40 60 2950
internal_value=0.000515303 0.000578993 0.000730447 0.0500945 0.0789729 -0.0315159 0.00818628 0.0836407 -0.0568829 0.000616291 0.00146998 0.0314131 2.54574e-05 -0.00491216 -0.00836765 -0.0508446 -0.00449877 -0.00546265 -0.0218647 0.00222063 -0.0512101 -0.0191016 0.0592253 -0.0433206 -0.0668 -0.159759 -0.0187513 0.0197367 0.0543548 0.000702757
internal_weight=677.139 676.712 673.533 1.55398 1.27175 3.17837 1.23908 0.628 1.93929 671.979 582.094 14.5422 6.83195 89.8854 78.8338 6.58093 72.2529 71.6495 22.8564 48.7931 2.95859 2.3656 7.71025 3.68522 2.84403 0.96911 1.87492 11.0516 3.1798 567.552
internal_count=41044 41034 40529 140 135 505 144 120 361 40389 29220 1345 1104 11169 10680 205 10475 10458 2476 7982 261 250 241 210 143 61 82 489 100 27875
is_linear=0
shrinkage=0.05


Tree=168
num_leaves=31
num_cat=0
split_feature=9 15 15 4 5 4 4 14 5 4 0 9 15 5 4 9 9 0 4 14 4 15 0 15 4 14 2 9 15 15
split_gain=1.30483 1.29452 4.97312 4.85852 5.46103 2.81893 4.66525 2.99527 2.75085 2.68339 3.06252 7.56394 4.82953 3.52071 3.07319 2.79679 3.25867 2.43305 4.03289 2.40001 2.55155 3.53181 3.94748 2.37223 2.33643 4.06131 4.12042 2.46477 2.33844 4.73738
threshold=39.500000000000007 4.5115332428765269 2.9631255487269539 3.9394709940012875 4.5000000000000009 3.6306988403295679 3.7201755214643457 3.5000000000000004 3.5000000000000004 3.7216117239699007 24.500000000000004 3.5000000000000004 4.5628036086051358 7.5000000000000009 3.7952067930466749 5.5000000000000009 16.500000000000004 28.500000000000004 4.0889401542022119 24.500000000000004 4.2846983172058195 31.986394557823136 29.500000000000004 3.7268518518518521 4.0535592632620254 12.500000000000002 1.5000000000000002 10.500000000000002 9.3969872975397859 9.0109422727448507
decision_type=2 2 2 2 2 2 2 2 2 2 2 2 2 2 2 2 2 2 2 2 2 2 2 2 2 2 2 2 2 2
left_child=1 2 -1 8 17 -3 7 -7 -4 -8 11 14 -12 19 -11 -15 -17 18 23 20 21 24 -23 -5 25 26 -14 28 29 -26
right_child=-2 5 3 4 -6 6 9 -9 -10 10 12 -13 13 15 -16 16 -18 -19 -20 -21 -22 22 -24 -25 27 -27 -28 -29 -30 -31
leaf_value=0.00052346953405968909 0.0501759937851598 0.018254673412132692 -0.00044685092541512045 0.054197378847128247 0.050765421979150953 0.040733247622884328 0.09559170590961634 -0.062254244139487894 0.074021883008930131 -0.006420232289268888 -0.28151689734783325 0.05321808657257996 -0.080029718828901336 0.050186011722013903 -0.047465326140337646 -0.072660723159938642 0.020923848838513791 0.035046036194864211 -0.14126567407545298 -0.070537584956379962 0.039429397967519673 -0.22356703717394855 0.050711929551919901 -0.062528859234127349 -0.015484006466827981 0.043559498220661304 0.0094031881432081327 0.05103225897940597 0.0022686189946211003 -0.12421509311385184
leaf_weight=572.39448954921681 1.3188339544576582 11.163839939341413 1.5717047252692262 0.70282358839176673 2.9042412542621605 0.80708894110284646 0.65781480167060991 5.6368695597629994 5.8778345659375191 7.2243146416731241 0.15048157761338998 2.9763444837299167 1.4831195259466774 0.83296309885918063 12.367743406910447 3.6636407567420974 1.2467312714434227 0.82277874718420196 1.0382880237884817 0.96966161637101222 5.9144682651676694 0.34968971367925306 0.20993836247362196 1.1433940374990923 4.4354545105597918 8.4031297031324339 9.785185546730645 1.5324752703309048 7.5942415058962069 1.2940448268782345
leaf_count=28427 1369 511 39 34 860 71 17 134 203 294 23 1617 50 844 565 372 498 67 61 58 3004 5 103 48 347 67 313 233 777 33
internal_value=0.000490714 0.000393659 0.00124512 0.030622 -0.000575997 -0.00523599 -0.00861826 -0.0493553 0.0583105 -0.00492572 -0.0058645 -0.0210483 0.00129462 0.00218654 -0.0323305 -0.0345293 -0.0488998 -0.0407962 -0.0624295 0.00721071 0.0090494 0.00392841 -0.120674 -0.0180932 0.00594799 0.0172511 -0.00236785 -0.00901874 -0.0159257 -0.0400416
internal_weight=676.474 675.155 586.456 14.0611 6.61153 88.6992 77.5354 6.44396 7.44954 71.0914 70.4336 22.5684 47.8652 47.7147 19.5921 5.74334 4.91037 3.70728 2.88451 41.9714 41.0017 35.0873 0.559628 1.84622 34.5277 19.6714 11.2683 14.8562 13.3237 5.7295
internal_count=41044 39675 29739 1312 1070 9936 9425 205 242 9220 9203 2476 6727 6704 859 1714 870 210 143 4990 4932 1928 108 82 1820 430 363 1390 1157 380
is_linear=0
shrinkage=0.05


Tree=169
num_leaves=31
num_cat=0
split_feature=8 0 9 9 9 8 5 15 15 14 14 9 14 0 15 14 9 11 0 9 9 9 14 6 2 15 15 14 15 9
split_gain=1.61065 1.27764 1.23199 1.30808 1.72574 1.70572 1.71836 1.24014 3.64013 3.10513 3.67089 3.31884 2.62214 2.57317 2.24079 4.39451 3.06711 2.57429 2.316 2.71357 5.24907 2.23847 4.82336 2.1046 3.08228 1.86667 2.35955 5.63333 4.35106 3.44528
threshold=9.5000000000000018 15.500000000000002 39.500000000000007 31.500000000000004 25.500000000000004 2.5000000000000004 13.500000000000002 7.672684458398745 9.6099521946979589 5.5000000000000009 2.5000000000000004 8.5000000000000018 8.5000000000000018 28.500000000000004 15.260706430327341 7.5000000000000009 3.5000000000000004 2.5000000000000004 19.500000000000004 6.5000000000000009 7.5000000000000009 6.5000000000000009 6.5000000000000009 1.0000000180025095e-35 1.5000000000000002 5.5777777777777784 4.5115332428765269 4.5000000000000009 2.9631255487269539 15.500000000000002
decision_type=2 2 2 2 2 2 2 2 2 2 2 2 2 2 2 2 2 2 2 2 2 2 2 2 2 2 2 2 2 2
left_child=1 -1 3 4 7 -5 -7 25 9 10 -9 21 13 14 16 18 17 -10 -16 -20 -21 -11 -23 24 -15 26 28 -28 -3 -29
right_child=-2 2 -4 5 -6 6 -8 8 12 11 -12 -13 -14 23 15 -17 -18 -19 19 20 -22 22 -24 -25 -26 -27 27 29 -30 -31
leaf_value=-0.033677379803979494 -0.097754049634774021 0.00073631146892015294 0.050167466500268723 -0.073360607258459359 0.050853178542626033 0.050532530830045636 -0.093520546198634757 -0.068867685031346673 0.0016805281033551442 -0.045180816084266634 0.057094961675850722 0.028329828483702947 0.010360510216472696 0.050338478971731541 -0.009469156409277861 -0.056675019011057072 0.029323373611683141 -0.06204317960550735 0.064183368861988402 -0.33893400548663472 0.050501099628986981 -0.27832665077683399 0.051108753845009791 0.033645917888745637 -0.139266211486714 0.025159458457082142 0.043111667768179866 -0.031059000821016109 0.029569980342576414 -0.13132208953971425
leaf_weight=2.7186114352080031 0.41709945653565128 566.73003442148911 1.2547215216036409 1.3528662514290766 1.7114002008165687 0.76567115040961631 0.28373324667336419 0.82651572918984983 2.0662607559934312 9.3850935566006193 1.9267407990992067 1.5421112063340832 28.996323850180488 0.39786569558782403 3.6276497803628427 2.7052528518252075 1.5363651541993011 6.8028152714250609 3.0044023992959414 0.12769388372544188 0.26839601359097287 0.29991059715394008 0.17649595125112683 4.374906475917669 0.46469377435278147 8.0930946334847231 2.4592568455263955 6.7804195554344915 13.393048053869277 0.98073559132171784
leaf_count=1670 10 26664 1369 54 427 215 31 68 199 521 691 134 1964 193 156 31 260 126 93 24 59 41 20 2196 17 986 1022 527 1239 37
internal_value=0.00046967 0.00053036 0.00066868 0.000576132 0.000708445 -0.0362535 0.0115841 0.000579776 -0.00579147 -0.0283752 0.0192815 -0.0398813 8.86092e-05 -0.0116486 -0.0197682 -0.00252367 -0.035899 -0.0471972 0.0183201 0.0479657 -0.0750474 -0.050548 -0.15628 0.0195724 -0.0518088 0.00130937 0.00098241 -0.022833 0.00140198 -0.0437287
internal_weight=675.47 675.053 672.334 671.08 668.677 2.40227 1.0494 666.966 68.5295 14.1569 2.75326 11.4036 54.3726 25.3763 20.1388 9.73339 10.4054 8.86908 7.02814 3.40049 0.39609 9.8615 0.476407 5.23747 0.862559 598.437 590.343 10.2204 580.123 7.76116
internal_count=41044 41034 39364 37995 37695 300 246 37268 6793 1475 759 716 5318 3354 948 363 585 325 332 176 83 582 61 2406 210 30475 29489 1586 27903 564
is_linear=0
shrinkage=0.05


Tree=170
num_leaves=31
num_cat=0
split_feature=14 14 14 8 0 14 5 6 8 10 14 5 14 8 14 14 2 5 5 0 0 5 0 14 7 3 15 8 0 0
split_gain=1.51361 1.68149 1.92538 2.92004 2.30276 1.90526 4.31315 2.75639 1.98964 1.84404 2.46003 2.1702 2.54186 1.7526 1.72334 1.69892 1.66986 1.64509 1.50625 3.8765 1.79146 1.55311 2.61673 1.53395 1.39473 2.03108 1.73545 1.54742 1.64306 2.40467
threshold=29.500000000000004 27.500000000000004 23.500000000000004 2.5000000000000004 34.500000000000007 14.500000000000002 6.5000000000000009 1.0000000180025095e-35 2.5000000000000004 1.0000000180025095e-35 2.5000000000000004 9.5000000000000018 9.5000000000000018 3.5000000000000004 20.500000000000004 25.500000000000004 3.5000000000000004 13.500000000000002 10.500000000000002 74.500000000000014 49.500000000000007 5.5000000000000009 37.500000000000007 17.500000000000004 1.0000000180025095e-35 1.0000000180025095e-35 7.9077644606565931 5.5000000000000009 46.500000000000007 53.500000000000007
decision_type=2 2 2 2 2 2 2 2 2 2 2 2 2 2 2 2 2 2 2 2 2 2 2 2 2 2 2 2 2 2
left_child=1 2 4 -4 16 6 8 -7 -6 11 -11 24 -13 14 18 -5 -1 -14 20 -20 21 23 -23 -9 27 -26 -27 28 -8 -30
right_child=-2 -3 3 15 5 7 9 13 -10 10 -12 12 17 -15 -16 -17 -18 -19 19 -21 -22 22 -24 -25 25 26 -28 -29 29 -31
leaf_value=-0.00032248044235423911 -0.044989026134589299 0.052612031274894971 -0.089566302891634891 -0.028183586658161858 0.0099887660446170787 0.019061132560487287 -0.01529371620837308 0.028917107087376395 0.037654354990725607 -0.036301226117714386 0.04134383934940436 0.053604926072077633 0.018826398788172004 0.051250587744462395 -0.051288621191995121 0.030998771789863072 0.081603812533606837 -0.094437789398232164 -0.33269724561311065 -0.016581254175894594 0.052953893346819637 0.0041042559785602435 -0.080994462011820659 -0.016538740892257344 -0.11294225688581568 -0.0022186102151617623 -0.069904299037372775 -0.084483560975122551 0.053550895019013528 -0.015127048757552769
leaf_weight=577.84703696996439 1.8145044886623498 1.5586302912561212 1.4175652991980303 3.7762507693259977 10.150200045929525 9.7108175983303244 8.2015076648676821 2.8740819332888368 18.065553671942325 1.2961164183507197 4.7907103239267599 2.8096922245167653 0.72997490470879689 0.96777529627433878 3.1444335404084987 1.7862186576821839 0.62264690920710464 0.57163389094057493 0.12776425585616458 0.40251596560119651 1.1444156891084283 1.7496609017252915 1.8675496150972319 5.2393858858849853 0.7244663820019922 3.1272917525493531 1.3583652506640644 0.58547317708144042 2.6749917535344148 2.4345626847934909
leaf_count=29202 87 39 11 78 441 360 255 86 4260 456 2350 1198 64 213 82 44 6 57 2 77 277 11 41 69 9 98 108 8 539 439
internal_value=0.00061592 0.000739105 0.000618468 -0.0255047 0.000893401 0.00859072 0.0137487 -0.00230561 0.0277021 0.000313854 0.0248103 -0.00610813 0.0268461 -0.0141502 -0.0179746 -0.00917896 -0.000234298 -0.0309164 -0.0101603 -0.0927454 -0.00675891 -0.0125843 -0.0398318 -0.000436646 -0.0131991 -0.0352615 -0.0227155 -0.00492741 -0.00142822 0.0208277
internal_weight=673.572 671.757 670.199 6.98003 663.219 84.7489 57.5205 27.2284 28.2158 29.3048 6.08683 23.218 4.1113 17.5176 16.5498 5.56247 578.47 1.30161 13.4054 0.53028 12.8751 11.7307 3.61721 8.11347 19.1067 5.21012 4.48566 13.8965 13.3111 5.10955
internal_count=40967 40880 40841 133 40708 11500 10282 1218 4701 5581 2806 2775 1319 858 645 122 29208 121 563 79 484 207 52 155 1456 215 206 1241 1233 978
is_linear=0
shrinkage=0.05


Tree=171
num_leaves=31
num_cat=0
split_feature=9 9 5 0 4 0 4 5 9 4 4 4 0 9 14 0 14 13 2 4 4 4 4 4 4 0 5 0 4 4
split_gain=2.97117 2.57744 2.23233 2.55554 2.94861 3.40304 3.58819 2.18833 1.95775 2.46875 6.0513 2.61938 5.815 2.82472 4.48536 2.57258 2.56946 3.792 2.62498 7.90884 5.11283 3.71845 3.53735 2.43822 2.84306 7.52588 3.08782 2.30615 3.84649 4.69127
threshold=19.500000000000004 15.500000000000002 5.5000000000000009 34.500000000000007 4.0667306435901676 42.500000000000007 4.1171236652383758 7.5000000000000009 1.0000000180025095e-35 3.788832339775448 3.7852514151308969 3.8455070432369087 32.500000000000007 3.5000000000000004 5.5000000000000009 20.500000000000004 12.500000000000002 1.0000000180025095e-35 1.5000000000000002 3.8556271184800082 3.8936885934434464 3.8556271184800082 3.8538937038720271 3.3816002981289501 3.4199948370071587 23.500000000000004 3.5000000000000004 34.500000000000007 4.038686742164626 4.0889401542022119
decision_type=2 2 2 2 2 2 2 2 2 2 2 2 2 2 2 2 2 2 2 2 2 2 2 2 2 2 2 2 2 2
left_child=1 8 -3 -4 -5 -6 -7 -2 23 10 -10 12 13 -11 -15 -13 18 -18 19 22 -21 -20 -17 -1 25 26 -25 -23 -29 -30
right_child=7 2 3 4 5 6 -8 -9 9 11 -12 15 -14 14 -16 16 17 -19 21 20 -22 27 -24 24 -26 -27 -28 28 29 -31
leaf_value=-0.045116898823572248 0.051310624307738056 0.025551549609242524 -0.15022340714599927 0.0060197882955101796 0.0515117960395347 -0.22254859539213567 -0.057373335378680869 0.008080839433290193 0.0050534969009527475 -0.012279922482031353 0.055955960922711184 -0.05039423641076532 0.04527706095570469 0.050678551285470441 -0.066521873815197058 0.038069722514804123 -0.0064158491560296592 0.043862244265950014 -0.036810348380816836 -0.026544741465166406 0.019086205807985632 -0.00062964314965214836 0.12306457680929578 -0.041966797586542731 -0.0037318659873784598 0.29334061677322237 0.09666976760327696 0.046843732516177711 -0.039767109271102448 0.018539474769813307
leaf_weight=3.515684397018048 4.7970535749336687 1.8231604264001351 0.45859869674313714 3.4538915351731685 0.64303648797795165 0.36202338384464416 3.5822953938040882 7.5111488215334248 180.37320652219933 30.40269617899321 6.0339469950413323 2.3862002685200414 3.9411634597927323 0.96110356075223435 5.4204079378396273 2.732626363169401 94.460294213786256 3.9052073764032675 5.8618507185019544 7.9749695762293404 26.662051693187095 68.623263314075302 2.2175479014404118 0.95970598678104468 175.80052684040857 0.28729836829006661 0.69069797685369849 7.5752477617934373 4.5199091109680039 14.571390276687451
leaf_count=1821 1293 227 8 89 53 13 182 1983 1920 277 70 48 97 519 66 29 1288 171 108 148 2909 3106 16 286 18341 5 41 580 365 4908
internal_value=0.000589145 0.000135366 -0.0246525 -0.035421 -0.0288737 -0.0551455 -0.0725337 0.0249294 0.00052911 0.00223584 0.0067012 -0.000713579 -0.0124435 -0.0186279 -0.0488706 0.00126458 0.00178012 -0.00441976 0.00611335 0.0170286 0.00857995 0.00184149 0.0761452 -0.00388356 -0.00306796 0.0571657 0.0160529 0.0042192 0.0166971 0.00473526
internal_weight=672.508 660.2 10.323 8.49985 8.04125 4.58736 3.94432 12.3082 649.877 468.623 186.407 282.216 40.7254 36.7842 6.38151 241.491 239.104 98.3655 140.739 39.5872 34.637 101.152 4.95017 181.254 177.738 1.9377 1.6504 95.2898 26.6665 19.0913
internal_count=40967 37691 572 345 337 248 195 3276 37119 16625 1990 14635 959 862 585 13676 13628 1459 12169 3102 3057 9067 45 20494 18673 332 327 8959 5853 5273
is_linear=0
shrinkage=0.05


Tree=172
num_leaves=31
num_cat=0
split_feature=9 9 9 4 4 0 8 4 4 4 0 9 10 9 0 14 13 10 2 4 4 4 4 3 14 8 8 4 4 0
split_gain=2.74952 2.28815 1.77373 2.3389 3.84778 4.65404 3.0238 2.22157 5.38252 2.36286 5.34055 2.44571 4.8505 3.62083 2.34761 2.324 3.5267 3.09381 2.27351 6.48179 3.36705 3.02954 2.8688 2.3411 2.25367 2.1887 3.10715 2.12398 2.10541 3.67328
threshold=19.500000000000004 15.500000000000002 1.0000000180025095e-35 3.3929372919485519 3.4199948370071587 23.500000000000004 2.5000000000000004 3.788832339775448 3.7852514151308969 3.8455070432369087 32.500000000000007 3.5000000000000004 1.0000000180025095e-35 6.5000000000000009 20.500000000000004 12.500000000000002 1.0000000180025095e-35 1.0000000180025095e-35 1.5000000000000002 3.8556271184800082 3.8538937038720271 3.8556271184800082 3.8936885934434464 1.0000000180025095e-35 15.500000000000002 5.5000000000000009 4.5000000000000009 3.8797789142116303 3.9790978911348049 31.500000000000004
decision_type=2 2 2 2 2 2 2 2 2 2 2 2 2 2 2 2 2 2 2 2 2 2 2 2 2 2 2 2 2 2
left_child=1 2 3 -1 5 6 -5 8 -4 10 11 24 13 -13 -11 17 25 18 19 20 -16 -20 27 -24 -9 26 -17 -21 29 -23
right_child=-2 -3 7 4 -6 -7 -8 9 -10 14 -12 12 -14 -15 15 16 -18 -19 21 22 -22 28 23 -25 -26 -27 -28 -29 -30 -31
leaf_value=-0.042288147784904903 0.024245740404594981 -0.023096358342480507 0.0047968017092590853 0.10837571785808552 -0.0035540337012656522 0.24163738183690506 -0.050602632315129653 -0.0063912047096283094 0.052539227391004376 -0.048416627860828572 0.04454119625233368 -0.083974070121547284 0.053495392248209775 0.019733784463622298 0.026957435345286742 -0.0062711386737954837 0.043250770822400419 0.022700476186000004 -0.036582975831708407 0.014762536829690857 0.1165658197083541 0.0012470368538837488 0.11026366309205093 0.011202101851993378 -0.046757583773547558 -0.06577470818466391 0.067378851216537569 -0.045374065522048319 -0.0068157768426043656 0.039069547837643326
leaf_weight=3.8441158953937693 12.035061310249146 10.436044405651044 180.5205128134694 0.60776822082698234 175.37825110048288 0.33234167098999012 0.58893109182827175 26.384540732018653 6.1031873078318304 2.3601583008421576 3.8093254532432175 4.4310608152300111 1.0405943753430618 1.0389820871641857 2.0896224414464113 91.583790528471582 3.7659479287685818 22.756523830612423 5.7919755745679131 2.2729395730420974 2.1036887562368065 29.721211831085384 0.61431860801531968 20.46703672007424 3.979216866195201 1.5114330154610787 1.4547929121181358 4.1476049143821001 42.232838470576098 8.1878616820322332
leaf_count=1969 3276 572 1920 70 18341 3 111 253 70 48 97 38 381 166 25 1200 171 4688 99 83 15 977 14 2304 24 36 52 50 3605 309
internal_value=0.000562132 0.000129972 0.000503387 -0.00370392 -0.0028655 0.0761079 0.0301378 0.00212706 0.00635813 -0.00067554 -0.0118214 -0.017644 -0.0454524 -0.0642758 0.00120554 0.00169618 -0.00419918 0.00582486 0.0025601 0.0140059 0.0719119 -0.00166148 0.00517679 0.0140888 -0.0116813 -0.00608912 -0.00511951 -0.0240851 0.000862344 0.0094162
internal_weight=671.592 659.557 649.121 180.751 176.907 1.52904 1.1967 468.369 186.624 281.745 40.6837 36.8744 6.51064 5.47004 241.062 238.702 98.316 140.386 117.629 31.6952 4.19331 85.9339 27.5019 21.0814 30.3638 94.55 93.0386 6.42054 80.1419 37.9091
internal_count=40967 37691 37119 20494 18525 184 181 16625 1990 14635 959 862 585 204 13676 13628 1459 12169 7481 2491 40 4990 2451 2318 277 1288 1252 133 4891 1286
is_linear=0
shrinkage=0.05


Tree=173
num_leaves=31
num_cat=0
split_feature=11 2 15 4 2 4 4 0 0 4 7 4 15 5 5 0 5 7 15 4 0 0 4 8 15 4 0 11 4 8
split_gain=1.37137 2.61214 1.96032 1.5215 1.49753 2.60984 3.49255 1.64472 2.38078 1.45277 1.42106 1.97998 1.65851 2.64211 1.45808 1.34361 1.57832 1.44799 1.51277 1.24063 3.07705 2.52427 5.21612 6.1705 2.06508 1.72398 2.74117 1.44675 1.33291 8.54754
threshold=5.5000000000000009 3.5000000000000004 20.72734124740909 3.3816002981289501 2.5000000000000004 3.8556271184800082 3.916126946588284 30.500000000000004 32.500000000000007 4.0114570089332817 1.0000000180025095e-35 4.7814094910137923 37.573529411764717 4.5000000000000009 7.5000000000000009 47.500000000000007 3.5000000000000004 1.0000000180025095e-35 1.5038444142921756 4.0114570089332817 36.500000000000007 24.500000000000004 4.167960672279321 4.5000000000000009 4.7394429469901178 4.0273211391993682 38.500000000000007 4.5000000000000009 3.9707065544568345 2.5000000000000004
decision_type=2 2 2 2 2 2 2 2 2 2 2 2 2 2 2 2 2 2 2 2 2 2 2 2 2 2 2 2 2 2
left_child=1 2 3 -1 15 -6 -7 -8 -9 -10 12 14 -2 -14 -12 19 -17 -18 -19 20 27 22 23 24 -21 26 -23 28 -5 -30
right_child=10 -3 -4 4 5 6 7 8 9 -11 11 -13 13 -15 -16 16 17 18 -20 21 -22 25 -24 -25 -26 -27 -28 -29 29 -31
leaf_value=-0.018284859613746981 0.033989765151170935 0.038203450495631897 -0.056978959713772197 0.00022677045424316316 -0.052514611050089567 0.064547635578932436 0.054328369597371452 -0.080739588100384618 0.022745735045541258 -0.015980069346644404 0.051441215787794106 0.050045066520928827 -0.089781550939169841 0.06048163904152179 -0.068309759664464273 -0.10253095471561335 0.041831360507625495 0.058830395410860784 -0.023576756695491245 0.017948350147035098 0.025534205749544948 -0.030074298726387578 0.14586032069761815 0.35654854735074926 -0.037460126170423033 -0.0037995610771382224 0.04627454418398947 0.078480175977656941 -0.035842307948122105 0.023016214583023685
leaf_weight=11.062070168554781 8.3277365039102715 4.4978473278169977 1.5076748759020109 439.83554734307108 3.3762889979407218 1.6554624796845043 0.91579829039983707 1.2575401132926369 2.9087958643212941 14.464839907304848 0.31078493467066381 0.77085127134341735 0.71861633102525846 0.49339545992552303 1.3959426834480835 0.24984766542911341 4.8775616666825954 0.74693536281120065 2.1889966100570746 7.201503976830276 13.225045490718911 12.344836383941582 0.7592433381360032 0.12650956120342094 2.1938927427399904 95.214423176832497 1.2993716382188711 0.60303722636308421 7.8843553668120867 28.339130627166014
leaf_count=1904 3667 222 66 21358 48 23 19 16 48 928 42 1164 75 204 127 1 1254 23 152 1498 505 297 38 10 369 5768 61 16 192 872
internal_value=0.000535553 0.000230192 -3.08721e-05 0.000100666 0.000417624 -0.0116855 -0.00518382 -0.0110895 -0.014305 -0.00949637 0.0172741 -0.0164645 0.0260364 -0.0286112 -0.0465038 0.000899691 0.0211762 0.0251319 -0.00261142 0.000631236 0.00174413 -0.00394483 0.0197373 0.00968067 0.00501007 -0.00618148 -0.0228034 0.00108407 0.000986028 0.0102051
internal_weight=670.754 658.737 654.239 652.731 641.669 24.5787 21.2024 19.547 18.6312 17.3736 12.0173 2.47758 9.53975 1.21201 1.70673 617.09 8.06334 7.81349 2.93593 609.027 489.887 119.14 10.2811 9.52191 9.3954 108.859 13.6442 476.662 476.059 36.2235
internal_count=40967 35688 35466 35400 33496 1082 1034 1011 992 976 5279 1333 3946 279 169 32414 1430 1429 175 30984 22943 8041 1915 1877 1867 6126 358 22438 22422 1064
is_linear=0
shrinkage=0.05


Tree=174
num_leaves=31
num_cat=0
split_feature=9 5 9 5 4 9 14 6 8 4 4 14 10 4 10 5 9 4 14 14 8 8 2 4 2 9 6 4 14 8
split_gain=2.43278 2.22739 2.0727 1.93143 1.80153 1.65756 2.19238 2.92489 3.04819 2.13907 3.34911 2.64947 2.88085 2.13156 1.94872 4.12369 2.5891 4.85116 5.62959 3.91265 4.6358 5.47623 4.78164 4.62358 3.9145 3.63993 3.21298 3.02296 2.32505 3.9076
threshold=19.500000000000004 7.5000000000000009 15.500000000000002 5.5000000000000009 4.2358247382177581 1.0000000180025095e-35 20.500000000000004 1.0000000180025095e-35 2.5000000000000004 3.3929372919485519 3.4199948370071587 11.500000000000002 1.0000000180025095e-35 3.9219331703790541 1.0000000180025095e-35 4.5000000000000009 3.5000000000000004 3.5167935354312876 3.5000000000000004 13.500000000000002 4.5000000000000009 3.5000000000000004 3.5000000000000004 4.3443148506160068 1.5000000000000002 1.5000000000000002 1.5000000000000002 3.5842434495629512 11.500000000000002 2.5000000000000004
decision_type=2 2 2 2 2 2 2 2 2 2 2 2 2 2 2 2 2 2 2 2 2 2 2 2 2 2 2 2 2 2
left_child=2 -2 5 -4 -3 9 14 8 -8 -1 11 12 -11 -10 16 -16 25 -18 26 20 21 22 -20 -21 -22 -7 -19 -27 -17 -30
right_child=1 4 3 -5 -6 6 7 -9 13 10 -12 -13 -14 -15 15 28 17 18 19 23 24 -23 -24 -25 -26 27 -28 -29 29 -31
leaf_value=-0.041469803134048487 0.051196261302616564 -0.014089602200109656 0.025192467544553628 -0.031658385766491312 0.036939754217564992 0.0017405408213082682 -0.053110992863034882 -0.051863786340550645 -0.033699676371089303 -0.0045096048475090668 -0.003476326191539507 0.17722226270268349 0.2066239198227133 0.03406396762354346 -0.0020020197170458128 0.032256632334285419 -0.077174656098947012 0.038942543160791349 -0.021254855728940449 0.045837778906793303 -0.17143590348175106 0.051579401399470252 0.066885597952423867 -0.05639542765160184 -0.0098437964614514831 0.064242203492502592 -0.031799048589239355 0.014049980042996797 -0.033131774733548912 0.019794384895699679
leaf_weight=3.6543126467149696 4.4056332753971201 4.3717436727602035 1.8031448089750473 8.7132569507812132 2.8617749059631024 286.58164802580723 2.0942300325259549 4.3258754101116201 1.5575597295537589 0.96872448339126893 175.17552097523003 0.42000042274594296 0.19390434678643942 4.5522916977060959 39.531040784902871 21.012712245952571 2.4190400168299666 9.4568430110521131 43.237127557338681 5.2609799695201209 0.87403810035902896 3.0073556891875333 1.5955250777769823 1.4003188360366037 0.65611709048971534 3.8957506567239788 1.9332066498463962 13.044544569740536 4.404503955505791 16.750061704718973
leaf_count=1969 1293 209 227 345 1774 4736 17 67 20 169 18341 5 10 100 249 5205 28 1886 2637 126 21 290 77 36 34 22 37 251 44 742
internal_value=0.000509327 0.0231691 0.000108821 -0.0219107 0.00609899 0.000466175 0.00203696 -0.0185957 -0.00105396 -0.00360497 -0.00282214 0.0695868 0.0307034 0.0167893 0.00260507 0.00959978 0.00107451 -0.00760551 -0.00510941 -0.0116235 -0.0164768 -0.0137367 -0.0181181 0.0243466 -0.102147 0.00307179 0.0269357 0.0255927 0.0204762 0.00877485
internal_weight=670.159 11.6392 658.52 10.5164 7.23352 648.003 467.591 12.53 8.20408 180.412 176.758 1.58263 1.16263 6.10985 455.061 81.6983 373.362 69.8406 67.4215 56.0315 49.3702 47.84 44.8327 6.6613 1.53016 303.522 11.39 16.9403 42.1673 21.1546
internal_count=40967 3276 37691 572 1983 37119 16625 204 137 20494 18525 184 179 120 16421 6240 10181 5172 5144 3221 3059 3004 2714 162 55 5009 1923 273 5991 786
is_linear=0
shrinkage=0.05


Tree=175
num_leaves=31
num_cat=0
split_feature=0 10 3 6 9 4 4 2 7 4 10 5 0 9 4 4 4 0 4 0 4 9 0 2 0 0 11 4 4 0
split_gain=2.39332 2.46341 1.54338 6.01637 5.16832 4.3245 2.41186 5.16609 2.0814 1.86598 1.86052 3.34531 4.47213 3.27624 3.00415 9.14251 6.15489 5.79527 4.00782 2.8843 3.17975 7.79478 3.98045 2.8561 2.66422 2.61412 4.68624 3.48469 4.95306 3.45936
threshold=16.500000000000004 1.0000000180025095e-35 1.0000000180025095e-35 1.0000000180025095e-35 1.0000000180025095e-35 3.5217843656153414 3.9484068639697156 1.5000000000000002 1.5000000000000002 4.167960672279321 1.0000000180025095e-35 4.5000000000000009 31.500000000000004 4.5000000000000009 4.0044597771116308 4.0273211391993682 3.975297397565547 28.500000000000004 3.9264220126588913 26.500000000000004 3.8936885934434464 2.5000000000000004 20.500000000000004 1.5000000000000002 30.500000000000004 35.500000000000007 1.0000000180025095e-35 3.7350938664410984 3.5375986596785869 30.500000000000004
decision_type=2 2 2 2 2 2 2 2 2 2 2 2 2 2 2 2 2 2 2 2 2 2 2 2 2 2 2 2 2 2
left_child=1 -1 3 4 -2 -6 -7 -8 -5 -9 11 12 13 14 16 24 18 -18 19 20 -4 22 -22 -14 -16 26 27 28 -13 -28
right_child=2 -3 10 8 5 6 7 9 -10 -11 -12 25 23 -15 15 -17 17 -19 -20 -21 21 -23 -24 -25 -26 -27 29 -29 -30 -31
leaf_value=-0.042109194715407819 0.052062466122244161 0.029894776051236329 -0.0021679431984342689 0.037029183728378372 0.03786553867629084 -0.043492016445691645 0.064921384709780622 -0.11715410103578508 -0.10264304830645671 -0.0046067314378764644 0.0075560478138525303 -0.057057675185684192 0.033893918137708881 0.026929995985974228 -0.055452654046217326 -0.0018501873872621565 0.051748337766861247 -0.010152019705976765 -0.01860711205645639 0.011456890465703371 -0.050312434563098224 -0.19236918231524106 0.0505861868473923 0.0076469066442706778 -0.16691323378082432 1.5559386080349217e-05 0.055861489446428353 -0.035856475516585939 0.028981298512788196 -0.021088617141360101
leaf_weight=5.5565263962489544 3.1143621120136258 1.5108414907008407 224.6149217702914 16.220055218698693 2.7904934585094443 9.5279425268527103 1.7406458467012265 0.7554205786436794 0.27119223383488034 0.71861371584236622 120.21331211275537 2.4125417415052679 16.461987050483003 11.480396827857474 6.5239388644695273 31.589356916258112 11.153196005849169 5.7205856665968886 27.125795277999714 58.085292386356741 1.121358876815062 0.38455717265606004 7.6174039943143725 27.982862588018179 0.58412963338196267 39.186102190084057 3.3436299541499457 23.46171144512482 5.4546919986605644 2.593388099456206
leaf_count=2865 106 25 13049 1677 18 79 39 12 17 29 8303 20 319 2510 334 1132 281 92 919 831 188 2 399 1842 9 4411 453 873 81 108
internal_value=0.00222615 -0.0267164 0.00253501 0.0127321 -0.00672426 -0.0185109 -0.0308567 0.0065929 0.0347323 -0.0622856 0.00196364 0.000637379 0.00234922 0.000619863 -0.000186636 -0.0133785 0.00133349 0.0307627 -0.000223446 0.00148537 -0.000992616 0.0279438 0.0376389 0.0173686 -0.0646123 -0.00900074 -0.0184816 -0.0262002 0.00259685 0.0222484
internal_weight=669.317 7.06737 662.25 35.1387 18.6475 15.5331 12.7426 3.21468 16.4912 1.47403 627.111 506.898 430.446 386.001 374.521 38.6974 335.823 16.8738 318.949 291.824 233.738 9.12332 8.73876 44.4448 7.10807 76.4521 37.266 31.3289 7.86723 5.93702
internal_count=41023 2890 38133 1977 283 177 159 80 1694 41 36156 27853 21907 19746 17236 1475 15761 373 15388 14469 13638 589 587 2161 343 5946 1535 974 101 561
is_linear=0
shrinkage=0.05


Tree=176
num_leaves=31
num_cat=0
split_feature=0 4 8 4 5 15 15 15 5 14 8 4 0 14 4 0 5 8 0 2 4 0 15 14 4 14 0 5 14 14
split_gain=2.21216 1.89107 2.17628 2.5873 3.26287 1.66018 4.493 3.97173 2.90001 2.34817 2.14946 2.1459 3.58184 2.2947 2.12273 11.5685 2.75737 2.05874 3.12303 2.01971 1.76069 3.10667 2.48812 4.27467 2.46108 2.33159 2.42904 4.40448 2.73015 1.94823
threshold=16.500000000000004 3.4996137735663466 2.5000000000000004 3.5068785693955209 3.5000000000000004 4.5115332428765269 2.9631255487269539 5.2830940988835726 3.5000000000000004 4.5000000000000009 5.5000000000000009 3.969059079770028 27.500000000000004 7.5000000000000009 4.038686742164626 40.500000000000007 8.5000000000000018 3.5000000000000004 28.500000000000004 1.5000000000000002 3.6402898623546771 24.500000000000004 15.67446255610678 7.5000000000000009 3.6978458230844127 4.5000000000000009 22.500000000000004 3.5000000000000004 6.5000000000000009 6.5000000000000009
decision_type=2 2 2 2 2 2 2 2 2 2 2 2 2 2 2 2 2 2 2 2 2 2 2 2 2 2 2 2 2 2
left_child=1 -1 3 -3 -5 6 -2 9 -8 19 20 -10 13 -13 15 -11 -16 18 -14 -7 25 22 -22 29 -23 -9 27 28 -27 -24
right_child=5 2 -4 4 -6 7 8 10 11 14 -12 12 17 -15 16 -17 -18 -19 -20 -21 21 24 23 -25 -26 26 -28 -29 -30 -31
leaf_value=-0.055746410009454288 0.0026903565280634329 0.20400861163923306 -0.043890016609626187 -0.050577152711479258 0.080102390414873742 0.04863670916457051 -0.01360765329509136 -0.045823788057850617 0.065908498397333454 -0.046709210008083105 -0.05695131431037033 0.034952535187078866 -0.1023384117698323 -0.081719856052693246 0.047544992380365511 -0.33666860284722033 -0.069755307126868407 0.17622158502296362 0.05802063288223086 -0.055027862253848474 -0.03207959593578745 -0.075576682396536365 0.013288733187417592 -0.041800249190075398 0.006753894188071036 -0.037439687877958178 -0.053915397081513064 0.14091757168776028 0.041264737672203809 0.085506415779724843
leaf_weight=3.0168583150953046 564.93780444568256 0.19672920950688499 1.7662951142992822 0.97294746921397723 0.93834384996443987 1.243498990777878 2.7361277914606026 1.1511715080123384 5.4520611821208131 3.6809711626265198 1.6558557747630391 0.68833561363862816 0.34420191473327655 1.0868770796805618 1.0052287980797703 0.37944709230214346 0.99878844595514227 0.30212480615591619 2.5751770942588337 0.75522241508588184 12.669112648349257 0.92702412058133532 2.8841891195625058 2.9258903125301003 43.550410466792528 1.4010449807392413 0.77874602435622353 0.92651598807424296 5.1599613925209269 1.3810683703050015
leaf_count=1518 25879 91 765 506 10 981 68 29 340 211 64 194 38 36 183 6 50 31 658 28 1269 8 111 38 7648 131 12 6 74 40
internal_value=0.00211846 -0.0260642 -0.00295113 0.0313513 0.0135797 0.00241201 0.00336375 -0.00417949 0.0322167 -0.0375336 -0.00061318 0.0442163 0.0205473 -0.0364803 -0.053024 -0.073806 -0.0109167 0.0519724 0.0391139 0.00946676 0.000651651 -0.00230397 -0.0187463 0.00474396 0.00503791 0.0208437 0.030128 0.038869 0.0244581 0.0366724
internal_weight=668.488 6.89117 3.87432 2.10802 1.91129 661.597 578.123 83.4741 13.1849 8.06316 75.411 10.4488 4.99672 1.77521 6.06444 4.06042 2.00402 3.2215 2.91938 1.99872 73.7551 64.3377 19.8603 7.19115 44.4774 9.41744 8.26627 7.48752 6.56101 4.26526
internal_count=41023 2890 1372 607 516 38133 27244 10889 1365 1459 9430 1297 957 230 450 217 233 727 696 1009 9366 9114 1458 189 7656 252 223 211 205 151
is_linear=0
shrinkage=0.05


Tree=177
num_leaves=31
num_cat=0
split_feature=4 14 4 14 9 14 2 14 4 9 7 9 4 4 4 4 9 4 10 5 9 4 4 4 8 6 4 14 9 9
split_gain=1.82816 4.01112 2.70926 2.48776 1.75799 3.44754 3.26882 1.57801 3.04694 1.47068 1.57699 2.28454 2.25685 9.03856 2.19708 1.94977 1.69471 1.63876 1.47413 3.07722 3.31862 3.07278 4.84519 3.34483 3.69239 3.29511 3.9558 2.61855 3.47672 4.74721
threshold=3.4718396893462793 4.5000000000000009 3.4549046278596376 5.5000000000000009 1.0000000180025095e-35 11.500000000000002 1.5000000000000002 2.5000000000000004 3.4549046278596376 36.500000000000007 1.0000000180025095e-35 2.5000000000000004 4.3077371437397316 4.3291589164378301 4.0535592632620254 4.2426119177170252 1.0000000180025095e-35 4.3976100813912016 1.0000000180025095e-35 4.5000000000000009 4.5000000000000009 3.5375986596785869 3.7224177946046209 3.8556271184800082 2.5000000000000004 1.5000000000000002 4.157882020054954 10.500000000000002 11.500000000000002 9.5000000000000018
decision_type=2 2 2 2 2 2 2 2 2 2 2 2 2 2 2 2 2 2 2 2 2 2 2 2 2 2 2 2 2 2
left_child=1 7 4 -4 5 6 -3 8 -1 10 17 12 -12 -14 -13 -16 -15 18 19 20 -2 -21 -23 -24 25 -25 -27 -26 29 -29
right_child=9 2 3 -5 -6 -7 -8 -9 -10 -11 11 14 13 16 15 -17 -18 -19 -20 21 -22 22 23 24 27 26 -28 28 -30 -31
leaf_value=-0.049965856708777318 0.0021576068578073597 -0.043472814222102876 0.062366273905822035 -0.059247941255178328 0.018751675954011879 0.094606169799012776 0.071414965202180256 -0.045184027678302215 0.1190275280577856 0.050495024607610177 0.067765162468662876 -0.095814412959504103 -0.50517614185465631 -0.10784846615336319 0.054007694351626424 -0.027187799504531786 0.032702632501657621 0.03179843368800718 0.0075343319171587309 -0.085772088937692018 0.027290021244621418 0.034778043703463261 -0.038560621197871715 0.023155470097008777 -0.0068204071799301399 0.0042121005632475552 -0.080518764456746897 -0.036679802285192291 -0.010075704449809 -0.1441255560909
leaf_weight=0.65865703520830965 414.71824811122497 4.4884585856925758 0.49656128091737572 2.7457849637139589 13.419474586495197 0.6487567857839166 0.71819927589967836 8.0903937107650545 0.44824281183537096 1.5987416772986751 1.4368725923122831 1.0507624745368946 0.089962548459879943 0.25573144201189268 0.82235365919768622 7.3264870260318276 1.3292429314169565 4.8439677131245835 121.64863236161182 1.2639323193579901 13.564585472457109 6.261166115757077 9.5594804416177777 14.375359050056433 18.663113672751937 5.0897761126980177 1.8886416575405744 3.472245679702608 5.2670157995889895 1.4603880884824318
leaf_count=264 19105 1439 13 292 115 25 7 1255 19 1513 89 6 21 3 21 692 525 3169 6723 14 2638 89 215 1168 1197 49 27 95 199 36
internal_value=0.00201549 -0.00970056 0.00166383 -0.0406229 0.00877713 -0.0140826 -0.0276254 -0.0375234 0.0184686 0.00259973 0.00247902 -0.0152414 0.021792 -0.0176469 -0.0277681 -0.0189938 0.0100251 0.00282973 0.00260238 0.00139176 0.0029536 -0.00854729 -0.00706923 -0.0114525 -0.00629202 0.00947073 -0.0187195 -0.0179539 -0.0383258 -0.0684909
internal_weight=667.701 31.7145 22.5172 3.24235 19.2749 5.85541 5.20666 9.19729 1.1069 635.987 634.388 12.3114 3.11181 1.67494 9.1996 8.14884 1.58497 622.077 617.233 495.584 428.283 67.3011 66.0372 59.776 50.2165 21.3538 6.97842 28.8628 10.1996 4.93263
internal_count=41023 3429 1891 305 1586 1471 1446 1538 283 37594 36081 1357 638 549 719 713 528 34724 31555 24832 21743 3089 3075 2986 2771 1244 76 1527 330 131
is_linear=0
shrinkage=0.05


Tree=178
num_leaves=31
num_cat=0
split_feature=0 10 15 15 15 5 4 4 14 14 4 4 5 4 10 14 2 0 4 15 14 14 5 5 15 5 2 0 4 5
split_gain=1.94185 2.13309 1.51809 4.14093 3.55974 2.7074 2.15774 7.44959 3.21552 2.06864 1.86773 8.13369 2.50784 1.8071 3.7141 2.61908 2.96109 2.42643 3.09127 2.2942 3.78954 2.22684 2.29202 1.97818 1.8885 1.82641 1.80469 1.72785 1.87115 2.02254
threshold=16.500000000000004 1.0000000180025095e-35 4.5115332428765269 2.9631255487269539 5.2830940988835726 3.5000000000000004 4.0889401542022119 4.1079885748647094 12.500000000000002 4.5000000000000009 4.038686742164626 3.9946803684089089 8.5000000000000018 3.6402898623546771 1.0000000180025095e-35 6.5000000000000009 1.5000000000000002 24.500000000000004 3.7502323533268509 15.67446255610678 7.5000000000000009 17.500000000000004 3.5000000000000004 3.5000000000000004 20.948987246811708 5.5000000000000009 1.5000000000000002 18.500000000000004 3.7852514151308969 3.5000000000000004
decision_type=2 2 2 2 2 2 2 2 2 2 2 2 2 2 2 2 2 2 2 2 2 2 2 2 2 2 2 2 2 2
left_child=1 -1 3 -2 9 -5 8 -8 -7 26 11 -11 -12 14 15 16 23 19 -19 -15 27 22 -20 -6 25 -23 -4 -21 -29 -30
right_child=2 -3 4 5 13 6 7 -9 -10 10 12 -13 -14 17 -16 -17 -18 18 21 20 -22 24 -24 -25 -26 -27 -28 28 29 -31
leaf_value=-0.040689241385138269 0.0024579558133335767 0.026445898452611829 0.048439479266421032 -0.013120445392032012 -0.037366893957751397 0.043295118732297626 -0.13393320657745014 0.050631472334704046 0.13415605154380225 -0.039456835111371574 0.046929627234724297 -0.23511581518372049 -0.066128642641939614 -0.031329264142521948 0.12756246010731362 0.031132724465228381 0.035255710659068393 -0.054782033762668714 0.030510044404539263 -0.030119972397074396 -0.04042535022773415 -0.061014321336450163 0.0023152236873128403 -0.15895666081915949 0.05634288639724018 0.051516140392266485 -0.050799643963288003 0.085950225645068143 -0.05429345258823242 0.055476984574285217
leaf_weight=5.0736902232747516 564.96181772102136 1.5430033858865497 1.1608455574605603 2.718720498494803 1.4463655883446302 5.8579995968029817 0.70958465803414617 2.3822517551889177 1.1678460547700522 3.439684814075008 0.96934238390531369 0.6281656865030526 0.99292542401235551 12.496395440597555 0.73661073762923557 5.535068478086032 1.1911394068738443 2.231057522003538 9.4476962867192906 0.85815383214503427 2.8836733116768301 2.7429314182372764 30.406746343971463 0.4351522319484501 0.52315932282363053 0.41515025973785658 0.75676831312011916 1.7337137470021846 0.68623786140233245 1.0801087760482915
leaf_count=2865 25879 25 981 68 138 574 30 674 19 202 183 15 50 1272 6 80 20 23 62 51 38 97 7237 9 141 154 28 22 32 48
internal_value=0.00191869 -0.0250334 0.00218865 0.00309599 -0.00414322 0.0311774 0.0430807 0.00827339 0.0583982 -0.0359591 -0.0503441 -0.0696709 -0.0102789 -0.00076491 0.0198049 0.0105835 -0.0264338 -0.00369921 0.00262049 -0.0183526 0.00403969 0.00556218 0.00899895 -0.0654878 -0.0316455 -0.0462215 0.00927569 0.0334606 0.0490495 0.0128304
internal_weight=667.212 6.61669 660.595 577.798 82.7971 12.8364 10.1177 3.09184 7.02585 7.94773 6.03012 4.06785 1.96227 74.8494 9.34434 8.60773 3.07266 65.505 45.7667 19.7383 7.24189 43.5357 39.8544 1.88152 3.68124 3.15808 1.91761 4.35821 3.50006 1.76635
internal_count=41023 2890 38133 27244 10889 1365 1297 704 593 1459 450 217 233 9430 253 247 167 9177 7714 1463 191 7691 7299 147 392 251 1009 153 102 80
is_linear=0
shrinkage=0.05


Tree=179
num_leaves=31
num_cat=0
split_feature=4 14 4 14 14 9 2 14 14 4 9 7 9 4 4 4 11 4 4 9 2 5 10 5 9 4 4 4 8 13
split_gain=1.61314 3.59866 2.52073 2.31487 1.73936 2.25912 2.61533 1.54036 1.44473 2.68316 1.40369 1.37841 2.02036 2.10473 11.1855 1.88587 1.82512 1.69804 1.55657 1.5529 1.34434 1.34053 1.33283 2.77426 3.09931 2.74743 4.41108 2.94077 3.28306 2.98312
threshold=3.4718396893462793 4.5000000000000009 3.4549046278596376 5.5000000000000009 14.500000000000002 1.0000000180025095e-35 1.5000000000000002 11.500000000000002 2.5000000000000004 3.4549046278596376 36.500000000000007 1.0000000180025095e-35 2.5000000000000004 4.3077371437397316 4.3153115322251034 4.0535592632620254 4.5000000000000009 4.7814094910137923 4.3976100813912016 1.0000000180025095e-35 1.5000000000000002 9.5000000000000018 1.0000000180025095e-35 4.5000000000000009 4.5000000000000009 3.5375986596785869 3.7224177946046209 3.8556271184800082 2.5000000000000004 1.0000000180025095e-35
decision_type=2 2 2 2 2 2 2 2 2 2 2 2 2 2 2 2 2 2 2 2 2 2 2 2 2 2 2 2 2 2
left_child=1 8 4 -4 5 6 7 -3 9 -1 11 18 13 -13 -15 -14 20 -18 22 -16 -17 -20 23 24 -2 -25 -27 -28 29 -29
right_child=10 2 3 -5 -6 -7 -8 -9 -10 -11 -12 12 15 14 19 16 17 -19 21 -21 -22 -23 -24 25 -26 26 27 28 -30 -31
leaf_value=-0.04966493261172613 0.001941070681302071 -0.042927110329893992 0.057487786705804858 -0.058875905216000418 0.14397788810304057 0.017572109751672817 0.07032974243853031 0.05320037473535856 -0.043495870804859463 0.10910642920957257 0.050470794990482196 0.066939371034744441 -0.089311411351004941 -0.61191163397118387 -0.10070603172870257 0.051362365587145048 -0.068979106511455113 0.050077240885629232 0.039733136182783277 0.032631222836069444 -0.013211594062783348 -0.053785241910871251 0.0070613544806106369 -0.080925658714948057 0.026546549021024185 0.033564475870793579 -0.036159880373305413 -0.001378799738908261 -0.01693989498559148 0.043204790938045662
leaf_weight=0.62467050901614285 414.65282249095617 4.3200196207035431 0.51008761557750348 2.6364514580927789 0.23322848603129287 13.516033627442082 0.69224462867714454 0.46123729040846217 7.8700957781402394 0.46357018407434225 1.513224948052083 1.3690581432310858 1.0442664511501778 0.07534816744737316 0.26001898571848858 0.97617291554342767 2.2169227566628256 0.3462690072483382 4.2575127964373669 1.363065076729981 4.6235406266641803 0.42109777152654704 121.41864418005571 1.274663777090608 13.205541024100965 6.1355584799312046 9.6950521145481598 16.174597235396508 29.184253239538521 4.8851790325716129
leaf_count=264 19105 1439 13 292 2 115 7 23 1255 19 1513 89 6 7 3 98 111 365 3032 539 139 137 6723 14 2638 89 215 1138 1527 106
internal_value=0.00182548 -0.00925061 0.00147357 -0.0400121 0.00826428 0.00659746 -0.0205029 -0.0336539 -0.0360293 0.0179687 0.00237183 0.00225696 -0.0143353 0.0208087 -0.0163759 -0.026044 -0.0179503 -0.0528954 0.00258476 0.0112705 -0.00195471 0.031316 0.00236676 0.00121571 0.0027005 -0.00821693 -0.00681429 -0.0109476 -0.00608264 0.00896313
internal_weight=666.42 31.3276 22.3693 3.14654 19.2228 18.9895 5.4735 4.78126 8.95834 1.08824 635.093 633.58 12.2747 3.06749 1.69843 9.20717 8.16291 2.56319 621.305 1.62308 5.59971 4.67861 616.626 495.208 427.858 67.3493 66.0746 59.9391 50.244 21.0598
internal_count=41023 3429 1891 305 1586 1584 1469 1462 1538 283 37594 36081 1357 638 549 719 713 476 34724 542 237 3169 31555 24832 21743 3089 3075 2986 2771 1244
is_linear=0
shrinkage=0.05


Tree=180
num_leaves=31
num_cat=0
split_feature=9 2 14 3 2 14 4 14 15 0 4 0 15 15 15 15 4 14 14 4 4 0 4 14 4 4 4 4 4 0
split_gain=1.41014 3.6085 6.4032 4.07377 3.24986 3.24876 2.94633 5.9907 4.52922 3.77038 2.74016 4.24076 2.72523 2.48619 2.38668 2.27049 2.23828 2.22555 2.36953 7.2604 3.75571 3.73455 4.22974 2.65759 5.94673 5.72126 4.10706 2.74721 5.57371 2.62525
threshold=1.0000000180025095e-35 1.5000000000000002 5.5000000000000009 1.0000000180025095e-35 1.5000000000000002 6.5000000000000009 3.788832339775448 18.500000000000004 14.218667950288816 17.500000000000004 3.6306988403295679 24.500000000000004 12.058579144162861 10.681686167123063 4.0956108470785582 3.4785238959467635 3.6226966422445046 27.500000000000004 12.500000000000002 4.182171324392594 4.0734024171295715 26.500000000000004 4.1062197917419176 11.500000000000002 3.916126946588284 3.9362700366441872 3.8797789142116303 4.0558167694895912 4.0484281352293268 24.500000000000004
decision_type=2 2 2 2 2 2 2 2 2 2 2 2 2 2 2 2 2 2 2 2 2 2 2 2 2 2 2 2 2 2
left_child=1 3 -3 -1 -2 -4 7 8 9 -5 -7 -12 13 14 15 17 -11 18 19 23 -20 -22 -23 26 -25 -26 29 28 -27 -8
right_child=4 2 5 6 -6 10 12 -9 -10 16 11 -13 -14 -15 -16 -17 -18 -19 20 -21 21 22 -24 24 25 27 -28 -29 -30 -31
leaf_value=0.052228198885728619 0.0064653021329336832 -0.0099496797879128178 0.060267680854893348 0.004661600406157514 -0.0017308915272340715 0.14315102333837357 0.017733095813285558 0.084737567364711788 0.023288729388944038 -0.014394051330690872 -0.04280883237195339 0.026998902564157809 -0.040084810191562445 0.031227910629338856 -0.050636455969343158 0.088693300591131397 -0.038464046695395541 0.074338819208043402 -0.018878148911988663 0.23655219048343207 0.11777703652410645 0.06037031935219031 -0.025613425458542113 -0.026469455848164652 0.29492436629007357 0.052781311512580698 -0.018760723829089748 -0.050900026412569216 0.28514850177886297 0.13482718374567804
leaf_weight=2.8681001539807758 230.62323711498175 19.6920758318156 6.2014189822948564 9.6335854160715808 254.30470715575211 0.41572327422909339 8.8089476195164096 1.4282519752159704 5.7242665080120778 14.902174786198882 2.730484328698366 10.705477594194234 4.3619249151088288 6.0766654419712713 2.4464547827374181 0.70829078834503789 27.447348054964095 0.9580376148223867 29.006079162936658 0.34415363240986963 0.88969850167632003 2.3488415405154228 3.6573507767170668 2.0811830740422002 0.28943169675767455 1.9325405387207872 13.980236774077637 0.45580649562180031 0.2978418581187724 0.50618080236017782
leaf_count=102 6005 1633 158 4289 14380 6 1405 21 182 3248 36 1003 153 52 362 27 4264 7 1289 9 62 46 124 233 26 161 1584 40 26 7
internal_value=0.000761678 -0.00300572 0.0103025 -0.00675296 0.00216707 0.03019 -0.00797626 -0.0164198 -0.0189234 -0.0235717 0.0167242 0.0128124 -0.0016678 0.000572833 -0.00213824 -0.00034771 -0.0299942 -0.00130974 -0.00243166 0.0082795 -0.010993 0.0221739 0.00801224 0.0055086 0.0383648 0.0837106 -0.00162361 0.0609528 0.0838113 0.0240959
internal_weight=665.827 180.899 39.7452 141.153 484.928 20.0531 138.285 59.1356 57.7074 51.9831 13.8517 13.436 79.1497 74.7877 68.7111 66.2646 42.3495 65.5563 64.5983 28.6963 35.902 6.89589 6.00619 28.3522 5.0568 2.97562 23.2954 2.68619 2.23038 9.31513
internal_count=40940 20555 2836 17719 20385 1203 17617 12004 11983 11801 1045 1039 5613 5460 5408 5046 7512 5019 5012 3491 1521 232 170 3482 486 253 2996 227 187 1412
is_linear=0
shrinkage=0.05


Tree=181
num_leaves=31
num_cat=0
split_feature=8 9 9 0 0 15 3 9 0 14 4 11 4 4 14 14 4 15 15 4 0 4 0 14 3 14 15 8 9 11
split_gain=1.40965 1.25749 1.2346 4.51215 3.44316 4.2807 3.71707 3.52263 3.32406 6.12385 3.47845 4.5354 3.28971 2.90303 4.25457 4.95984 2.84688 2.60718 6.71395 3.22532 2.51209 2.5696 2.32139 3.46465 3.0932 2.51294 5.68206 4.29391 5.61406 2.96608
threshold=8.5000000000000018 36.500000000000007 5.5000000000000009 27.500000000000004 34.500000000000007 2.9631255487269539 1.0000000180025095e-35 6.5000000000000009 26.500000000000004 15.500000000000002 3.9525612543885855 1.0000000180025095e-35 4.0889401542022119 3.8036941975951835 3.5000000000000004 6.5000000000000009 3.943465189601647 10.741758241758243 10.681686167123063 3.8036941975951835 33.500000000000007 3.6897977004747777 34.500000000000007 6.5000000000000009 1.0000000180025095e-35 8.5000000000000018 6.8337484433374849 2.5000000000000004 2.5000000000000004 1.0000000180025095e-35
decision_type=2 2 2 2 2 2 2 2 2 2 2 2 2 2 2 2 2 2 2 2 2 2 2 2 2 2 2 2 2 2
left_child=1 2 8 13 5 6 -5 -8 -1 17 11 16 20 14 -4 -16 -11 18 19 -10 21 -9 24 -24 -21 27 29 -26 -29 -27
right_child=-2 -3 3 4 -6 -7 7 12 9 10 -12 -13 -14 -15 15 -17 -18 -19 -20 22 -22 -23 23 -25 25 26 -28 28 -30 -31
leaf_value=-0.0016029301027152101 -0.06762030938978969 0.050392129077421022 0.050777679821917367 -0.12490874815974606 -0.002018267074342136 0.034674733289881791 -0.071656278273010868 -0.071887719719393048 0.026607488987235441 2.7685950980733275e-06 -0.012768156316505897 0.089711061600710365 -0.082731256033773973 0.043479009326726062 -0.10348644482944983 0.055515305351429858 0.055130001538332953 0.038705370026365295 -0.10407806160353782 0.054876728121921986 -0.053252995884419889 0.0095658732644373148 0.0045304395944777542 0.052426783921475255 -0.0022711003219213224 -0.0010737916934518276 -0.064303975694823587 0.047620408208179643 -0.10961433553906452 0.058938899872357703
leaf_weight=349.5000698750373 0.75372525420971115 1.2756466960854584 1.669128796900621 1.0621699639596105 44.095385448687011 2.5692172985873176 3.8185820747166899 1.0769407609477628 29.123914845637046 37.145602255826816 50.616150703484891 1.5857900474220503 1.7301107549574215 7.1008416585391387 1.5811203308403494 0.71101599559187878 2.4995331820100537 8.9383198305149545 1.2595793619402673 2.9641466725151977 2.625171970576047 9.5930241118185204 8.5192863615520746 6.78091753902845 14.042378649581224 54.508866923861206 3.5169149008579543 10.620727584115228 0.59975991048850197 2.1397306791041037
leaf_count=19974 26 1482 366 14 4915 243 38 13 467 520 1288 12 76 3821 70 16 29 2027 17 152 48 190 1657 1354 254 687 30 1068 30 56
internal_value=0.000719293 0.000796952 0.000701384 -0.00522273 -0.0101365 -0.0260642 -0.0339036 -0.0287739 0.00148841 0.00608865 -0.00398608 0.00679502 -0.0178756 0.024348 -0.00994575 -0.0541644 0.00347841 0.0125589 0.0108158 0.0119054 -0.00943589 0.0013446 0.00777606 0.0257577 0.00466355 0.00292128 -0.00263555 0.0161553 0.0392159 0.00119301
internal_weight=664.024 663.27 661.994 77.6327 66.5706 22.4752 19.906 18.8438 584.362 234.862 91.8471 41.2309 15.0252 11.0621 3.96127 2.29214 39.6451 143.015 134.076 132.817 13.2951 10.67 103.693 15.3002 88.3925 85.4284 60.1655 25.2629 11.2205 56.6486
internal_count=40940 40914 39432 9810 5537 622 379 365 29622 9648 1849 561 327 4273 452 86 549 7799 5772 5755 251 203 5288 3011 2277 2125 773 1352 1098 743
is_linear=0
shrinkage=0.05


Tree=182
num_leaves=31
num_cat=0
split_feature=8 9 8 2 2 14 3 14 8 14 5 0 9 15 9 14 14 0 14 10 3 9 3 6 5 0 14 0 5 14
split_gain=1.3076 1.22635 3.20458 3.46872 3.18079 5.92144 3.81793 3.19174 2.51964 2.46279 2.43839 2.96005 2.43108 2.79591 3.56788 2.29733 2.85667 2.28387 3.19517 2.09908 3.44512 3.28471 3.09131 2.77428 3.403 3.46556 2.59769 2.80081 4.00161 6.62727
threshold=8.5000000000000018 1.0000000180025095e-35 5.5000000000000009 1.5000000000000002 1.5000000000000002 5.5000000000000009 1.0000000180025095e-35 6.5000000000000009 5.5000000000000009 4.5000000000000009 3.5000000000000004 22.500000000000004 3.5000000000000004 18.075692600912127 7.5000000000000009 5.5000000000000009 18.500000000000004 31.500000000000004 11.500000000000002 1.0000000180025095e-35 1.0000000180025095e-35 10.500000000000002 1.0000000180025095e-35 1.0000000180025095e-35 5.5000000000000009 26.500000000000004 13.500000000000002 25.500000000000004 4.5000000000000009 8.5000000000000018
decision_type=2 2 2 2 2 2 2 2 2 2 2 2 2 2 2 2 2 2 2 2 2 2 2 2 2 2 2 2 2 2
left_child=1 4 3 9 6 -6 -1 -7 -8 12 11 -10 -3 -14 -15 -4 -17 18 -9 20 21 -5 23 -21 25 -25 27 -22 29 -29
right_child=-2 2 15 19 5 7 8 17 10 -11 -12 -13 13 14 -16 16 -18 -19 -20 22 26 -23 -24 24 -26 -27 -28 28 -30 -31
leaf_value=0.052123347405265898 -0.066006622542357549 -0.013095341919953372 -0.1362245647764366 0.033285053068705987 -0.0096282170137871412 0.05990471612953481 -0.0090612762083731712 0.014536098661086495 -0.050711623633625524 0.0058422053883774167 -0.03675094166396576 0.052556215402799714 0.053877961634054929 -0.27355960154975284 0.050433524091990103 -0.0067714466936997387 -0.13355451271914451 0.052221065768516033 -0.071879387928885055 -0.15882628121793851 -0.011070066034754458 -0.03110799417556865 0.014056099305204607 -0.19976387167945545 0.054515410184142438 -0.010392943638152293 -0.019870813262425169 0.028682445028942696 -0.007967557503595726 -0.0046809643225946664
leaf_weight=2.7392129793297491 0.73405201570130785 2.2452268693596107 0.56817239063093383 10.733262693625873 19.532292651128955 5.9346534551004906 129.49490511853946 9.0647180717205611 0.81577398558147152 218.12478420211119 1.4038704447448251 4.6454904032871127 6.6612142091034912 0.15174182219197963 0.1931115044571925 2.7430507026729178 0.53017457487294439 3.2867773829784701 1.2127857384039078 0.43906404753215555 65.856411282788031 2.4285257895826353 31.650282021524617 0.38255294412374474 0.85537833391572338 0.65567350122728385 25.645565945800627 27.757070708787069 54.145501619001152 32.095292490790598
leaf_count=102 26 52 19 205 1633 158 17432 200 72 2651 12 78 3188 7 54 115 18 834 11 5 1420 170 4940 4 512 66 369 1794 4014 779
internal_value=0.00068986 0.000763817 0.00206956 0.00243357 -0.00278303 0.00983015 -0.00632229 0.0293218 -0.00749635 0.00691387 0.0220224 0.0371306 0.0321814 0.0466912 -0.0921294 -0.0434167 -0.0273069 0.0159412 0.00433873 -0.00159863 -0.00339532 0.0214037 0.00996209 -0.0455865 -0.01933 -0.08017 -0.00498364 -0.00286086 0.00188158 0.0107916
internal_weight=662.727 661.993 483.862 480.021 178.13 39.0312 139.099 19.4989 136.36 227.376 6.86513 5.46126 9.25129 7.00607 0.344853 3.8414 3.27323 13.5643 10.2775 252.645 218.662 13.1618 33.983 2.33267 1.8936 1.03823 205.5 179.854 113.998 59.8524
internal_count=40940 40914 20382 20230 20532 2836 17696 1203 17594 5952 162 150 3301 3249 61 152 133 1045 211 14278 8751 375 5527 587 582 70 8376 8007 6587 2573
is_linear=0
shrinkage=0.05


Tree=183
num_leaves=31
num_cat=0
split_feature=9 8 14 9 0 0 14 4 15 14 4 14 14 0 15 0 4 4 4 4 0 4 4 15 15 15 4 9 15 0
split_gain=1.2619 1.48202 1.46839 1.35459 4.19431 2.90365 5.37017 3.13589 4.06793 2.86053 4.46727 6.11117 4.89437 2.57619 3.77569 2.92434 5.32963 5.9942 2.8923 6.28984 2.67763 2.62271 2.53561 2.47355 2.45043 6.13018 2.87898 2.4272 2.34037 2.1858
threshold=25.500000000000004 8.5000000000000018 3.5000000000000004 5.5000000000000009 27.500000000000004 26.500000000000004 15.500000000000002 3.9525612543885855 2.7118955690384263 3.5000000000000004 3.882046967961911 6.5000000000000009 5.5000000000000009 34.500000000000007 2.9631255487269539 29.500000000000004 3.958462069116361 3.9861879650463048 3.8843921912357744 3.9946803684089089 33.500000000000007 4.137689256062056 3.943465189601647 17.365401458995873 10.741758241758243 10.681686167123063 3.8036941975951835 9.5000000000000018 37.573529411764717 34.500000000000007
decision_type=2 2 2 2 2 2 2 2 2 2 2 2 2 2 2 2 2 2 2 2 2 2 2 2 2 2 2 2 2 2
left_child=1 3 -2 5 9 -1 24 8 22 -5 11 12 23 14 15 18 20 -18 -6 -20 -17 -19 -8 27 25 26 -7 -11 -26 -28
right_child=2 -3 -4 4 13 6 7 -9 -10 10 -12 -13 -14 -15 -16 16 17 21 19 -21 -22 -23 -24 -25 28 -27 29 -29 -30 -31
leaf_value=-0.0015219582702753671 -0.033701456052807215 -0.074461375968840324 0.040300860106621816 0.050309305440807764 -0.10495964588553031 0.025115163902555051 3.7690482128060138e-05 -0.012107218628452888 0.084773641256670418 0.051855096756003666 0.050348043132719393 0.054687378357698893 -0.18609486061616476 -0.0031404807747656216 0.033996497544011677 0.02679287759078668 -0.1209033115744222 -0.0058479225817907989 0.057968623277341105 -0.10679195277828879 -0.042038861899603534 -0.085687509849099619 0.051874755613544613 -0.1872052079807579 0.042490835943571413 -0.099170845400571944 0.004232238178823418 -0.11852476559020782 -0.099896777753074484 0.024958682815170222
leaf_weight=348.12111669610022 0.81789562202175048 0.65905969962477584 3.7155208937474526 5.0991352642886323 2.3545642588287654 28.907479496789165 37.012793104397133 50.371672617358854 1.5955374157056201 0.73236216639634288 2.3590558971627615 1.09528186568059 0.82139209983870376 41.040060611878289 2.4917597980238488 5.6280989982187739 2.1321933902800065 4.6968730916269124 1.1327874818816783 1.1854461077600715 1.8865003595128653 1.3170509824994949 2.5196668161079279 0.20456007262691844 8.3607381924230104 1.2706759611610312 87.473985258140601 0.29252080991864204 0.29890601657098237 14.88495685069938
leaf_count=19974 100 25 1998 2704 33 467 520 1288 12 102 1395 30 20 4300 243 100 24 100 22 21 27 52 29 5 1952 17 2277 17 75 3011
internal_value=0.000660715 0.000479025 0.0269497 0.000554396 -0.00579435 0.0013684 0.00569247 -0.00374317 0.00650072 0.0233264 -0.00166641 -0.0406685 -0.0915948 -0.0106296 -0.0240951 -0.0312139 -0.0208563 -0.0488713 -0.0659271 -0.0262829 0.00951303 -0.0233328 0.00334161 -0.0284592 0.011807 0.0101234 0.0111813 0.00322549 0.037576 0.00724626
internal_weight=660.48 655.946 4.53342 655.287 74.4696 580.818 232.696 91.4997 41.128 10.6043 5.50517 3.14612 2.05084 63.8653 22.8253 20.3335 15.6607 8.14612 4.6728 2.31823 7.5146 6.01392 39.5325 1.22944 141.197 132.537 131.266 1.02488 8.65964 102.359
internal_count=40940 38842 2098 38817 9195 29622 9648 1849 561 4273 1569 174 144 4922 622 379 303 176 76 43 127 152 549 124 7799 5772 5755 119 2027 5288
is_linear=0
shrinkage=0.05


Tree=184
num_leaves=31
num_cat=0
split_feature=9 14 9 0 0 0 7 14 4 9 4 4 0 9 4 5 9 0 13 14 9 9 9 4 13 9 4 4 4 9
split_gain=1.17502 1.37042 1.23806 2.9445 2.60311 2.33018 3.0461 3.15384 2.94923 2.26733 2.16788 3.02376 3.5073 2.71311 3.66774 3.5458 2.03268 5.90853 2.41274 2.00199 2.00051 1.89399 1.97407 1.86553 1.95365 1.85381 1.53528 3.98698 1.54718 1.6851
threshold=25.500000000000004 3.5000000000000004 15.500000000000002 50.500000000000007 40.500000000000007 36.500000000000007 1.0000000180025095e-35 14.500000000000002 3.8731406795131327 16.500000000000004 3.9760219219180022 4.0323172913475043 42.500000000000007 18.500000000000004 4.1867336549731773 7.5000000000000009 12.500000000000002 33.500000000000007 1.0000000180025095e-35 23.500000000000004 19.500000000000004 2.5000000000000004 1.0000000180025095e-35 3.9484068639697156 1.0000000180025095e-35 19.500000000000004 4.2618497547558549 4.2803677798819155 4.172644555684915 3.5000000000000004
decision_type=2 2 2 2 2 2 2 2 2 2 2 2 2 2 2 2 2 2 2 2 2 2 2 2 2 2 2 2 2 2
left_child=2 -2 5 4 -4 16 7 -7 -9 -5 -6 20 -13 14 -14 25 19 18 -18 -1 -12 22 -8 -10 26 -15 28 -28 29 -25
right_child=1 -3 3 9 10 6 21 8 23 -11 11 12 13 15 -16 -17 17 -19 -20 -21 -22 -23 -24 24 -26 -27 27 -29 -30 -31
leaf_value=0.00032593990434578914 -0.031676050516078705 0.039752035685844213 0.009297657588742677 -0.05480779065078531 0.024841200612089335 0.032844831391467835 -0.097320923617662924 0.064672073754206152 -0.037859495313880227 0.051410402101423995 -0.052987804924336551 0.052164502457725304 -0.17258055727161659 -0.067734503587972103 -0.037450502571288347 -0.079903759494754478 0.053798787720965496 -0.1039411506040766 -0.10624407525995146 -0.063373143474694041 -0.15493270825579783 -0.028494808013100587 0.052327946024303157 0.0082752904479457406 0.052442772402808202 0.051347958665319986 -0.2638409659203485 -0.019333699111341748 0.055777782285594685 -0.042692778952173265
leaf_weight=586.71247552969726 0.82645578199298952 3.5818847990158247 4.3843454972375211 0.62487026496091802 1.2292451909743238 17.873042997031007 0.25867893313988854 1.832959529710936 3.0078811133280423 2.5636006696440745 1.0182832274585942 1.084628083364805 0.82906472077593241 0.41703086765483055 1.2734733847901223 1.3573788093053734 1.4268679206725203 1.7170286306645719 0.28204150823876251 1.2360906321555365 0.91242860397323955 6.4813201280194335 1.4881286205491049 8.656747394124972 1.9152001315960667 1.5108531542646231 0.18536586378468278 1.6579162320122121 1.3376225334941398 1.9955246346071351
leaf_count=29825 100 1998 312 46 51 5237 3 25 40 783 24 193 10 28 44 50 122 37 5 13 27 452 617 124 107 204 15 300 65 83
internal_value=0.000633465 0.026361 0.000460383 -0.0127749 -0.0226403 0.000817268 0.0115708 0.0174777 0.00413781 0.030594 -0.0371774 -0.0462497 -0.0298684 -0.0463827 -0.0907345 -0.0179979 -3.17453e-05 -0.0384337 0.027385 0.00019202 -0.101166 -0.0160411 0.0301669 -0.00177791 0.00511353 0.0255886 -0.00143919 -0.0439221 0.00509197 -0.00127272
internal_weight=659.678 4.40834 655.27 17.2052 14.0167 638.065 46.6904 38.4623 20.5892 3.18847 9.63239 8.40314 6.47243 5.3878 2.10254 3.28526 591.375 3.42594 1.70891 587.949 1.93071 8.22813 1.74681 18.7563 15.7484 1.92788 13.8332 1.84328 11.9899 10.6523
internal_count=40940 2098 38842 1772 943 37070 7068 5996 759 829 631 580 529 336 54 282 30002 164 127 29838 51 1072 620 734 694 232 587 315 272 207
is_linear=0
shrinkage=0.05


Tree=185
num_leaves=31
num_cat=0
split_feature=14 0 6 0 9 14 13 8 5 14 14 6 6 14 3 0 9 15 0 9 14 15 0 14 0 5 9 9 15 9
split_gain=2.70836 3.91266 2.75498 2.29337 2.4145 3.77965 4.11984 2.11568 3.08224 3.03019 2.66084 2.55329 2.14554 4.2417 3.3327 4.9925 2.57872 2.17498 2.22861 4.11561 6.56465 5.26852 2.74993 2.84947 6.52114 2.73423 2.78852 2.4837 2.27781 2.11089
threshold=7.5000000000000009 21.500000000000004 1.5000000000000002 42.500000000000007 18.500000000000004 5.5000000000000009 1.0000000180025095e-35 5.5000000000000009 3.5000000000000004 11.500000000000002 18.500000000000004 1.5000000000000002 1.0000000180025095e-35 8.5000000000000018 1.0000000180025095e-35 26.500000000000004 22.500000000000004 19.252572824001401 31.500000000000004 1.5000000000000002 14.500000000000002 9.0109422727448507 36.500000000000007 14.500000000000002 42.500000000000007 7.5000000000000009 16.500000000000004 3.5000000000000004 1.9803921568627452 14.500000000000002
decision_type=2 2 2 2 2 2 2 2 2 2 2 2 2 2 2 2 2 2 2 2 2 2 2 2 2 2 2 2 2 2
left_child=2 -2 3 4 -1 -6 -7 11 9 -9 -10 12 -3 -14 15 -15 -17 18 27 20 21 -20 -21 25 -25 26 -24 -16 -27 -26
right_child=1 7 -4 -5 5 6 -8 8 10 -11 -12 -13 13 14 17 16 -18 -19 19 22 -22 -23 23 24 29 28 -28 -29 -30 -31
leaf_value=0.0055509690674211765 -0.016021916648854214 0.0014206338424074861 -0.018176484274510896 0.034588558224857742 0.051877195780213638 -0.012276795103615415 -0.20691291470563705 0.013647651212594767 0.016876235363445912 0.086838539929430414 -0.088460595877171477 0.056157760996626699 0.016223672923559248 -0.12555593829958978 -0.024784323097014099 0.047965763588736755 -0.10425447292058945 0.05085376722455795 0.058772549489102703 -0.054716318776523332 -0.010205428870203211 -0.039848453014071375 0.046306547440196959 -0.14316859852463035 0.053345419333311196 0.010652241509891455 -0.038357250453984679 0.017869364486642066 -0.069245723404742485 -0.038157383741828532
leaf_weight=211.3882217600476 44.636995434993878 247.71764648755197 12.456066639308117 6.7958764126087763 0.54590499517507751 0.54506395119824425 0.54245287925004959 3.3210712466388923 1.685430997546064 2.4628748041577637 0.93049057613825414 1.9481223183393002 17.227763104921905 0.49894361989572544 43.443370538298041 5.1336916198779363 0.29417059471597884 1.322578239836729 7.4207824711920711 5.4144784201635074 20.747004528355319 1.656519555050181 4.0643465863540751 1.2292415816336864 1.0011103479191663 1.7334632637212055 1.2784971772634888 3.7039036955684415 1.8377601762185802 1.7015652023255823
leaf_count=18704 4199 7262 1044 3984 64 142 5 70 63 18 22 235 573 9 309 722 64 674 802 106 225 190 810 20 46 127 81 76 175 93
internal_value=0.00036213 -0.0020226 0.00469898 0.00599523 0.00508304 -0.0554738 -0.109361 -0.000368469 0.0244443 0.0448132 -0.0205924 -0.000932731 -0.00123543 -0.00673169 -0.0105906 0.0258027 0.039716 -0.0128246 -0.0137089 -0.00613502 0.00531099 0.0407752 -0.0248295 -0.0122324 -0.0476896 0.00340747 0.0260472 -0.0214334 -0.0304634 -0.00426341
internal_weight=654.685 422.412 232.274 219.818 213.022 1.63342 1.08752 377.775 8.39987 5.78395 2.61592 369.375 367.427 119.709 102.481 5.92681 5.42786 96.5546 95.232 48.0848 29.8243 9.0773 18.2605 12.846 3.93192 8.91407 5.34284 47.1473 3.57122 2.70268
internal_count=40914 16971 23943 22899 18915 211 147 12772 173 88 85 12599 12364 5102 4529 795 786 3734 3060 2675 1217 992 1458 1352 159 1193 891 385 302 139
is_linear=0
shrinkage=0.05


Tree=186
num_leaves=31
num_cat=0
split_feature=14 0 4 6 4 0 0 4 4 4 0 0 4 4 11 0 4 10 4 14 4 14 8 4 4 11 11 0 9 3
split_gain=2.44493 3.57569 3.98459 2.48447 3.02835 3.5472 4.9487 2.83535 2.3045 5.41331 5.79542 5.47844 3.58155 2.21332 2.14498 2.96856 2.97478 2.16607 3.33397 2.90237 3.37775 7.05258 3.30621 3.84997 3.06755 3.24493 2.8721 2.74884 4.38377 3.40167
threshold=7.5000000000000009 21.500000000000004 3.2609360772808702 1.5000000000000002 3.6424896731661272 23.500000000000004 22.500000000000004 3.647091011626145 3.6424896731661272 3.5944740717404366 20.500000000000004 19.500000000000004 3.882046967961911 4.2846983172058195 3.5000000000000004 21.500000000000004 3.5071353490160768 1.0000000180025095e-35 3.6163485660751649 4.5000000000000009 3.0974752156239549 3.5000000000000004 3.5000000000000004 3.5217843656153414 3.6143694458867568 1.0000000180025095e-35 1.0000000180025095e-35 16.500000000000004 1.0000000180025095e-35 1.0000000180025095e-35
decision_type=2 2 2 2 2 2 2 2 2 2 2 2 2 2 2 2 2 2 2 2 2 2 2 2 2 2 2 2 2 2
left_child=3 2 -2 4 5 6 14 -6 9 -4 11 -11 -10 -5 15 17 -17 18 19 20 21 -1 23 -22 27 -26 -19 -21 29 -29
right_child=1 -3 8 13 7 -7 -8 -9 12 10 -12 -13 -14 -15 -16 16 -18 26 -20 24 22 -23 -24 -25 25 -27 -28 28 -30 -31
leaf_value=-0.051213635715470489 0.20364749629117429 -0.00034525051518889422 -0.017865181041806063 -0.023781092640197007 0.076202454099422223 0.030433356904435094 -0.052909278608434709 0.0088790399296434942 -0.034078879952572499 -0.034117974586738528 0.023233601951879027 0.28190233117985852 0.0063191410468609599 0.050466978981808366 -0.10430877610431646 0.083238461779294726 0.010084683829474306 0.0081421383272403374 -0.050230166521520063 0.10371182976393795 -0.059377014760087436 0.51727675987807076 0.062444805158302787 0.00013757551548196535 0.056949742960256317 0.34414374822596688 0.11468013944834628 -0.26463548668978176 0.013099291041082546 -0.029535833025825943
leaf_weight=0.1437895210692649 0.20667955209500988 377.03931380124413 10.526308001601135 11.380082828400189 1.5802356218919147 7.0159838125109664 5.376291600521653 151.48165921105829 22.6164284569677 0.19542349688708727 2.9431934128515422 0.4598382618278265 7.2436480885371557 1.1008170222921752 0.51365164038725097 1.7900445908308009 6.2136962614022195 3.5474221624899647 4.5956600132049052 0.64861866814317792 6.8172531265881808 0.087910370959434658 0.92930705973412919 4.5184519328176975 0.46636529872193833 0.12464068131521344 0.76989573473110784 0.15763800218702329 16.50623657181859 6.4210384108591754
leaf_count=80 26 12772 975 204 37 122 58 16199 2224 46 92 81 755 840 26 18 80 107 866 375 1990 18 86 299 90 3 6 4 159 2276
internal_value=0.000348359 -0.00192237 -0.0153783 0.0044679 0.00570064 -0.00319558 -0.00715246 0.0095741 -0.0164075 0.000232826 0.0531737 0.187653 -0.0242789 -0.0172324 -0.00261799 -0.00164599 0.0264456 -0.00656217 -0.0100754 -0.00506366 -0.0246486 0.16448 -0.0282214 -0.0356543 0.00499807 0.117518 0.0271408 0.00219614 -0.000656157 -0.0351693
internal_weight=653.418 421.231 44.1915 232.187 219.706 66.6439 59.6279 153.062 43.9848 14.1248 3.59846 0.655262 29.8601 12.4809 54.2516 53.738 8.00374 45.7342 41.4169 36.8212 12.4967 0.2317 12.265 11.3357 24.3245 0.591006 4.31732 23.7335 23.0849 6.57868
internal_count=40914 16971 4199 23943 22899 6663 6541 16236 4173 1194 219 127 2979 1044 6483 6457 98 6359 6246 5380 2473 98 2375 2289 2907 93 113 2814 2439 2280
is_linear=0
shrinkage=0.05


Tree=187
num_leaves=31
num_cat=0
split_feature=14 4 4 9 14 9 14 8 4 4 6 4 4 8 4 14 15 4 4 4 4 6 4 4 4 14 15 14 4 10
split_gain=2.20802 2.88581 2.78621 4.44805 4.0103 4.165 4.62148 3.50558 3.10173 2.97745 2.24609 2.74718 2.52739 2.20398 3.8372 3.37339 2.06516 2.04609 2.03358 5.19817 2.03258 1.91263 3.38108 4.92884 3.90432 3.88539 3.32707 3.1388 3.04635 4.3038
threshold=7.5000000000000009 3.8455070432369087 3.6819433087818081 1.5000000000000002 22.500000000000004 1.0000000180025095e-35 13.500000000000002 5.5000000000000009 3.6897977004747777 3.788832339775448 1.5000000000000002 3.6424896731661272 3.647091011626145 3.5000000000000004 3.9394709940012875 8.5000000000000018 13.62291554599247 4.2846983172058195 3.7409676809694572 3.7622890633926835 4.167960672279321 1.0000000180025095e-35 3.9484068639697156 3.9861879650463048 4.0575256179842079 15.500000000000002 1.9803921568627452 12.500000000000002 4.023139138167485 1.0000000180025095e-35
decision_type=2 2 2 2 2 2 2 2 2 2 2 2 2 2 2 2 2 2 2 2 2 2 2 2 2 2 2 2 2 2
left_child=10 2 3 7 5 6 -4 16 -7 -10 11 -1 -13 21 -15 -16 -2 20 -8 -20 -12 -3 26 -24 25 27 -23 28 29 -25
right_child=1 13 4 -5 -6 8 18 -9 9 -11 17 12 -14 14 15 -17 -18 -19 19 -21 -22 22 23 24 -26 -27 -28 -29 -30 -31
leaf_value=-0.0030772211745469218 -0.0062213607406053258 0.0037000921123055788 -0.040560071654499846 0.05221432618975369 0.10677259005713147 -0.056147055043141374 -0.048775612160805386 0.12575778914944577 0.0031675925049976686 -0.017008836103777843 -0.012825460372772882 0.071726771259281327 0.0084464695352845006 0.046607037992485188 -0.077278447526533456 0.009546011009181914 0.026105592764360249 0.050444886564533865 0.13746869455798036 -0.00034971839223276217 -0.068338177260594671 -0.028487353786880588 0.033370650984600951 0.022037184500711168 0.0050630465532389207 -0.065491688669895354 0.03215796842024897 0.022492997321024857 -0.05354165067193354 -0.096839242718108814
leaf_weight=66.345276334963273 50.648369963862933 146.04715118286549 21.365548701316587 4.0773164536803952 0.71142586576752265 3.0224155560135832 1.473726768977939 0.53308881539851327 48.005560423713177 29.534546746872365 9.387478059390558 1.5945182952564199 151.28278535573918 7.2388484932016608 1.2484608621452924 10.765289572271284 5.4744159206748 1.0475765744340595 0.77850015647709359 5.6477160730864853 2.000288078095763 20.861949329264466 9.5803481300827098 4.2157074114074948 31.842256362375338 4.2740184869617215 2.5365339246345675 4.6855661280569612 5.2613170427503064 0.92919673223514099
leaf_count=6663 2564 4875 3052 58 11 25 79 13 350 243 154 37 16199 163 93 821 52 840 29 239 50 211 147 86 3518 36 41 41 173 51
internal_value=0.000326486 -0.00183183 -0.00682949 0.00177408 -0.0115565 -0.012323 -0.0284781 -0.00185592 -0.00645444 -0.00451748 0.00424663 0.00541922 0.00910649 0.00159906 0.0178505 0.000523272 -0.00306807 -0.016425 0.0041978 0.0163462 -0.0225764 0.00024009 -0.00576231 0.00045438 -0.00570382 -0.0234072 -0.021913 -0.0114889 -0.0267897 0.000567477
internal_weight=652.417 420.759 171.273 60.7332 110.539 109.828 29.2655 56.6559 80.5625 77.5401 231.658 219.223 152.877 249.487 19.2526 12.0138 56.1228 12.4353 7.89994 6.42622 11.3878 230.234 84.1869 60.7884 51.2081 19.3658 23.3985 15.0918 10.4062 5.1449
internal_count=40914 16971 6715 2687 4028 4017 3399 2629 618 593 23943 22899 16236 10256 1077 914 2616 1044 347 268 204 9179 4304 4052 3905 387 252 351 310 137
is_linear=0
shrinkage=0.05


Tree=188
num_leaves=31
num_cat=0
split_feature=14 0 4 4 4 0 0 4 11 15 4 0 0 4 8 4 8 10 2 0 14 0 4 0 8 14 4 3 4 11
split_gain=1.9972 3.11728 3.23443 2.005 4.72043 4.0215 3.37994 3.23516 2.03417 1.92667 1.86548 2.85002 4.59938 2.38982 1.85262 1.81673 1.82666 3.34336 1.7831 2.1551 1.65168 1.63758 4.09242 3.50522 2.09994 1.82636 4.8622 3.26294 4.86811 2.70418
threshold=7.5000000000000009 21.500000000000004 3.2609360772808702 3.6424896731661272 3.5944740717404366 20.500000000000004 19.500000000000004 3.882046967961911 1.0000000180025095e-35 25.037313432835823 3.6424896731661272 23.500000000000004 22.500000000000004 3.647091011626145 4.5000000000000009 3.3929372919485519 5.5000000000000009 1.0000000180025095e-35 3.5000000000000004 282.50000000000006 11.500000000000002 21.500000000000004 3.6978458230844127 22.500000000000004 7.5000000000000009 2.5000000000000004 3.7201755214643457 1.0000000180025095e-35 3.882046967961911 1.0000000180025095e-35
decision_type=2 2 2 2 2 2 2 2 2 2 2 2 2 2 2 2 2 2 2 2 2 2 2 2 2 2 2 2 2 2
left_child=10 2 -2 4 -4 6 -6 -5 -9 15 11 12 14 -12 -1 -3 18 20 -17 -20 -18 25 23 -23 -24 26 -15 -28 29 -29
right_child=1 9 3 7 5 -7 -8 8 -10 -11 13 -13 -14 21 -16 16 17 -19 19 -21 -22 22 24 -25 -26 -27 27 28 -30 -31
leaf_value=-0.00077958225697056854 0.17132087629223269 -0.052202414251267204 -0.01715650077174305 -0.032640820064908496 -0.033018148720629498 0.021730058541288656 0.20967996110077861 0.017844423166397904 -0.052241460237050598 0.053794580213658676 0.067568583838251803 0.026736037511825645 -0.050526141452397894 0.13546683002469739 -0.062333029393661414 -0.0010813807954599809 0.014180337317467602 -0.04211083162481162 0.065607554768369838 -0.080603200883712894 0.063750460148850691 -0.077615422179518098 0.0054553530532711163 -0.0082195699379708411 0.14600783773089104 0.011895747286719195 -0.19484552671519506 -0.051275370542275184 0.26610078934168196 0.11853648294375332
leaf_weight=53.138256855774671 0.23303522379137476 1.6927987399976689 10.380446398863567 21.719015855225738 0.19015759578905944 2.8830679738894105 0.5841051337774843 6.0461157427635035 1.249204210238531 1.6397784738219332 1.607662679394706 7.1960136356647117 5.4124764832667998 1.098371658008545 1.251209819340146 362.66644420658122 3.4507682054827438 1.5992371399188412 1.8029651871765957 0.29298296268098045 3.2756182092707604 2.6817281162366253 109.77396615660109 5.6605439580744132 0.26639330573379894 41.645343730284367 0.19076302647590626 0.95732465339824535 0.18312006711494166 0.31047857203520834
leaf_count=6399 26 64 975 2224 46 92 81 597 158 731 37 129 60 53 92 11585 76 36 186 44 50 44 12735 92 11 4116 1 114 36 24
internal_value=0.000309959 -0.00174616 -0.0144535 -0.015459 5.36829e-05 0.0489006 0.150074 -0.0229644 0.00584336 -0.000284933 0.00403971 -0.00299257 -0.00656983 0.006906 -0.0021956 -0.000521547 -0.000287058 0.0228704 -0.000815621 0.0451694 0.03832 0.00630683 0.00323595 -0.0305277 0.00579561 0.0144973 0.0540382 -0.000441659 0.025118 -0.00968931
internal_weight=651.079 419.706 43.2851 43.0521 14.0378 3.65733 0.774263 29.0143 7.29532 376.421 231.374 66.998 59.8019 164.376 54.3895 374.781 373.088 8.32562 364.762 2.09595 6.72639 162.768 118.383 8.34227 110.04 44.3854 2.74006 1.64169 1.45092 1.2678
internal_count=40914 16971 4199 4173 1194 219 127 2979 755 12772 23943 6680 6551 17263 6491 12041 11977 162 11815 230 126 17226 12882 136 12746 4344 228 175 174 138
is_linear=0
shrinkage=0.05


Tree=189
num_leaves=31
num_cat=0
split_feature=15 3 15 4 0 10 4 8 11 5 0 9 9 5 0 4 4 4 8 4 15 11 11 4 9 0 4 0 15 4
split_gain=1.73442 1.48343 1.46641 1.12541 2.267 1.77041 1.69165 3.16656 2.09927 2.2408 3.59798 5.34937 1.86679 2.81714 1.79494 1.64755 3.46743 2.97632 2.75824 2.45445 2.52867 4.90828 2.61109 2.35897 2.21935 3.3602 3.76441 3.02545 2.60642 2.60263
threshold=23.845060412224594 1.0000000180025095e-35 37.573529411764717 3.8936885934434464 34.500000000000007 1.0000000180025095e-35 3.9183748958782059 3.5000000000000004 2.5000000000000004 6.5000000000000009 33.500000000000007 5.5000000000000009 3.5000000000000004 3.5000000000000004 26.500000000000004 3.788832339775448 3.7877426501774436 3.8136606896881857 5.5000000000000009 3.8273472064897107 4.3167701863354049 1.0000000180025095e-35 3.5000000000000004 3.8210577281331055 1.0000000180025095e-35 30.500000000000004 3.7350938664410984 28.500000000000004 14.218667950288816 3.7295856422037628
decision_type=2 2 2 2 2 2 2 2 2 2 2 2 2 2 2 2 2 2 2 2 2 2 2 2 2 2 2 2 2 2
left_child=3 2 -2 4 15 -6 7 8 9 10 12 -12 13 -5 -9 16 24 -17 19 23 21 -21 -22 -19 25 26 28 -28 29 -1
right_child=1 -3 -4 6 5 -7 -8 14 -10 -11 11 -13 -14 -15 -16 17 -18 18 -20 20 22 -23 -24 -25 -26 -27 27 -29 -30 -31
leaf_value=-0.011560914077415921 0.050948321980822379 0.040487734357804728 -0.07437194406221212 0.026041609266909811 0.013275158348608771 0.073189238446665666 0.0012615993166474402 0.14439537149762718 0.075075362866471054 0.076887975487171439 -0.00092701302806343566 -0.14416195297438866 0.060846696682497606 -0.016382975182571868 0.044516469870824721 -0.024546798483048565 0.04162152125426976 -0.017530809204948265 0.064155830167515943 -0.0077931105189894649 -0.051449841699209221 0.069605353750284635 0.026200837934801748 0.025675565728741575 0.0020807905734261749 0.058156366068001841 -0.040770055175298567 0.11578555454084212 0.028130353079844073 0.030339331704835711
leaf_weight=48.56738859222969 0.37513257062528271 4.4975925241888026 0.61794529730104841 7.9623440091964017 7.1963721198262629 1.4879067275323903 243.54886727266421 0.60286631342023556 1.1460043494589616 1.0481626939726982 1.9195234257495024 0.98702619527466584 1.6671836238238018 7.6943609595182352 1.771932949661277 20.543420195579529 4.889599011221434 4.4045730902580535 1.4820817001163948 66.123836687998846 5.7390789683558969 2.1138321680482468 1.3343092531431464 11.172373604262246 178.69825223961379 1.849493883550166 11.074304427835155 0.31744398456066925 5.3946214243769637 4.0122880078852168
leaf_count=10791 203 1533 32 322 160 64 18565 28 26 28 48 29 33 184 56 535 220 206 29 2470 495 48 26 733 1894 27 1508 18 153 450
internal_value=0.000292648 0.0282756 -0.0270325 5.43456e-05 -0.00170947 0.0235404 0.00252838 0.0149692 0.0091549 0.00560462 0.00191134 -0.0495677 0.0105483 0.00519239 0.0698717 -0.0023058 -7.78608e-05 -0.00733341 -0.00350509 -0.00460842 -0.00834527 -0.0053955 -0.036802 0.0134584 -0.000893715 -0.00835752 -0.010131 -0.0364075 -0.00496773 -0.00836356
internal_weight=650.24 5.49067 0.993078 644.749 376.401 8.68428 268.348 24.7994 22.4246 21.2786 20.2304 2.90655 17.3239 15.6567 2.3748 367.717 254.803 112.914 92.3701 90.888 75.3111 68.2377 7.07339 15.5769 249.914 71.2155 69.366 11.3917 57.9743 52.5797
internal_count=40914 1768 235 39146 19827 224 19319 754 670 644 616 77 539 506 84 19603 15061 4542 4007 3978 3039 2518 521 939 14841 12947 12920 1526 11394 11241
is_linear=0
shrinkage=0.05


Tree=190
num_leaves=31
num_cat=0
split_feature=0 4 4 4 9 9 14 15 9 15 15 4 0 9 4 4 2 14 5 14 4 4 14 0 4 4 9 0 4 4
split_gain=1.6041 3.54563 2.48161 2.51975 2.82475 6.8676 2.6509 2.50674 2.09841 2.0944 6.41248 2.44679 3.35314 4.65422 1.87729 1.84244 1.83697 1.82724 2.75191 2.95305 2.54488 3.3701 2.07875 1.99981 3.32593 2.09732 1.87283 1.83228 1.77287 2.10901
threshold=34.500000000000007 3.8843921912357744 4.0931444323516901 4.0667306435901676 9.5000000000000018 13.500000000000002 29.500000000000004 2.3532668881506096 10.500000000000002 2.7973395931142417 4.8980407836865263 3.9484068639697156 40.500000000000007 9.5000000000000018 3.0974752156239549 3.647091011626145 1.5000000000000002 4.5000000000000009 7.5000000000000009 16.500000000000004 4.1416836558131678 4.1867336549731773 6.5000000000000009 52.500000000000007 4.3612728927968138 4.1019328673273643 22.500000000000004 57.500000000000007 4.387707812901728 4.3976100813912016
decision_type=2 2 2 2 2 2 2 2 2 2 2 2 2 2 2 2 2 2 2 2 2 2 2 2 2 2 2 2 2 2
left_child=14 8 3 6 7 -6 9 16 15 11 -11 12 13 -3 -1 -2 -5 27 19 -19 -21 -22 -20 24 26 -25 -24 -4 -27 -30
right_child=1 2 17 4 5 -7 -8 -9 -10 10 -12 -13 -14 -15 -16 -17 -18 18 22 20 21 -23 23 25 -26 28 -28 -29 29 -31
leaf_value=0.067462042921684909 -0.023734896704712335 -0.010507298471628103 -0.024684881297104395 -0.040126435537293011 -0.17378309556087113 0.0066135038497002864 -0.073890195621520841 -0.077465219763355797 -0.0056515456027057091 -0.14495756126527179 0.032402059620467327 0.012563219281885876 0.052056023487137996 -0.115615535265361 -0.0019170708587833826 0.065351577396673022 0.054409693957213429 0.037945345885911648 0.050536595461956074 0.045822872033722546 -0.051048959071411507 0.018186024938430953 0.038774353909326126 -0.14345020643628045 -0.095789302471101151 0.051681816660573615 -0.060354001213375558 0.051297441143401838 -0.15691679567061656 0.00015643407563640621
leaf_weight=0.97670737229054694 0.66048712993506242 3.7702882037265324 5.5843886964430558 0.80974918231368054 1.0588699810905384 1.0514761586673556 1.2253004778176535 0.94304786779684935 1.9718611968564799 0.9283625148236746 1.1298980352003125 22.036353981762659 1.224158060387708 1.4614562266506252 564.13589548756136 4.7851180117577314 1.4062717588967641 15.302815530973023 1.4806429877644394 2.516114376485346 3.1718078198609874 3.9422034499293659 1.2297984801989503 0.23530879290774454 1.6288972224283496 1.7440133484196847 0.77785456855781365 0.92482643476978399 0.22410387446871016 4.6052402201021323
leaf_count=140 17 120 468 7 35 49 9 48 54 24 101 925 101 39 29047 134 176 4727 1603 57 45 316 142 4 38 188 13 935 7 1433
internal_value=-0.000820139 0.00546613 0.00241502 -0.00708865 -0.0391107 -0.0839008 -0.0017784 -0.00918972 0.0385434 0.00111381 -0.0475946 0.00463248 -0.022438 -0.0398686 -0.00179716 0.0545464 0.0198655 0.0105331 0.0148461 0.0242948 0.0026034 -0.0126826 -0.00490806 -0.0127675 -0.0427034 0.0032214 0.000367596 -0.0138893 0.00847186 -0.00713249
internal_weight=652.943 87.8307 80.4132 37.0452 5.26941 2.11035 31.7758 3.15907 7.41747 30.5505 2.05826 28.4923 6.4559 5.23174 565.113 5.44561 2.21602 43.368 36.8588 24.9329 9.63013 7.11401 11.9259 10.4452 3.63655 6.80867 2.00765 6.50922 6.57336 4.82934
internal_count=41002 11815 11610 1634 315 84 1319 231 205 1310 125 1185 260 159 29187 151 183 9976 8573 5145 418 361 3428 1825 193 1632 155 1403 1628 1440
is_linear=0
shrinkage=0.05


Tree=191
num_leaves=31
num_cat=0
split_feature=0 4 4 4 14 9 9 15 9 15 15 4 0 9 4 14 14 5 14 14 4 0 4 8 9 0 5 4 11 8
split_gain=1.46861 3.26669 2.2581 2.21775 2.35529 2.29219 5.22476 2.2189 1.978 1.84817 5.34177 2.18939 3.01777 3.63329 1.7391 1.73611 1.6761 2.65497 3.82453 2.52025 2.32832 1.68817 1.67317 2.06807 6.37446 1.64696 2.17011 1.67468 2.9156 1.58032
threshold=34.500000000000007 3.8843921912357744 4.0931444323516901 4.0667306435901676 29.500000000000004 9.5000000000000018 13.500000000000002 2.3532668881506096 10.500000000000002 2.7973395931142417 4.8980407836865263 3.9484068639697156 40.500000000000007 9.5000000000000018 3.647091011626145 23.500000000000004 4.5000000000000009 6.5000000000000009 16.500000000000004 6.5000000000000009 4.1019328673273643 57.500000000000007 3.0974752156239549 2.5000000000000004 1.0000000180025095e-35 53.500000000000007 5.5000000000000009 4.2803677798819155 1.0000000180025095e-35 2.5000000000000004
decision_type=2 2 2 2 2 2 2 2 2 2 2 2 2 2 2 2 2 2 2 2 2 2 2 2 2 2 2 2 2 2
left_child=22 8 3 4 9 7 -7 15 14 11 -11 12 13 -3 -2 -5 21 18 -18 -19 -20 25 23 24 -1 26 -4 -28 -29 -22
right_child=1 2 16 5 -6 6 -8 -9 -10 10 -12 -13 -14 -15 -16 -17 17 19 20 -21 29 -23 -24 -25 -26 -27 27 28 -30 -31
leaf_value=-0.050095277613772332 -0.022388747921054053 -0.0099663420622026436 -0.059060695267986164 0.054302827031269311 -0.069091976751667658 -0.14701837129726808 0.0063195635346482079 -0.071708233012491893 -0.00535077633790696 -0.12819678819675562 0.031475377065765558 0.012007939754106802 0.051957745391264666 -0.099777102157631969 0.064064352358868593 -0.038347132900913086 0.050943166858397171 0.050374409869940351 0.096667027353037283 -0.0061282107792591349 -0.056921707745438255 0.051237562126677398 -0.0018219057150160268 0.027953669143610516 0.53132108441439185 -0.075709009906151425 0.044073368429563761 -0.11071726508770841 0.050546150435594142 0.0064927398701902341
leaf_weight=0.10486001905519415 0.66506851464509864 3.7760356175713339 1.4698904683173157 1.3441662614932282 1.2443593670614053 1.1853623533388602 1.0455198055133221 0.96716707304585714 1.9783928973483851 0.99535947816912029 1.1056331824511287 21.906019853486214 1.1666021907585671 1.6046751369722185 4.6408996297977865 0.8105048183351754 9.0385353793681151 2.2530815421341712 0.64230204885825415 15.906945595052091 1.1366743883118013 0.88072429788007855 563.92821695082239 0.79856808338081464 0.085646254941821098 1.1806121877161784 1.8720830209203998 0.58280229370575376 0.53996391632244922 7.2406748558278196
leaf_count=113 17 120 118 175 9 35 49 48 54 24 101 925 101 39 134 8 3222 2265 9 2735 13 935 29047 24 3 29 98 41 182 329
internal_value=-0.000775803 0.00526439 0.00234192 -0.00667444 -0.00166233 -0.0364497 -0.0751554 -0.00879045 0.0373183 0.00108382 -0.0441704 0.00442539 -0.0209443 -0.0367504 0.053228 0.0194515 0.0101785 0.0143814 0.0279569 0.000881967 0.00492256 -0.0131463 -0.00170795 0.0632668 0.211293 -0.0231907 -0.00930333 0.0151179 -0.033162 -0.0021116
internal_weight=652.097 87.1801 79.8957 37.1514 31.7987 5.35272 2.23088 3.12184 7.28436 30.5543 2.10099 28.4533 6.54731 5.38071 5.30597 2.15467 42.7443 36.2182 18.0582 18.16 9.01965 6.52608 564.917 0.989074 0.190506 5.64535 4.46474 2.99485 1.12277 8.37735
internal_count=41002 11815 11610 1634 1319 315 84 231 205 1310 125 1185 260 159 151 183 9976 8573 3573 5000 351 1403 29187 140 116 468 439 321 223 342
is_linear=0
shrinkage=0.05


Tree=192
num_leaves=31
num_cat=0
split_feature=14 0 6 0 9 4 4 0 14 4 4 4 14 14 14 15 15 4 0 14 14 15 3 4 9 0 0 4 4 0
split_gain=1.40894 3.1009 2.74224 4.85003 4.21328 4.48738 3.59792 2.72847 4.48528 2.82511 3.61305 2.93715 2.66203 3.28316 2.59842 4.18515 4.92893 2.49285 3.13933 2.78757 2.43137 2.19589 2.1671 2.16371 2.35265 2.11438 3.38554 1.91196 3.792 3.43094
threshold=9.5000000000000018 22.500000000000004 1.0000000180025095e-35 29.500000000000004 1.5000000000000002 3.6758507507459965 3.7502323533268509 49.500000000000007 10.500000000000002 3.9394709940012875 3.9946803684089089 4.0167113863760386 12.500000000000002 15.500000000000002 12.500000000000002 9.0109422727448507 9.3969872975397859 3.784276103688025 35.500000000000007 26.500000000000004 16.500000000000004 4.5628036086051358 1.0000000180025095e-35 4.0889401542022119 16.500000000000004 31.500000000000004 33.500000000000007 3.7622890633926835 3.8273472064897107 28.500000000000004
decision_type=2 2 2 2 2 2 2 2 2 2 2 2 2 2 2 2 2 2 2 2 2 2 2 2 2 2 2 2 2 2
left_child=27 22 -3 6 5 -5 -4 8 -6 -10 -11 -12 23 -14 15 -7 -17 -16 20 -20 25 -9 -2 -13 -25 -19 -27 29 -29 -1
right_child=1 2 3 4 7 14 -8 21 9 10 11 12 13 -15 17 16 -18 18 19 -21 -22 -23 -24 24 -26 26 -28 28 -30 -31
leaf_value=-0.0035997424878993797 0.028218980229003141 0.00085892264128746814 0.017703800479249038 -0.072586472412538017 0.022375007202407749 0.052020771373137709 -0.036804458697237717 0.038214482897322787 0.0017681468005111235 -0.14714681249223874 0.056176208217138035 -0.15343154550342292 0.023203354725100468 -0.076186035420517911 0.060645016250706708 -0.085206664651151884 0.060125122027313661 -0.021443698171649123 0.027191548719868154 -0.075686961227430932 -0.050504125089264162 -0.033231070297860717 -0.034836428345164518 0.051318729467568824 -0.11954930614127079 -0.00055458073646383842 0.086397791252215361 0.018773914063368272 0.0011290873186957694 0.03727040684775889
leaf_weight=161.56761291745352 1.5498186126351345 216.45043372406508 3.5519929751753834 1.7557388264685858 2.4943473907769684 6.9254220086149854 20.497257477953099 2.6364857582957475 1.8505198140628616 1.1887317870277909 0.5705562502844258 1.1562450288329271 1.3799519629101271 2.0883712526410818 1.7426448166370381 1.3989925562636929 1.0007304862665476 8.8682124614715665 10.362329060008047 0.70311806973768476 3.4767327811568967 1.8164357836649285 11.281196889933197 0.34842692711390544 0.47758593683829531 6.7160706659196858 1.3433651580417061 39.650529308535624 131.20986959738366 5.3035675561986855
leaf_count=11468 23 5545 29 11 71 834 165 142 61 19 14 18 64 35 10 15 438 53 731 57 24 515 1604 53 4 68 69 2078 16632 152
internal_value=-0.000734982 -0.00314811 -0.00212129 -0.00976878 -0.00219719 0.00574815 -0.0287538 -0.024182 -0.0369967 -0.0533419 -0.0674867 -0.0517597 -0.0630582 -0.0366417 0.0089814 0.0323031 -0.0246005 0.00243331 -0.000790171 0.0206545 -0.0124198 0.00907041 -0.0272202 -0.109279 -0.0474741 -0.00459769 0.0139388 0.00150595 0.00522381 -0.00230079
internal_weight=651.363 313.632 300.801 84.3503 60.301 44.2934 24.0493 16.0077 11.5547 9.06039 7.20987 6.02114 5.45058 3.46832 42.5376 9.32515 2.39972 33.2125 31.4698 11.0654 20.4044 4.45292 12.831 1.98226 0.826013 16.9276 8.05944 337.732 170.86 166.871
internal_count=41002 10672 9045 3500 3306 2310 194 996 339 268 207 188 174 99 2299 1287 453 1012 1002 788 214 657 1627 75 57 190 137 30330 18710 11620
is_linear=0
shrinkage=0.05


Tree=193
num_leaves=31
num_cat=0
split_feature=0 4 4 4 8 4 5 14 15 15 0 4 14 2 0 0 14 4 0 0 2 14 4 4 4 4 4 5 4 2
split_gain=1.29948 2.9372 2.01416 2.30401 2.18434 2.29559 2.07227 2.05066 1.60932 4.43142 2.00775 3.03382 3.59373 2.44397 1.81415 1.93123 1.60472 4.01099 2.56158 1.7069 1.44171 1.45035 3.81196 1.75709 1.42542 1.42884 2.20833 3.20612 2.51654 5.04608
threshold=34.500000000000007 3.8843921912357744 4.0889401542022119 4.0667306435901676 5.5000000000000009 4.1479698406581758 3.5000000000000004 29.500000000000004 2.7973395931142417 4.8980407836865263 38.500000000000007 3.943465189601647 17.500000000000004 2.5000000000000004 37.500000000000007 36.500000000000007 19.500000000000004 3.7952067930466749 32.500000000000007 33.500000000000007 3.5000000000000004 18.500000000000004 3.8455070432369087 4.1062197917419176 3.0974752156239549 4.2498354775033391 4.0889401542022119 5.5000000000000009 4.0931444323516901 1.5000000000000002
decision_type=2 2 2 2 2 2 2 2 2 2 2 2 2 2 2 2 2 2 2 2 2 2 2 2 2 2 2 2 2 2
left_child=16 -2 3 7 5 6 -4 8 10 -10 11 14 13 -13 15 -3 20 -18 -19 -20 21 24 -23 -24 -1 26 -26 28 29 -28
right_child=1 2 4 -5 -6 -7 -8 -9 9 -11 -12 12 -14 -15 -16 -17 17 18 19 -21 -22 22 23 -25 25 -27 27 -29 -30 -31
leaf_value=0.057037422166584334 0.035803793272367095 -0.044100426157447824 0.15113073013328746 -0.038695649252207823 -0.054330969180556903 0.0058414574221713356 0.030016197256836533 -0.06384887921197753 -0.11310716243168194 0.030550872880102244 0.018637955891219159 0.050424763154601905 -0.029823126938483015 -0.014735369965824982 -0.087912170683259128 0.046159057966606389 -0.086385531868389875 -0.039689138680600769 0.042612645024930257 -0.015308963851945743 0.087562353931832204 -0.040117924252304427 0.053360077751235982 -0.0045842015211155279 -0.0010896959723065824 0.03061455558143085 -0.19217765098893635 0.045660154341853422 -0.014707793222494606 -0.017281053542035862
leaf_weight=1.034389623440801 7.1083142925053826 2.2566142469877479 0.37017829716205408 4.7864403216517521 1.2941388896724664 33.303573311102809 7.6908496159885544 1.2657633768394578 1.0641258772229769 1.083298763958737 13.082616099156438 4.4645304344594461 4.1860696547664702 2.1234910376369953 1.4742502626031635 0.80370574805419881 1.9143601935356844 3.4424166698008758 2.7766494452953339 2.3471279554069042 0.45703808404505153 2.0746119208633882 4.8042506091296673 1.7979452125728128 506.05867782403948 3.396624015789711 0.61256417073309655 2.0927412185119456 29.870708930946421 1.2621815411257558
leaf_count=140 205 60 3 268 96 9140 784 9 24 101 736 278 41 15 25 30 19 61 34 36 4 21 65 20 26431 476 13 86 1722 59
internal_value=-0.000697294 0.0050144 0.00225274 -0.00635394 0.00963519 0.0116364 0.035578 -0.00148665 0.00109813 -0.0406368 0.00425483 -0.00803683 0.0064034 0.029422 -0.0423467 -0.0203963 -0.00157194 -0.0209542 -0.00633167 0.0160796 -0.00120491 -0.00127827 0.0190028 0.0375804 -0.00160156 -0.00171321 -0.00191659 -0.014283 -0.0182346 -0.0744277
internal_weight=650.3 86.358 79.2496 36.5909 42.6587 41.3646 8.06103 31.8045 30.5387 2.14742 28.3913 15.3087 10.7741 6.58802 4.53457 3.06032 563.942 10.4806 8.56619 5.12378 553.462 553.005 8.67681 6.6022 544.328 543.293 539.897 33.8382 31.7455 1.87475
internal_count=41002 11815 11610 1587 10023 9927 787 1319 1310 125 1185 449 334 293 115 90 29187 150 131 70 29037 29033 106 85 28927 28787 28311 1880 1794 72
is_linear=0
shrinkage=0.05


Tree=194
num_leaves=31
num_cat=0
split_feature=14 0 6 0 9 4 4 9 4 14 15 15 4 0 14 5 14 4 4 0 5 7 9 10 4 14 0 14 15 4
split_gain=1.23388 2.9065 2.53994 4.33753 3.8705 4.16078 3.26804 2.55145 2.44987 2.44098 3.92361 4.42807 2.22053 2.85205 2.45521 2.50433 2.21725 2.08845 2.27725 2.2273 1.96981 2.33958 1.93286 1.70877 3.28838 4.0493 2.56605 2.48615 2.41218 3.11699
threshold=9.5000000000000018 22.500000000000004 1.0000000180025095e-35 29.500000000000004 1.5000000000000002 3.6758507507459965 3.7502323533268509 4.5000000000000009 3.9394709940012875 12.500000000000002 9.0109422727448507 9.3969872975397859 3.784276103688025 35.500000000000007 26.500000000000004 4.5000000000000009 16.500000000000004 3.9219331703790541 4.1062197917419176 31.500000000000004 10.500000000000002 1.5000000000000002 1.0000000180025095e-35 1.0000000180025095e-35 3.8936885934434464 4.5000000000000009 23.500000000000004 8.5000000000000018 9.3969872975397859 4.0114570089332817
decision_type=2 2 2 2 2 2 2 2 2 2 2 2 2 2 2 2 2 2 2 2 2 2 2 2 2 2 2 2 2 2
left_child=20 22 -3 6 5 -5 -4 8 -6 10 -7 -12 -11 16 -15 -16 17 -14 -19 -20 21 23 -2 -1 25 26 -25 -26 29 -29
right_child=1 2 3 4 7 9 -8 -9 -10 12 11 -13 13 14 15 -17 -18 18 19 -21 -22 -23 -24 24 27 -27 -28 28 -30 -31
leaf_value=5.2156606202980676e-05 -0.036459306949123922 0.00091733549346340081 0.016711877739055796 -0.070349662658101331 -0.006693151922552246 0.051566320698010273 -0.035052140760448956 -0.011165207097412965 -0.085433082394645712 0.057289113673551099 -0.079216777207599884 0.060076851828440705 -0.032448967679735895 0.026399101882401129 -0.13976847872044565 0.051335515254211719 -0.048570084615157716 0.020341915419704114 -0.06484121420927795 0.01615455145254488 0.053473519350043054 -0.10344569950828447 0.012766308255496947 0.0097606130929422819 0.020187043623140711 -0.011784954835113631 0.075930214676783334 0.15824722166435337 -0.037721797078699409 0.042521377824770119
leaf_weight=297.40257448579359 9.9559016556013358 216.23572308121948 3.5854278989136246 1.7313542319461692 1.5656588515266801 6.6294498631905281 20.383724563987926 11.805146905448053 2.6767644204082899 1.7462314963340748 1.422114380518906 0.95281290353159409 4.7378178776707598 10.13228433358017 0.45895410166122097 0.27364673314150423 3.4015862131491295 8.6717994528007676 1.8576731458306306 1.5628467735659795 1.8087348952394666 0.53373352644848537 2.4936250969767562 3.8233069313573678 10.684838776083778 17.859906229830813 2.3755219964077696 1.0279089937685055 0.41662747313966964 1.3408521504607049
leaf_count=23234 1606 5545 29 11 29 834 165 921 46 10 15 438 38 731 3 54 24 61 9 82 1159 47 21 576 3764 632 71 66 105 676
internal_value=-0.000662202 -0.00292694 -0.00194401 -0.00934545 -0.00212427 0.00560616 -0.027309 -0.0231169 -0.0563742 0.00874869 0.0318115 -0.0233326 0.00242566 -0.000655204 0.0200079 -0.0683858 -0.0117518 -0.0043103 0.00671454 -0.027834 0.00143471 0.00115413 -0.0265995 0.00132082 0.0113745 0.00029983 0.0351182 0.0311545 0.0732259 0.0927399
internal_weight=649.555 312.281 299.831 83.5953 59.6261 43.5786 23.9692 16.0476 4.24242 41.8472 9.00438 2.37493 32.8428 31.0966 10.8649 0.732601 20.2317 16.8301 12.0923 3.42052 337.274 335.465 12.4495 334.932 37.529 24.0587 6.19883 13.4702 2.78539 2.36876
internal_count=41002 10672 9045 3500 3306 2310 194 996 75 2299 1287 453 1012 1002 788 57 214 190 152 91 30330 29171 1627 29124 5890 1279 647 4611 847 742
is_linear=0
shrinkage=0.05


Tree=195
num_leaves=31
num_cat=0
split_feature=4 14 4 0 0 15 0 10 4 4 0 15 4 0 7 9 9 14 4 4 14 4 15 4 0 14 14 4 15 4
split_gain=1.65805 3.31959 3.81389 2.84995 2.62439 2.71839 2.99004 2.66484 2.4685 2.37581 3.38278 2.37374 2.22473 2.20812 2.20594 2.06903 4.49583 2.04114 1.99567 2.16389 1.92887 4.28979 1.90406 1.82386 1.77049 1.76724 1.65336 1.64778 1.49795 1.88511
threshold=4.0931444323516901 13.500000000000002 4.1479698406581758 49.500000000000007 38.500000000000007 1.7095265926358858 39.500000000000007 1.0000000180025095e-35 4.2295680751440381 4.1293760432004829 28.500000000000004 37.573529411764717 4.1416836558131678 24.500000000000004 1.0000000180025095e-35 14.500000000000002 4.5000000000000009 6.5000000000000009 4.1171236652383758 4.1479698406581758 17.500000000000004 4.1062197917419176 31.986394557823136 4.1629877792404031 35.500000000000007 6.5000000000000009 2.5000000000000004 4.1079885748647094 7.9077644606565931 4.6689222239005828
decision_type=2 2 2 2 2 2 2 2 2 2 2 2 2 2 2 2 2 2 2 2 2 2 2 2 2 2 2 2 2 2
left_child=22 4 9 15 11 6 8 18 -6 20 -11 12 13 -2 -7 16 -4 -10 25 -20 27 -22 -1 -21 -12 -8 -14 -3 -16 -30
right_child=1 2 3 -5 5 14 7 -9 17 10 24 -13 26 -15 28 -17 -18 -19 19 23 21 -23 -24 -25 -26 -27 -28 -29 29 -31
leaf_value=-0.0034972490228710532 -0.049668113285957743 -0.040917659998018101 -0.034327234719940584 0.018363886935004299 -0.026045617893022829 0.044275686545135508 -0.16836734982400792 0.054252007152619686 -0.24014958602120423 0.14206756077842289 -0.02418064334153585 -0.13344909974212893 -0.034982078250383859 0.01737851241434164 0.026652684741053763 -0.086048039379319888 0.052224142779293672 -0.064954461972600339 0.054394379565201573 -0.1024889897046881 0.10380554749757086 -0.0081629909843223859 -0.10590646472790798 -0.011127794139204132 0.063843545055128847 -0.028855048288196423 0.043403373075748999 0.0084077822100057566 -0.059509393827014083 0.050096907686943727
leaf_weight=571.77450394490734 1.4009944343706653 3.1520823487080616 13.46417463975377 3.6816129015933248 0.90090384375071397 4.7202985872863774 0.38106869062175697 1.5658850423060364 0.33439945074496791 0.77142341062426512 1.1133608972886579 0.23753102656337333 0.71061000705230881 9.946873616834635 1.8984106641146352 1.5105118255596597 1.6885465043014836 0.33063181606121361 1.1733546531759182 0.598217392573133 1.2980472841300073 2.5086860547307879 0.45424186129821364 6.2906557952519506 1.1732230843044815 0.56140263739507645 12.617909063876139 3.6581677356152795 1.6849863777752037 0.51133543781179458
leaf_count=28649 100 41 468 739 76 4690 25 847 15 30 15 8 25 647 364 31 92 27 89 29 27 51 37 464 32 35 2351 52 62 885
internal_value=-0.00263653 0.00411121 -0.00772344 -0.0214488 0.0128893 -0.000152964 -0.015502 -0.00594994 -0.0799819 0.0126964 0.0515287 0.0238573 0.0253716 0.00910101 0.0209796 -0.0302451 -0.0246824 -0.153048 -0.0164188 -0.00837088 0.00151148 0.0300168 -0.00357854 -0.0190614 0.0209837 -0.0852639 0.0392243 -0.0144222 -0.00587546 -0.0339915
internal_weight=652.114 79.8853 34.0198 20.3448 45.8655 20.9516 12.1365 10.5706 1.56594 13.675 3.05801 24.9139 24.6764 11.3479 8.81503 16.6632 15.1527 0.665031 9.0047 8.06223 10.617 3.80673 572.229 6.88887 2.28658 0.942471 13.3285 6.81025 4.09473 2.19632
internal_count=41003 12317 1578 1330 10739 7608 1607 1489 118 248 77 3131 3123 747 6001 591 560 42 642 582 171 78 28686 493 47 60 2376 93 1311 947
is_linear=0
shrinkage=0.05


Tree=196
num_leaves=31
num_cat=0
split_feature=4 4 6 14 6 14 14 5 4 4 4 4 5 14 4 14 10 14 4 14 5 4 14 14 5 5 4 4 4 14
split_gain=1.51817 3.8369 3.42732 2.07919 2.26408 1.96548 3.11362 1.82746 1.80355 5.00041 2.58317 8.77766 2.06222 1.63223 2.42001 1.71162 2.60786 2.06279 3.35027 3.22383 2.57963 2.19328 1.66388 1.68532 1.59475 1.54776 2.55081 2.98745 4.97911 2.95806
threshold=4.0273211391993682 4.0216725492034993 1.0000000180025095e-35 2.5000000000000004 1.5000000000000002 29.500000000000004 27.500000000000004 5.5000000000000009 3.7491349371179044 3.6424896731661272 3.882046967961911 3.916126946588284 4.5000000000000009 2.5000000000000004 4.1867336549731773 19.500000000000004 1.0000000180025095e-35 13.500000000000002 4.0667306435901676 17.500000000000004 4.5000000000000009 4.0797256906719221 25.500000000000004 23.500000000000004 4.5000000000000009 4.5000000000000009 3.5375986596785869 3.6758507507459965 3.6897977004747777 3.5000000000000004
decision_type=2 2 2 2 2 2 2 2 2 2 2 2 2 2 2 2 2 2 2 2 2 2 2 2 2 2 2 2 2 2
left_child=1 3 -3 4 7 6 25 8 9 -1 -10 -12 -13 14 -2 16 -15 -18 -19 20 -20 -22 23 -17 -4 -5 -27 -28 -29 -30
right_child=13 2 24 5 -6 -7 -8 -9 10 -11 11 12 -14 15 -16 22 17 18 19 -21 21 -23 -24 -25 -26 26 27 28 29 -31
leaf_value=-0.00094706958581234854 -0.052259216970396871 -0.0108142738005175 -0.11204165139819333 -0.0026775995740671165 -0.032923178035623085 -0.070679771318835058 0.10831620562556786 0.073923081813991459 -0.034744323005189801 0.085736948070978536 0.15774062210706874 -0.04455730391115352 0.029967654593070277 0.00094408834169008794 0.022436931905180483 -0.0080247595144578784 0.033750615850712741 0.048425506928047382 -0.051232538669820055 0.032542818767248988 -0.10698219925001978 0.012389668913080618 0.027889149642549051 -0.048634149418012251 -0.039110999032687409 -0.058357813053809215 0.034564265408423389 -0.17630422068750051 0.016250770841716115 -0.014697045198585793
leaf_weight=4.2239085742039668 3.1205647695460348 4.2915409707347854 1.7147784179542216 425.5587113724323 2.3397591207176438 1.0965124685317267 0.61998333781957526 1.4169363444671024 3.3956485773669538 2.7447434264468029 0.95602291164686892 2.1175337712047622 1.6528016552329066 79.723927982558962 1.6617462311114648 9.1136082918383163 12.516044088930359 3.773665395332503 4.0450323196127993 3.9635869946796438 0.41988580813631404 4.6043683600437362 2.1793975512264288 3.5500805078190742 1.3316810066462492 2.7032215874642125 3.7460403874283648 0.45444708003196765 9.0347330888034758 53.109797924786108
leaf_count=539 105 361 36 21177 34 7 7 21 161 148 46 73 17 8621 683 307 4267 72 67 141 8 548 134 64 35 31 86 33 1795 1379
internal_value=-0.00250626 -0.00370431 -0.0396048 -0.00319295 0.0131074 -0.00381194 -0.00366388 0.0196318 0.0145341 0.0331952 -0.00147708 0.0224237 -0.0118878 0.00235876 -0.026304 0.00346518 0.00563345 0.0183831 0.00693879 -0.00507368 -0.0215134 0.00241355 -0.0124643 -0.019409 -0.0801619 -0.00380425 -0.010748 -0.00880816 -0.0114036 -0.0101978
internal_weight=651.181 522.509 7.338 515.171 18.8474 496.323 495.227 16.5076 15.0907 6.96865 8.12201 4.72636 3.77034 128.672 4.78231 123.89 109.047 29.3226 16.8065 13.0329 9.06929 5.02425 14.8431 12.6637 3.04646 494.607 69.0482 66.345 62.599 62.1445
internal_count=41003 25986 432 25554 1039 24515 24508 1005 984 687 297 136 90 15017 788 14229 13724 5103 836 764 623 556 505 371 71 24501 3324 3293 3207 3174
is_linear=0
shrinkage=0.05


Tree=197
num_leaves=31
num_cat=0
split_feature=4 14 4 5 14 4 4 13 5 0 4 9 4 4 0 9 9 15 14 4 15 15 0 4 0 14 4 15 15 4
split_gain=1.40337 2.89173 3.49623 2.72864 4.50321 2.68219 2.55618 2.42294 2.35116 2.48958 2.34601 2.16968 2.4649 2.10536 2.59401 1.76306 1.93888 1.76913 1.69508 4.43412 1.66044 1.65864 1.65406 1.53278 4.29721 5.70373 2.17691 1.94612 2.33364 1.79009
threshold=4.0931444323516901 13.500000000000002 4.1479698406581758 6.5000000000000009 2.5000000000000004 4.1867336549731773 4.1171236652383758 1.0000000180025095e-35 3.5000000000000004 27.500000000000004 4.1986560016835091 3.5000000000000004 4.5402464951450519 4.1293760432004829 28.500000000000004 7.5000000000000009 8.5000000000000018 1.7095265926358858 18.500000000000004 4.1062197917419176 31.986394557823136 37.573529411764717 35.500000000000007 4.1416836558131678 24.500000000000004 11.500000000000002 4.182171324392594 3.4785238959467635 9.3969872975397859 4.157882020054954
decision_type=2 2 2 2 2 2 2 2 2 2 2 2 2 2 2 2 2 2 2 2 2 2 2 2 2 2 2 2 2 2
left_child=20 3 13 4 -2 -4 7 -5 9 -6 -7 12 -12 18 -15 -8 -17 -18 -3 -20 -1 23 -16 27 25 26 -25 -10 -29 -26
right_child=1 2 5 6 8 10 15 -9 21 -11 11 -13 -14 14 22 16 17 -19 19 -21 -22 -23 -24 24 29 -27 -28 28 -30 -31
leaf_value=-0.003167295975772649 -0.063958402973446085 -0.012129887709821915 -0.042328711841831297 -0.13289932885267133 -0.043018952895048833 0.054295278014300591 0.040682547333870202 0.051333465834120066 0.030570671617456746 0.084568603572720447 -0.046665857099524588 0.013708097110547678 0.038208352750601464 0.123555647661584 -0.023275148867632919 -0.064168513008304978 -0.017219507643260541 0.022050962062068712 0.10742678668134616 -0.010929788472515301 -0.097733517749404156 -0.082404963397746223 0.062840128332805334 0.024535126674565991 0.077015663807143378 0.35330553820074151 0.22549367487576394 -0.053403837216156137 0.04165449510851351 0.027179171341569261
leaf_weight=571.43060004743165 1.4676039290498035 7.1633405397878942 8.2508705948712322 0.68501300417119892 2.0913682626560361 1.4527224851190101 2.3295496744976836 0.24133821850409731 7.6680775607528684 0.46787633001804341 5.1381364274129719 4.3099314370774664 1.0263016101962419 0.84172837994992677 1.0957894352613951 1.3127410339948244 6.5685804631211777 5.090514070368954 1.2158938394859435 2.2663342603482306 0.46456354990368609 0.32031905191251908 1.1353486950974909 0.54692524648271401 2.1558136232488314 0.24443792179226875 0.1788247000076808 1.7488974465522917 1.0234902357624376 10.974343696885624
leaf_count=28649 51 107 128 69 125 32 1585 18 568 2 392 425 353 30 15 56 389 3033 20 44 37 124 32 406 218 4 5 122 144 3820
internal_value=-0.00238117 0.00386491 -0.00717051 0.0121561 0.0213722 -0.0204111 -0.00425017 -0.084902 0.0259393 -0.0196936 -0.005249 -0.0135074 -0.0325354 0.0123046 0.0487626 0.000632517 -0.00655988 -7.35039e-05 0.00178088 0.0303969 -0.00324411 0.0306368 0.0205459 0.0321123 0.0428648 0.144409 0.0740513 0.0175905 -0.0183109 0.0353617
internal_weight=650.907 79.0121 33.8964 45.1157 28.888 20.178 16.2277 0.926351 27.4204 2.55924 11.9271 10.4744 6.16444 13.7184 3.07287 15.3014 12.9718 11.6591 10.6456 3.48223 571.895 24.8611 2.23114 24.5408 14.1003 0.970188 0.72575 10.4405 2.77239 13.1302
internal_count=41003 12317 1578 10739 5589 1330 5150 87 5538 127 1202 1170 745 248 77 5063 3478 3422 171 64 28686 5411 47 5287 4453 415 411 834 266 4038
is_linear=0
shrinkage=0.05


Tree=198
num_leaves=31
num_cat=0
split_feature=4 4 6 0 0 14 9 0 8 14 9 0 15 0 9 4 14 14 4 14 4 14 0 14 0 15 14 4 9 15
split_gain=1.26849 3.39869 2.89587 2.36078 1.90926 2.76048 2.00973 4.67756 3.6394 3.00847 8.1236 3.43584 2.64025 2.37642 2.70137 4.8569 2.08774 4.27484 2.04611 1.91896 1.90312 1.8756 1.62308 1.5109 5.3996 3.51561 3.35893 3.91613 3.60424 3.2745
threshold=4.0273211391993682 4.0216725492034993 1.0000000180025095e-35 25.500000000000004 35.500000000000007 29.500000000000004 3.5000000000000004 20.500000000000004 3.5000000000000004 8.5000000000000018 6.5000000000000009 24.500000000000004 18.075692600912127 31.500000000000004 5.5000000000000009 3.8843921912357744 6.5000000000000009 5.5000000000000009 3.9760219219180022 27.500000000000004 3.9021748142117278 8.5000000000000018 26.500000000000004 8.5000000000000018 25.500000000000004 11.051177667926725 3.5000000000000004 3.958462069116361 2.5000000000000004 7.672684458398745
decision_type=2 2 2 2 2 2 2 2 2 2 2 2 2 2 2 2 2 2 2 2 2 2 2 2 2 2 2 2 2 2
left_child=1 4 -3 -4 6 19 23 -8 9 10 16 12 -12 14 22 -16 17 -9 -13 -6 -15 -5 -11 24 -1 -25 27 -26 29 -28
right_child=-2 2 3 21 5 -7 7 8 -10 13 11 18 -14 20 15 -17 -18 -19 -20 -21 -22 -23 -24 25 26 -27 28 -29 -30 -31
leaf_value=-0.0026854710519822584 0.002197505772156941 -0.010131739501300628 -0.13912037294024396 -0.0022542845540273666 0.012219877428922554 -0.06595827620516477 0.058746569983482794 -0.039746125298561273 0.036188958571047453 -0.0047131669210075762 0.050164381113973304 -0.010120377098207248 -0.10194066190188503 -0.063360819226508547 -0.084277187889646027 0.033101343466633348 -0.035909975175325508 -0.11813163462877004 -0.067462086674065488 0.10024569739496124 -0.0040554676449755332 -0.094728163352273076 0.046490115516676464 -0.0066445255507098441 0.016740910326687546 0.020542169430084863 0.049352288802628271 -0.048284220175786763 -0.086763367370149655 -0.009537960563856843
leaf_weight=176.11451826250413 127.91876604527351 4.2847684040898448 0.95046143792569671 1.1899625079822729 22.156891581020325 1.1131499642506231 2.1410667726304373 3.3910852782428282 3.0071492118295273 2.3680789433419687 3.2100745843490581 8.7410509682958928 0.313127394998446 2.4256084533408275 1.7490618266165259 1.776336010545492 4.386069874279201 3.5709787150844932 1.8925398145802308 0.63693511579185624 3.0584258404560387 1.0169296025997026 4.4674939475953579 226.23380721267313 9.3619862247724104 12.550961899920365 13.634707723918842 3.076286857831291 0.58856158470734854 2.8546749358065417
leaf_count=12542 15017 361 13 38 863 7 155 58 179 15 2317 222 25 30 22 26 37 31 42 7 43 20 65 7589 318 170 643 83 11 54
internal_value=-0.00226495 -0.00335795 -0.0369055 -0.0732395 -0.00287299 0.010925 -0.00354494 -0.0134353 -0.0169195 -0.0207817 -0.0314119 -0.00614733 0.0366459 -0.00367091 0.0104166 -0.0251339 -0.0629294 -0.0799516 -0.0203259 0.0146796 -0.0302864 -0.044866 0.0287515 -0.00251013 0.000631483 -0.00521554 0.0204228 0.000658617 0.0348175 0.0391571
internal_weight=650.182 522.263 7.44212 3.15735 514.821 23.907 490.914 46.4981 44.3571 41.3499 25.5049 14.1568 3.5232 15.845 10.361 3.5254 11.3481 6.96206 10.6336 22.7938 5.48403 2.20689 6.83557 444.416 205.631 238.785 29.5162 12.4383 17.0779 16.4894
internal_count=41003 25986 432 71 25554 877 24677 3267 3112 2933 2732 2606 2342 201 128 48 126 89 264 870 73 58 80 21410 13651 7759 1109 401 708 697
is_linear=0
shrinkage=0.05


Tree=199
num_leaves=31
num_cat=0
split_feature=0 15 15 5 4 14 4 4 5 8 5 14 0 4 4 4 14 4 4 0 14 4 11 4 5 4 14 5 4 0
split_gain=1.17783 1.70181 9.07631 1.2716 1.77641 1.26155 3.7441 4.12232 2.2716 3.02095 1.77866 1.41649 2.73158 2.38485 3.1189 1.83433 2.13263 3.41825 3.69201 3.35997 2.45784 4.52104 2.9707 2.30091 2.66797 2.20134 1.92124 1.99871 2.26352 2.5217
threshold=47.500000000000007 31.986394557823136 32.230727173318762 3.5000000000000004 4.0965037564256042 19.500000000000004 3.788832339775448 3.9021748142117278 5.5000000000000009 2.5000000000000004 3.5000000000000004 18.500000000000004 34.500000000000007 3.9095211952447158 3.9525612543885855 4.1079885748647094 13.500000000000002 4.1479698406581758 4.182171324392594 38.500000000000007 8.5000000000000018 4.1171236652383758 1.0000000180025095e-35 4.1923759468600208 4.5000000000000009 4.2737066026336752 2.5000000000000004 3.5000000000000004 4.1416836558131678 24.500000000000004
decision_type=2 2 2 2 2 2 2 2 2 2 2 2 2 2 2 2 2 2 2 2 2 2 2 2 2 2 2 2 2 2
left_child=1 5 -3 -2 -5 11 -7 10 9 -9 -8 15 13 -13 -15 -1 19 -18 -19 26 21 -21 23 24 -23 -22 -17 -28 -29 -30
right_child=3 2 -4 4 -6 6 7 8 -10 -11 -12 12 -14 14 -16 16 17 18 -20 20 25 22 -24 -25 -26 -27 27 28 29 -31
leaf_value=-0.0030988096379238085 -0.084873699388532287 -0.58705125456617491 -0.02218984312648516 0.052615321680706345 0.0060831287778273756 -0.083450345624647482 0.060372271995785522 -0.068719573229276285 0.033119671468413513 -0.014473009694994708 0.001242577865368053 -0.0024284142999044284 -0.02108777380586499 0.10961672731489772 0.026590220571130526 -0.034784960749680863 0.022580842496722087 -0.063083524806055821 0.0013539089924121505 -0.31029229551000248 0.052563531341278724 -0.11356085146401747 0.030915592422191114 -0.078200033982326736 0.027989749838646778 -0.025520962432925905 -0.014483964229857024 0.011924692789991137 0.12305018011068247 0.042280016562565664
leaf_weight=544.90251581426128 0.34201420843601482 0.077917262911795571 0.81468382698949426 2.3782975529902641 14.906185902567811 1.7600047541782284 2.6673841258743805 3.0762893557548585 1.9612270571524266 15.487027326016685 2.4308313461951911 3.7977853417396528 3.9272924358956507 1.5366446562111375 4.2860896559432149 1.1877564945025429 5.5532619936857364 4.0030283046653476 4.9988599233911373 0.13858165137935241 2.3818764796596956 0.43009028490632761 1.8736396970780331 2.316933132475242 1.472922377171926 1.4533404865069313 2.1591945188120034 5.9548810191336115 1.0739239054091729 9.6466096295916923
leaf_count=28489 2 1 249 230 5486 18 29 33 60 232 26 40 75 15 61 46 103 58 307 28 650 36 1184 230 114 481 72 374 415 1859
internal_value=-0.00215151 -0.00250741 -0.0714979 0.0105967 0.0124858 -0.00240974 -0.0129062 -0.00806055 -0.0180559 -0.0234627 0.0321792 -0.00193316 0.0140517 0.0283963 0.0485013 -0.00230049 0.00744318 -0.00826922 -0.0273006 0.0150437 -0.00851918 -0.0278996 -0.0214774 -0.0447397 -0.00400139 0.0229737 0.0268912 0.0307807 0.0366417 0.0503711
internal_weight=648.997 631.371 0.892601 17.6265 17.2845 630.478 27.3828 25.6228 20.5245 18.5633 5.09822 603.095 13.5478 9.62052 5.82273 589.547 44.6449 14.5552 9.00189 30.0897 10.0674 6.23217 6.09359 4.21995 1.90301 3.83522 20.0224 18.8346 16.6754 10.7205
internal_count=41003 35285 250 5718 5716 35035 398 380 325 265 55 34637 191 116 76 34446 5957 468 365 5489 2723 1592 1564 380 150 1131 2766 2720 2648 2274
is_linear=0
shrinkage=0.05


end of trees

feature_importances:
urlentropy=1062
urllength=1011
domainnamelength=981
pathlength=571
tldlength=485
percentagenumericchars=412
dotcount=329
tokencount=308
numberofdigits=221
subdomaincount=186
httpsflag=181
hyphenindomain=162
queryparamcount=58
suspiciousfileextension=32
tldpopularity=1

parameters:
[boosting: gbdt]
[objective: binary]
[metric: binary_logloss]
[tree_learner: serial]
[device_type: cpu]
[data_sample_strategy: bagging]
[data: ]
[valid: ]
[num_iterations: 200]
[learning_rate: 0.05]
[num_leaves: 31]
[num_threads: 0]
[seed: 0]
[deterministic: 0]
[force_col_wise: 0]
[force_row_wise: 0]
[histogram_pool_size: -1]
[max_depth: -1]
[min_data_in_leaf: 20]
[min_sum_hessian_in_leaf: 0.001]
[bagging_fraction: 0.8]
[pos_bagging_fraction: 1]
[neg_bagging_fraction: 1]
[bagging_freq: 5]
[bagging_seed: 3]
[bagging_by_query: 0]
[feature_fraction: 0.8]
[feature_fraction_bynode: 1]
[feature_fraction_seed: 2]
[extra_trees: 0]
[extra_seed: 6]
[early_stopping_round: 0]
[early_stopping_min_delta: 0]
[first_metric_only: 0]
[max_delta_step: 0]
[lambda_l1: 0]
[lambda_l2: 0]
[linear_lambda: 0]
[min_gain_to_split: 0]
[drop_rate: 0.1]
[max_drop: 50]
[skip_drop: 0.5]
[xgboost_dart_mode: 0]
[uniform_drop: 0]
[drop_seed: 4]
[top_rate: 0.2]
[other_rate: 0.1]
[min_data_per_group: 100]
[max_cat_threshold: 32]
[cat_l2: 10]
[cat_smooth: 10]
[max_cat_to_onehot: 4]
[top_k: 20]
[monotone_constraints: ]
[monotone_constraints_method: basic]
[monotone_penalty: 0]
[feature_contri: ]
[forcedsplits_filename: ]
[refit_decay_rate: 0.9]
[cegb_tradeoff: 1]
[cegb_penalty_split: 0]
[cegb_penalty_feature_lazy: ]
[cegb_penalty_feature_coupled: ]
[path_smooth: 0]
[interaction_constraints: ]
[verbosity: -1]
[saved_feature_importance_type: 0]
[use_quantized_grad: 0]
[num_grad_quant_bins: 4]
[quant_train_renew_leaf: 0]
[stochastic_rounding: 1]
[linear_tree: 0]
[max_bin: 255]
[max_bin_by_feature: ]
[min_data_in_bin: 3]
[bin_construct_sample_cnt: 200000]
[data_random_seed: 1]
[is_enable_sparse: 1]
[enable_bundle: 1]
[use_missing: 1]
[zero_as_missing: 0]
[feature_pre_filter: 1]
[pre_partition: 0]
[two_round: 0]
[header: 0]
[label_column: ]
[weight_column: ]
[group_column: ]
[ignore_column: ]
[categorical_feature: ]
[forcedbins_filename: ]
[precise_float_parser: 0]
[parser_config_file: ]
[objective_seed: 5]
[num_class: 1]
[is_unbalance: 0]
[scale_pos_weight: 1]
[sigmoid: 1]
[boost_from_average: 1]
[reg_sqrt: 0]
[alpha: 0.9]
[fair_c: 1]
[poisson_max_delta_step: 0.7]
[tweedie_variance_power: 1.5]
[lambdarank_truncation_level: 30]
[lambdarank_norm: 1]
[label_gain: ]
[lambdarank_position_bias_regularization: 0]
[eval_at: ]
[multi_error_top_k: 1]
[auc_mu_weights: ]
[num_machines: 1]
[local_listen_port: 12400]
[time_out: 120]
[machine_list_filename: ]
[machines: ]
[gpu_platform_id: -1]
[gpu_device_id: -1]
[gpu_device_id_list: ]
[gpu_use_dp: 0]
[num_gpu: 1]

end of parameters
